{"type":"FeatureCollection","features":[{"type":"Feature","id":99,"geometry":{"type":"Polygon","coordinates":[[[-118.5543,34.0743000000001],[-118.5554,34.08],[-118.5435,34.0796],[-118.547,34.0705],[-118.5543,34.0743000000001]]]},"properties":{"AlertID":99,"Identifier":"1891677006632034","Sent":1735698300000,"Sender":"200277_LA_City_Public_Alerts_City_of_Los_Angeles","Effective":null,"Onset":null,"Expires":1735712700000,"Headline":"Wildfire Alert: Lachman Fire","Description":null,"Instruction":"Wildfire Alert- Lachman Fire\n\nLAFD: A wildfire is burning North of Palisades Drive. Those nearby should get set for a potential evacuation. Monitor local news, LAFD social media, and lafd.org/alerts for updates. Evacuation preparation info here: lafd.org/ready-set-go\n\nLAFD: Hay un incendio forestal a North of Palisades Drive. Si estas en esta area preparese por posible evacuaciones. Escuche las noticias locales, los canales de redes sociales de LAFD y lafd.org/alerts. Para obtener recursos sobre como prepararse: lafd.org/ready-set-go","Web":"https://www.lafd.org/alerts","CMAMtext":"LAFD:Wildfire- Pacific Palisades. Get set for possible evacuation. lafd.org/alerts","CMAMlongtext":"LAFD: A wildfire is burning North of Palisades Drive. Those nearby should get set for a potential evacuation. Monitor local news, LAFD social media, and lafd.org/alerts for updates. Evacuation preparation info here: lafd.org/ready-set-go","CMAMtextSpanish":"LAFD:Incendio- Pacific Palisades. Prepararse-posible evacuaciones lafd.org/alerts","CMAMlongtextSpanish":"LAFD: Hay un incendio forestal a North of Palisades Drive. Si estas en esta area preparese por posible evacuaciones. Escuche las noticias locales, los canales de redes sociales de LAFD y lafd.org/alerts. Para obtener recursos sobre como prepararse: lafd.org/ready-set-go","SameCode":null,"Status":"Actual","MsgType":"Alert","Scope":"Public","Code":"IPAWSv1.0","Reference":null,"Language":"es-US","Category":"Geo","Event":"Fire Warning","ResponseType":null,"Urgency":"Immediate","Severity":"Extreme","Certainty":"Observed","EventCode":"SAME:FRW, SAME:FRW","SenderName":"200277,LA City Public Alerts,City of Los Angeles","Parameters":"BLOCKCHANNEL:CAPEXCH, BLOCKCHANNEL:NWEM, BLOCKCHANNEL:EAS, EAS-ORG:CIV, LAFD:Wildfire- Pacific Palisades. Get set for possible evacuation. lafd.org/alerts, LAFD: A wildfire is burning North of Palisades Drive. Those nearby should get set for a potential evacuation. Monitor local news, LAFD social media, and lafd.org/alerts for updates. Evacuation preparation info here: lafd.org/ready-set-go, WEAHandling:Imminent Threat, timezone:PST, BLOCKCHANNEL:CAPEXCH, BLOCKCHANNEL:NWEM, BLOCKCHANNEL:EAS, EAS-ORG:CIV, LAFD:Incendio- Pacific Palisades. Prepararse-posible evacuaciones lafd.org/alerts, LAFD: Hay un incendio forestal a North of Palisades Drive. Si estas en esta area preparese por posible evacuaciones. Escuche las noticias locales, los canales de redes sociales de LAFD y lafd.org/alerts. Para obtener recursos sobre como prepararse: lafd.org/ready-set-go, WEAHandling:Imminent Threat, timezone:PST","Area":null,"Signature":null,"AreaDescription":"Los Angeles","FipsCode":"006037, 006037","GeoCodes":"","Circle":null,"CreateDate":1735698360000,"Shape__Area":7.3559999691497069E-05,"Shape__Length":0.035691586508085689,"DateRange":null}},{"type":"Feature","id":100,"geometry":{"type":"Polygon","coordinates":[[[-118.595002,34.1088360000001],[-118.595664,34.1087440000001],[-118.597638,34.108885],[-118.608451,34.108936],[-118.608457001,34.1071150000001],[-118.61068,34.1071160000001],[-118.610634,34.1217040000001],[-118.612836,34.1217080000001],[-118.612831,34.123526],[-118.610633,34.123519],[-118.610609,34.1290220000001],[-118.601913,34.1290010000001],[-118.591227,34.129177],[-118.591215,34.123315],[-118.590993,34.123315],[-118.590712,34.1232180000001],[-118.590524999,34.123054],[-118.590431,34.122754],[-118.590572,34.1222990000001],[-118.591905,34.1198850000001],[-118.592013,34.119607],[-118.59201,34.1193400000001],[-118.591902,34.1190360000001],[-118.591886,34.118798],[-118.592208,34.118025],[-118.592247001,34.1176770000001],[-118.591921,34.1146640000001],[-118.591861,34.11443],[-118.591561,34.1140360000001],[-118.590652,34.1134200000001],[-118.590554,34.113236],[-118.590536,34.113027],[-118.590568,34.1129080000001],[-118.590742,34.112666],[-118.591609,34.1118510000001],[-118.591886,34.1114170000001],[-118.592105,34.110937],[-118.592136,34.1106380000001],[-118.59202,34.1099110000001],[-118.592175,34.10911],[-118.59217,34.108686],[-118.592151,34.1085130000001],[-118.592056999,34.1083],[-118.592656,34.1081780000001],[-118.592648,34.1078860000001],[-118.592957,34.107961],[-118.59342,34.107871],[-118.593766,34.1082480000001],[-118.594128001,34.1083620000001],[-118.594099,34.1084290000001],[-118.594465,34.1085440000001],[-118.594521,34.108419],[-118.594676,34.1084720000001],[-118.595039,34.108478],[-118.595002,34.1088360000001]]]},"properties":{"AlertID":100,"Identifier":"test-lac-949858-1736276341840","Sent":1736247540000,"Sender":"bcummings@ceooem.lacounty.gov","Effective":"2025-01-07T19:59:01+01:00","Onset":null,"Expires":1736333940000,"Headline":"Alert from AlertLACounty","Description":"LA County Fire Emergency Message: Fast moving wildfire in your area. BE AWARE of your surroundings and MONITOR the situation closely. Follow all instructions from first responders in the field. More information will be posted on alertla.org when available. ","Instruction":"LA County Fire Emergency Message: Fast moving wildfire in your area. BE AWARE of your surroundings and MONITOR the situation closely. Follow all instructions from first responders in the field. More information will be posted on alertla.org when available. ","Web":null,"CMAMtext":"LACoFD: Fast moving wildfire. BE AWARE and MONITOR. More on alertla.org. ","CMAMlongtext":"LA County Fire Emergency Message: Fast moving wildfire in your area. BE AWARE of your surroundings and MONITOR the situation closely. Follow all instructions from first responders in the field. More information will be posted on alertla.org when available. ","CMAMtextSpanish":"LACoFD: Vida silvestre en rapido movimiento. TENGA CUENTA y SUPERVISE. Mas en alertla.org.","CMAMlongtextSpanish":"Mensaje de emergencia de incendios del condado de Los Angeles: Incendio forestal de rapido avance en el area. TENGA EN CUENTA su entorno y MONITOREE la situacion de cerca. Siga todas las instrucciones de los socorristas en el campo. Se publicara mas informacion en alertla.org cuando este disponible.","SameCode":null,"Status":"Actual","MsgType":"Alert","Scope":"Public","Code":"IPAWSv1.0","Reference":null,"Language":"es-US","Category":"Fire","Event":"Local Area Emergency","ResponseType":"Monitor","Urgency":"Expected","Severity":"Severe","Certainty":"Observed","EventCode":"SAME:LAE, SAME:LAE","SenderName":"Public Alert System","Parameters":"LACoFD: Fast moving wildfire. BE AWARE and MONITOR. More on alertla.org. , LA County Fire Emergency Message: Fast moving wildfire in your area. BE AWARE of your surroundings and MONITOR the situation closely. Follow all instructions from first responders in the field. More information will be posted on alertla.org when available. , EAS-ORG:CIV, timezone:EST, WEAHandling:Public Safety, BLOCKCHANNEL:EAS, BLOCKCHANNEL:NWEM, LACoFD: Vida silvestre en rapido movimiento. TENGA CUENTA y SUPERVISE. Mas en alertla.org., Mensaje de emergencia de incendios del condado de Los Angeles: Incendio forestal de rapido avance en el area. TENGA EN CUENTA su entorno y MONITOREE la situacion de cerca. Siga todas las instrucciones de los socorristas en el campo. Se publicara mas informacion en alertla.org cuando este disponible., EAS-ORG:CIV, timezone:EST, WEAHandling:Public Safety, BLOCKCHANNEL:EAS, BLOCKCHANNEL:NWEM","Area":null,"Signature":null,"AreaDescription":"Los Angeles","FipsCode":"006037, 006037","GeoCodes":"","Circle":null,"CreateDate":1736247540000,"Shape__Area":0.00039559629431096255,"Shape__Length":0.090375002904601057,"DateRange":null}},{"type":"Feature","id":101,"geometry":{"type":"Polygon","coordinates":[[[-118.5784,34.0380000000001],[-118.6023,34.1004],[-118.5089,34.0975],[-118.5338,34.0336],[-118.5784,34.0380000000001]]]},"properties":{"AlertID":101,"Identifier":"1898755112770152","Sent":1736248380000,"Sender":"200277_LA_City_Public_Alerts_City_of_Los_Angeles","Effective":null,"Onset":null,"Expires":1736262780000,"Headline":"Wildfire Alert: Palisades Fire","Description":null,"Instruction":"Wildfire Alert- Palisades Fire\n\nLAFD: A wildfire is burning at Palisades Drive. Those nearby should get set for a potential evacuation. Monitor local news, LAFD social media, and lafd.org/alerts for updates. Evacuation preparation info here: lafd.org/ready-set-go\n\nLAFD: Hay un incendio forestal a Palisades Drive. Si estas en esta area preparese por posible evacuaciones. Escuche las noticias locales, los canales de redes sociales de LAFD y lafd.org/alerts. Para obtener recursos sobre como prepararse: lafd.org/ready-set-go","Web":"https://www.lafd.org/alerts","CMAMtext":"LAFD:Wildfire- Palisades Drive. Get set for possible evacuation. lafd.org/alerts","CMAMlongtext":"LAFD: A wildfire is burning at Palisades Drive. Those nearby should get set for a potential evacuation. Monitor local news, LAFD social media, and lafd.org/alerts for updates. Evacuation preparation info here: lafd.org/ready-set-go","CMAMtextSpanish":"LAFD:Incendio- Palisades Drive. Prepararse-posible evacuaciones lafd.org/alerts","CMAMlongtextSpanish":"LAFD: Hay un incendio forestal a Palisades Drive. Si estas en esta area preparese por posible evacuaciones. Escuche las noticias locales, los canales de redes sociales de LAFD y lafd.org/alerts. Para obtener recursos sobre como prepararse: lafd.org/ready-set-go","SameCode":null,"Status":"Actual","MsgType":"Alert","Scope":"Public","Code":"IPAWSv1.0","Reference":null,"Language":"es-US","Category":"Geo","Event":"Fire Warning","ResponseType":null,"Urgency":"Immediate","Severity":"Extreme","Certainty":"Observed","EventCode":"SAME:FRW, SAME:FRW","SenderName":"200277,LA City Public Alerts,City of Los Angeles","Parameters":"BLOCKCHANNEL:CAPEXCH, BLOCKCHANNEL:NWEM, BLOCKCHANNEL:EAS, EAS-ORG:CIV, LAFD:Wildfire- Palisades Drive. Get set for possible evacuation. lafd.org/alerts, LAFD: A wildfire is burning at Palisades Drive. Those nearby should get set for a potential evacuation. Monitor local news, LAFD social media, and lafd.org/alerts for updates. Evacuation preparation info here: lafd.org/ready-set-go, WEAHandling:Imminent Threat, timezone:PST, BLOCKCHANNEL:CAPEXCH, BLOCKCHANNEL:NWEM, BLOCKCHANNEL:EAS, EAS-ORG:CIV, LAFD:Incendio- Palisades Drive. Prepararse-posible evacuaciones lafd.org/alerts, LAFD: Hay un incendio forestal a Palisades Drive. Si estas en esta area preparese por posible evacuaciones. Escuche las noticias locales, los canales de redes sociales de LAFD y lafd.org/alerts. Para obtener recursos sobre como prepararse: lafd.org/ready-set-go, WEAHandling:Imminent Threat, timezone:PST","Area":null,"Signature":null,"AreaDescription":"Los Angeles","FipsCode":"006037, 006037","GeoCodes":"","Circle":null,"CreateDate":1736248380000,"Shape__Area":0.0043591749999905005,"Shape__Length":0.27366198263482822,"DateRange":null}},{"type":"Feature","id":102,"geometry":{"type":"Polygon","coordinates":[[[-118.570148999,34.0503420000001],[-118.569491,34.050345],[-118.568576,34.049519],[-118.567865,34.049311],[-118.567216,34.0499100000001],[-118.566941,34.0493710000001],[-118.566646,34.049446],[-118.566457999,34.048906],[-118.56604,34.048891],[-118.565751,34.049178],[-118.565407,34.048933],[-118.565563,34.048598],[-118.565249,34.04769],[-118.566307,34.046185],[-118.567076,34.0441260000001],[-118.567077,34.043533],[-118.56736,34.0432410000001],[-118.56745,34.042849],[-118.567055,34.0427250000001],[-118.567713,34.042287],[-118.567684,34.041588],[-118.568657,34.0417640000001],[-118.571339,34.041798],[-118.574196,34.040674],[-118.575738001,34.0393960000001],[-118.576387,34.039657],[-118.579457,34.0397810000001],[-118.580801,34.0393060000001],[-118.58216,34.0382930000001],[-118.583503,34.0378890000001],[-118.584451999,34.03794],[-118.586254,34.0430220000001],[-118.587601,34.0456060000001],[-118.636978,34.04564],[-118.636906,34.0581050000001],[-118.57025,34.058165],[-118.570148999,34.0503420000001]]]},"properties":{"AlertID":102,"Identifier":"test-lac-950074-1736278218264","Sent":1736249400000,"Sender":"jfahey@ceooem.lacounty.gov","Effective":"2025-01-07T20:30:18+01:00","Onset":null,"Expires":1736335800000,"Headline":"Wild Fire - Evacuation Warning","Description":"LA County Fire Emergency Message: Wind driven wildfire start in your area. BE AWARE of your surroundings and MONITOR the situation closely. Follow all instructions from first responders in the field. More information will be posted on alertla.org when available.","Instruction":"LA County Fire Emergency Message: Wind driven wildfire start in your area. BE AWARE of your surroundings and MONITOR the situation closely. Follow all instructions from first responders in the field. More information will be posted on alertla.org when available.","Web":null,"CMAMtext":"LACoFD: Evacuation warning for your area. Prepare to leave. More on alertla.org.","CMAMlongtext":"This is an emergency message from the Los Angeles County Fire Department.  This area is under an evacuation warning. Remain vigilant for any threats and be ready for possible hazards. \nContinue to monitor local weather, news, and the webpage alertla.org for more information.\n","CMAMtextSpanish":"LACoFD: Aviso de evacuacion para su area. Preparate para irte. Mas sobre alertla.org.","CMAMlongtextSpanish":"Este es un mensaje de emergencia del Departamento de Bomberos del Condado de Los Angeles.  Esta area esta bajo advertencia de evacuacion. Permanezca atento a cualquier amenaza y este preparado para posibles peligros. \nContinúe monitoreando el clima local, las noticias y la pagina web alertla.org para obtener mas informacion.\n","SameCode":null,"Status":"Actual","MsgType":"Alert","Scope":"Public","Code":"IPAWSv1.0","Reference":null,"Language":"es-US","Category":"Fire","Event":"Fire Warning","ResponseType":"Prepare","Urgency":"Immediate","Severity":"Extreme","Certainty":"Observed","EventCode":"SAME:FRW, SAME:FRW","SenderName":"Public Alert System","Parameters":"LACoFD: Evacuation warning for your area. Prepare to leave. More on alertla.org., This is an emergency message from the Los Angeles County Fire Department.  This area is under an evacuation warning. Remain vigilant for any threats and be ready for possible hazards. \nContinue to monitor local weather, news, and the webpage alertla.org for more information.\n, EAS-ORG:CIV, timezone:EST, WEAHandling:Imminent Threat, BLOCKCHANNEL:EAS, BLOCKCHANNEL:NWEM, LACoFD: Aviso de evacuacion para su area. Preparate para irte. Mas sobre alertla.org., Este es un mensaje de emergencia del Departamento de Bomberos del Condado de Los Angeles.  Esta area esta bajo advertencia de evacuacion. Permanezca atento a cualquier amenaza y este preparado para posibles peligros. \nContinúe monitoreando el clima local, las noticias y la pagina web alertla.org para obtener mas informacion.\n, EAS-ORG:CIV, timezone:EST, WEAHandling:Imminent Threat, BLOCKCHANNEL:EAS, BLOCKCHANNEL:NWEM","Area":null,"Signature":null,"AreaDescription":"Los Angeles","FipsCode":"006037, 006037","GeoCodes":"","Circle":null,"CreateDate":1736249400000,"Shape__Area":0.00095832119359329226,"Shape__Length":0.17753477641877577,"DateRange":null}},{"type":"Feature","id":103,"geometry":{"type":"Polygon","coordinates":[[[-118.595658,34.080132],[-118.595744,34.080388],[-118.5959,34.0806220000001],[-118.59613,34.08083],[-118.597615,34.0815880000001],[-118.598636,34.0822150000001],[-118.598848,34.0825340000001],[-118.598916,34.082722],[-118.598942,34.0829430000001],[-118.598878,34.0834390000001],[-118.598959,34.0836200000001],[-118.599183,34.0837980000001],[-118.599661,34.084054],[-118.599997,34.0843820000001],[-118.600116,34.084615],[-118.600125,34.08477],[-118.600011001,34.0851650000001],[-118.600021,34.0853290000001],[-118.619422,34.0853270000001],[-118.619418,34.0889290000001],[-118.616371,34.088938],[-118.616377,34.0904360000001],[-118.615106,34.0904400000001],[-118.615087,34.096239],[-118.606284001,34.09623],[-118.585813,34.0960470000001],[-118.595658,34.080132]]]},"properties":{"AlertID":103,"Identifier":"test-lac-950137-1736279426176","Sent":1736250600000,"Sender":"jfahey@ceooem.lacounty.gov","Effective":"2025-01-07T20:50:26+01:00","Onset":null,"Expires":1736337000000,"Headline":"Wild Fire - Evacuation Warning","Description":"LA County Fire Emergency Message: Wind driven wildfire start in your area. BE AWARE of your surroundings and MONITOR the situation closely. Follow all instructions from first responders in the field. More information will be posted on alertla.org when available.","Instruction":"LA County Fire Emergency Message: Wind driven wildfire start in your area. BE AWARE of your surroundings and MONITOR the situation closely. Follow all instructions from first responders in the field. More information will be posted on alertla.org when available.","Web":null,"CMAMtext":"LACoFD: Evacuation warning for your area. Prepare to leave. More on alertla.org.","CMAMlongtext":"This is an emergency message from the Los Angeles County Fire Department.  This area is under an evacuation warning. Remain vigilant for any threats and be ready for possible hazards. \nContinue to monitor local weather, news, and the webpage alertla.org for more information.\n","CMAMtextSpanish":"LACoFD: Aviso de evacuacion para su area. Preparate para irte. Mas sobre alertla.org.","CMAMlongtextSpanish":"Este es un mensaje de emergencia del Departamento de Bomberos del Condado de Los Angeles.  Esta area esta bajo advertencia de evacuacion. Permanezca atento a cualquier amenaza y este preparado para posibles peligros. \nContinúe monitoreando el clima local, las noticias y la pagina web alertla.org para obtener mas informacion.\n","SameCode":null,"Status":"Actual","MsgType":"Alert","Scope":"Public","Code":"IPAWSv1.0","Reference":null,"Language":"es-US","Category":"Fire","Event":"Fire Warning","ResponseType":"Prepare","Urgency":"Immediate","Severity":"Extreme","Certainty":"Observed","EventCode":"SAME:FRW, SAME:FRW","SenderName":"Public Alert System","Parameters":"LACoFD: Evacuation warning for your area. Prepare to leave. More on alertla.org., This is an emergency message from the Los Angeles County Fire Department.  This area is under an evacuation warning. Remain vigilant for any threats and be ready for possible hazards. \nContinue to monitor local weather, news, and the webpage alertla.org for more information.\n, EAS-ORG:CIV, timezone:EST, WEAHandling:Imminent Threat, BLOCKCHANNEL:EAS, BLOCKCHANNEL:NWEM, LACoFD: Aviso de evacuacion para su area. Preparate para irte. Mas sobre alertla.org., Este es un mensaje de emergencia del Departamento de Bomberos del Condado de Los Angeles.  Esta area esta bajo advertencia de evacuacion. Permanezca atento a cualquier amenaza y este preparado para posibles peligros. \nContinúe monitoreando el clima local, las noticias y la pagina web alertla.org para obtener mas informacion.\n, EAS-ORG:CIV, timezone:EST, WEAHandling:Imminent Threat, BLOCKCHANNEL:EAS, BLOCKCHANNEL:NWEM","Area":null,"Signature":null,"AreaDescription":"Los Angeles","FipsCode":"006037, 006037","GeoCodes":"","Circle":null,"CreateDate":1736250660000,"Shape__Area":0.00032195404810408945,"Shape__Length":0.090127729903709666,"DateRange":null}},{"type":"Feature","id":104,"geometry":{"type":"Polygon","coordinates":[[[-118.570148999,34.0503420000001],[-118.569491,34.050345],[-118.5693,34.0500720000001],[-118.568861,34.0498670000001],[-118.568576,34.049519],[-118.567865,34.049311],[-118.567216,34.0499100000001],[-118.566941,34.0493710000001],[-118.566646,34.049446],[-118.566457999,34.048906],[-118.56604,34.048891],[-118.565898,34.0489640000001],[-118.565812,34.049162],[-118.565751,34.049178],[-118.565488,34.049086],[-118.565407,34.048933],[-118.565563,34.048598],[-118.565469,34.048215],[-118.565249,34.04769],[-118.566307,34.046185],[-118.566522,34.0453890000001],[-118.567076,34.0441260000001],[-118.567077,34.043533],[-118.56736,34.0432410000001],[-118.56745,34.042849],[-118.567116,34.0428460000001],[-118.567055,34.0427250000001],[-118.56737,34.042516],[-118.567465,34.0423960000001],[-118.567713,34.042287],[-118.567639,34.042106],[-118.567684,34.041588],[-118.568657,34.0417640000001],[-118.569111,34.0417360000001],[-118.570244,34.041812],[-118.571339,34.041798],[-118.572117,34.0415590000001],[-118.573398,34.04107],[-118.574196,34.040674],[-118.57484,34.0402530000001],[-118.575161,34.0399420000001],[-118.57542,34.0395730000001],[-118.575738001,34.0393960000001],[-118.575956,34.039403],[-118.57604,34.0395330000001],[-118.576387,34.039657],[-118.577778,34.0397740000001],[-118.579015,34.039814],[-118.579457,34.0397810000001],[-118.580165,34.0396040000001],[-118.580801,34.0393060000001],[-118.581039,34.039142],[-118.581459,34.0387040000001],[-118.581865,34.0384270000001],[-118.58216,34.0382930000001],[-118.582639,34.038122],[-118.582869001,34.038101],[-118.583279,34.037925],[-118.583503,34.0378890000001],[-118.583847,34.037875],[-118.584451999,34.03794],[-118.586254,34.0430220000001],[-118.587601,34.0456060000001],[-118.58767,34.0456050000001],[-118.587944001,34.0581490000001],[-118.57025,34.058165],[-118.570148999,34.0503420000001]]]},"properties":{"AlertID":104,"Identifier":"test-lac-950164-1736279568953","Sent":1736250780000,"Sender":"jfahey@ceooem.lacounty.gov","Effective":"2025-01-07T20:52:48+01:00","Onset":null,"Expires":1736337180000,"Headline":"Palisades Fire - Evacuation Order","Description":"This is an emergency message from the Los Angeles County Fire Department.  Forest fire burning.  An EVACUATION ORDER has been issued for the Sunset Mesa area. LEAVE NOW.  Follow instructions from emergency personnel. Dial 9-1-1 for emergency help. More information available at alertla.org","Instruction":"This is an emergency message from the Los Angeles County Fire Department.  Forest fire burning.  An EVACUATION ORDER has been issued for the Sunset Mesa area. LEAVE NOW.  Follow instructions from emergency personnel. Dial 9-1-1 for emergency help. More information available at alertla.org\n\nEste es un mensaje de emergencia del Departamento de Bomberos del Condado de Los Angeles.  Incendio forestal ardiendo.  Se ha emitido una ORDEN DE EVACUACION para la area de Sunset Mesa. SALGA YA.  Siga instrucciones del personal de emergencia. Marque el 9-1-1 para obtener ayuda de emergencia. Mas informacion disponible en alertla.org","Web":null,"CMAMtext":"LA Co Fire: Fire EVACUATION ORDER. LEAVE NOW. Alertla.org","CMAMlongtext":"This is an emergency message from the Los Angeles County Fire Department.  Forest fire burning.  An EVACUATION ORDER has been issued for the Sunset Mesa area. LEAVE NOW.  Follow instructions from emergency personnel. Dial 9-1-1 for emergency help. More information available at alertla.org","CMAMtextSpanish":"LACoFD: Orden de evacuacion en su zona. Evacue AHORA. Mas informacion en alertla.org.","CMAMlongtextSpanish":"Este es un mensaje de emergencia del Departamento de Bomberos del Condado de Los Angeles.  Incendio forestal ardiendo.  Se ha emitido una ORDEN DE EVACUACION para la area de Sunset Mesa. SALGA YA.  Siga instrucciones del personal de emergencia. Marque el 9-1-1 para obtener ayuda de emergencia. Mas informacion disponible en alertla.org","SameCode":null,"Status":"Actual","MsgType":"Alert","Scope":"Public","Code":"IPAWSv1.0","Reference":null,"Language":"es-US","Category":"Fire","Event":"Evacuation Immediate","ResponseType":"Evacuate","Urgency":"Immediate","Severity":"Extreme","Certainty":"Observed","EventCode":"SAME:EVI, SAME:EVI","SenderName":"Public Alert System","Parameters":"LA Co Fire: Fire EVACUATION ORDER. LEAVE NOW. Alertla.org, This is an emergency message from the Los Angeles County Fire Department.  Forest fire burning.  An EVACUATION ORDER has been issued for the Sunset Mesa area. LEAVE NOW.  Follow instructions from emergency personnel. Dial 9-1-1 for emergency help. More information available at alertla.org, EAS-ORG:CIV, timezone:EST, WEAHandling:Imminent Threat, BLOCKCHANNEL:EAS, BLOCKCHANNEL:NWEM, LACoFD: Orden de evacuacion en su zona. Evacue AHORA. Mas informacion en alertla.org., Este es un mensaje de emergencia del Departamento de Bomberos del Condado de Los Angeles.  Incendio forestal ardiendo.  Se ha emitido una ORDEN DE EVACUACION para la area de Sunset Mesa. SALGA YA.  Siga instrucciones del personal de emergencia. Marque el 9-1-1 para obtener ayuda de emergencia. Mas informacion disponible en alertla.org, EAS-ORG:CIV, timezone:EST, WEAHandling:Imminent Threat, BLOCKCHANNEL:EAS, BLOCKCHANNEL:NWEM","Area":null,"Signature":null,"AreaDescription":"Los Angeles","FipsCode":"006037, 006037","GeoCodes":"","Circle":null,"CreateDate":1736250780000,"Shape__Area":0.00034379790008642885,"Shape__Length":0.079652746054133486,"DateRange":null}},{"type":"Feature","id":105,"geometry":{"type":"Polygon","coordinates":[[[-118.5703,34.062084],[-118.57025,34.058165],[-118.610701,34.0581290000001],[-118.610644,34.0672420000001],[-118.610165,34.0672430000001],[-118.610172,34.068299],[-118.609561,34.0685950000001],[-118.61053,34.0692550000001],[-118.610352,34.0695240000001],[-118.610421,34.069736],[-118.610967,34.069898],[-118.611114,34.070123],[-118.611119,34.070338],[-118.610687,34.070819],[-118.610684,34.085312],[-118.600021,34.0853290000001],[-118.600116,34.084615],[-118.599661,34.084054],[-118.598959,34.0836200000001],[-118.598916,34.082722],[-118.598636,34.0822150000001],[-118.59613,34.08083],[-118.595652,34.0800980000001],[-118.599204,34.0743370000001],[-118.570395,34.0693460000001],[-118.5703,34.062084]]]},"properties":{"AlertID":105,"Identifier":"test-lac-950185-1736280083144","Sent":1736251260000,"Sender":"jfahey@ceooem.lacounty.gov","Effective":"2025-01-07T21:01:23+01:00","Onset":null,"Expires":1736337660000,"Headline":"Wild Fire - Evacuation Warning","Description":"LA County Fire Emergency Message: Wind driven wildfire start in your area. BE AWARE of your surroundings and MONITOR the situation closely. Follow all instructions from first responders in the field. More information will be posted on alertla.org when available.","Instruction":"LA County Fire Emergency Message: Wind driven wildfire start in your area. BE AWARE of your surroundings and MONITOR the situation closely. Follow all instructions from first responders in the field. More information will be posted on alertla.org when available.","Web":null,"CMAMtext":"LACoFD: Evacuation warning for your area. Prepare to leave. More on alertla.org.","CMAMlongtext":"This is an emergency message from the Los Angeles County Fire Department.  This area is under an evacuation warning. Remain vigilant for any threats and be ready for possible hazards. \nContinue to monitor local weather, news, and the webpage alertla.org for more information.\n","CMAMtextSpanish":"LACoFD: Aviso de evacuacion para su area. Preparate para irte. Mas sobre alertla.org.","CMAMlongtextSpanish":"Este es un mensaje de emergencia del Departamento de Bomberos del Condado de Los Angeles.  Esta area esta bajo advertencia de evacuacion. Permanezca atento a cualquier amenaza y este preparado para posibles peligros. \nContinúe monitoreando el clima local, las noticias y la pagina web alertla.org para obtener mas informacion.\n","SameCode":null,"Status":"Actual","MsgType":"Alert","Scope":"Public","Code":"IPAWSv1.0","Reference":null,"Language":"es-US","Category":"Fire","Event":"Fire Warning","ResponseType":"Prepare","Urgency":"Immediate","Severity":"Extreme","Certainty":"Observed","EventCode":"SAME:FRW, SAME:FRW","SenderName":"Public Alert System","Parameters":"LACoFD: Evacuation warning for your area. Prepare to leave. More on alertla.org., This is an emergency message from the Los Angeles County Fire Department.  This area is under an evacuation warning. Remain vigilant for any threats and be ready for possible hazards. \nContinue to monitor local weather, news, and the webpage alertla.org for more information.\n, EAS-ORG:CIV, timezone:EST, WEAHandling:Imminent Threat, BLOCKCHANNEL:EAS, BLOCKCHANNEL:NWEM, LACoFD: Aviso de evacuacion para su area. Preparate para irte. Mas sobre alertla.org., Este es un mensaje de emergencia del Departamento de Bomberos del Condado de Los Angeles.  Esta area esta bajo advertencia de evacuacion. Permanezca atento a cualquier amenaza y este preparado para posibles peligros. \nContinúe monitoreando el clima local, las noticias y la pagina web alertla.org para obtener mas informacion.\n, EAS-ORG:CIV, timezone:EST, WEAHandling:Imminent Threat, BLOCKCHANNEL:EAS, BLOCKCHANNEL:NWEM","Area":null,"Signature":null,"AreaDescription":"Los Angeles","FipsCode":"006037, 006037","GeoCodes":"","Circle":null,"CreateDate":1736251320000,"Shape__Area":0.000720749516858632,"Shape__Length":0.13502367277850835,"DateRange":null}},{"type":"Feature","id":106,"geometry":{"type":"Polygon","coordinates":[[[-118.5359,34.0356],[-118.5785,34.0406],[-118.596,34.1032000000001],[-118.4958,34.1038],[-118.5359,34.0356]]]},"properties":{"AlertID":106,"Identifier":"1891642646969618","Sent":1736251620000,"Sender":"200277_LA_City_Public_Alerts_Los_Angeles_Fire_Department","Effective":null,"Onset":null,"Expires":1736266020000,"Headline":"Wildfire Evacuate Order: Palisades Fire Fire","Description":null,"Instruction":"LAFD: Evacuate now. Evacuation order for Palisades Fire Fire for Palisades Area. All in that area must evacuate now. Gather people and pets and leave immediately.  All others shelter in place. Info & map: www.lafd.org/alerts\n\nLAFD: Evacue ahora. Orden de evacuacion para el incendio Palisades Fire. Palisades Area evacuan inmediatamente. Reuna personas y mascotas y salga inmediatamente. Todos afuera del area peligrosa deben refugiarse en lugar. Informacion y mapa: www.lafd.org/alerts","Web":"https://www.lafd.org/alerts","CMAMtext":"LAFD: Evacuate now from wildfire: Palisades Area. Map: lafd.org/alerts","CMAMlongtext":"LAFD: Evacuate now. Evacuation order for Palisades Fire Fire for Palisades Area. All in that area must evacuate now. Gather people and pets and leave immediately.  All others shelter in place. Info & map: www.lafd.org/alerts","CMAMtextSpanish":"LAFD:Evacue inmediatamente. Palisades Area Incendio Mapa:lafd.org/alerts","CMAMlongtextSpanish":"LAFD: Evacue ahora. Orden de evacuacion para el incendio Palisades Fire. Palisades Area evacuan inmediatamente. Reuna personas y mascotas y salga inmediatamente. Todos afuera del area peligrosa deben refugiarse en lugar. Informacion y mapa: www.lafd.org/alerts","SameCode":null,"Status":"Actual","MsgType":"Alert","Scope":"Public","Code":"IPAWSv1.0","Reference":null,"Language":"es-US","Category":"Geo","Event":"Fire Warning","ResponseType":null,"Urgency":"Immediate","Severity":"Extreme","Certainty":"Observed","EventCode":"SAME:FRW, SAME:FRW","SenderName":"200277,LA City Public Alerts,Los Angeles Fire Department","Parameters":"BLOCKCHANNEL:CAPEXCH, BLOCKCHANNEL:NWEM, BLOCKCHANNEL:EAS, EAS-ORG:CIV, LAFD: Evacuate now from wildfire: Palisades Area. Map: lafd.org/alerts, LAFD: Evacuate now. Evacuation order for Palisades Fire Fire for Palisades Area. All in that area must evacuate now. Gather people and pets and leave immediately.  All others shelter in place. Info & map: www.lafd.org/alerts, WEAHandling:Imminent Threat, timezone:PST, BLOCKCHANNEL:CAPEXCH, BLOCKCHANNEL:NWEM, BLOCKCHANNEL:EAS, EAS-ORG:CIV, LAFD:Evacue inmediatamente. Palisades Area Incendio Mapa:lafd.org/alerts, LAFD: Evacue ahora. Orden de evacuacion para el incendio Palisades Fire. Palisades Area evacuan inmediatamente. Reuna personas y mascotas y salga inmediatamente. Todos afuera del area peligrosa deben refugiarse en lugar. Informacion y mapa: www.lafd.org/alerts, WEAHandling:Imminent Threat, timezone:PST","Area":null,"Signature":null,"AreaDescription":"Los Angeles","FipsCode":"006037, 006037","GeoCodes":"","Circle":null,"CreateDate":1736251680000,"Shape__Area":0.0046944199998506519,"Shape__Length":0.28720971889863017,"DateRange":null}},{"type":"Feature","id":107,"geometry":{"type":"Polygon","coordinates":[[[-118.636912,34.045641],[-118.587601,34.0456060000001],[-118.586254,34.0430220000001],[-118.584451999,34.03794],[-118.588467,34.039115],[-118.589716,34.0391210000001],[-118.59184,34.0395960000001],[-118.592828,34.039451],[-118.592831,34.0396270000001],[-118.595174,34.039704],[-118.597074,34.039179],[-118.602948,34.039232],[-118.606219,34.0383420000001],[-118.608163,34.0369910000001],[-118.609604,34.0365170000001],[-118.62269,34.0377590000001],[-118.624668,34.037678],[-118.627116,34.036997],[-118.633774,34.037068],[-118.63443,34.0369420000001],[-118.635284,34.0362410000001],[-118.636012,34.036169],[-118.636912,34.045641]]]},"properties":{"AlertID":107,"Identifier":"test-lac-950206-1736280843794","Sent":1736252040000,"Sender":"jfahey@ceooem.lacounty.gov","Effective":"2025-01-07T21:14:03+01:00","Onset":null,"Expires":1736338440000,"Headline":"Wildfire - Big Rock Evacuation Warning","Description":"This is an emergency message from the Los Angeles County Fire Department. An evacuation warning has been issued for Malibu east of Las Flores. Remain vigilant for any threats and be ready for possible hazards.  Continue to monitor local weather, news, and the webpage alertla.org for more information.","Instruction":"This is an emergency message from the Los Angeles County Fire Department. An evacuation warning has been issued for Malibu east of Las Flores. Remain vigilant for any threats and be ready for possible hazards.  Continue to monitor local weather, news, and the webpage alertla.org for more information.","Web":null,"CMAMtext":"LACoFD: Evacuation warning for your area. Prepare to evacuate Now. More on alertla.org.","CMAMlongtext":"This is an emergency message from the Los Angeles County Fire Department. An evacuation warning has been issued for Malibu east of Las Flores. Remain vigilant for any threats and be ready for possible hazards.  Continue to monitor local weather, news, and the webpage alertla.org for more information.","CMAMtextSpanish":"LACoFD: Advertencia de evacuacion para su area. Preparese para evacuar. Mas en alertla.org","CMAMlongtextSpanish":"Este es un mensaje de emergencia del Departamento de Bomberos del Condado de Los Angeles. Se ha emitido una advertencia de evacuacion para Malibu al este de Las Flores. Mantengase alerta ante cualquier amenaza y este preparado para posibles peligros. Continue monitoreando el clima local, las noticias y la pagina web alertla.org para obtener mas informacion.","SameCode":null,"Status":"Actual","MsgType":"Alert","Scope":"Public","Code":"IPAWSv1.0","Reference":null,"Language":"es-US","Category":"Fire","Event":"Fire Warning","ResponseType":"Prepare","Urgency":"Immediate","Severity":"Extreme","Certainty":"Observed","EventCode":"SAME:FRW, SAME:FRW","SenderName":"Public Alert System","Parameters":"LACoFD: Evacuation warning for your area. Prepare to evacuate Now. More on alertla.org., This is an emergency message from the Los Angeles County Fire Department. An evacuation warning has been issued for Malibu east of Las Flores. Remain vigilant for any threats and be ready for possible hazards.  Continue to monitor local weather, news, and the webpage alertla.org for more information., EAS-ORG:CIV, timezone:EST, WEAHandling:Imminent Threat, BLOCKCHANNEL:EAS, BLOCKCHANNEL:NWEM, LACoFD: Advertencia de evacuacion para su area. Preparese para evacuar. Mas en alertla.org, Este es un mensaje de emergencia del Departamento de Bomberos del Condado de Los Angeles. Se ha emitido una advertencia de evacuacion para Malibu al este de Las Flores. Mantengase alerta ante cualquier amenaza y este preparado para posibles peligros. Continue monitoreando el clima local, las noticias y la pagina web alertla.org para obtener mas informacion., EAS-ORG:CIV, timezone:EST, WEAHandling:Imminent Threat, BLOCKCHANNEL:EAS, BLOCKCHANNEL:NWEM","Area":null,"Signature":null,"AreaDescription":"Los Angeles","FipsCode":"006037, 006037","GeoCodes":"","Circle":null,"CreateDate":1736252040000,"Shape__Area":0.00038758404912186961,"Shape__Length":0.12020733165467566,"DateRange":null}},{"type":"Feature","id":108,"geometry":{"type":"Polygon","coordinates":[[[-118.636912,34.045641],[-118.587601,34.0456060000001],[-118.586254,34.0430220000001],[-118.584451999,34.03794],[-118.588467,34.039115],[-118.589716,34.0391210000001],[-118.59184,34.0395960000001],[-118.592828,34.039451],[-118.592831,34.0396270000001],[-118.595174,34.039704],[-118.597074,34.039179],[-118.602948,34.039232],[-118.606219,34.0383420000001],[-118.608163,34.0369910000001],[-118.609604,34.0365170000001],[-118.62269,34.0377590000001],[-118.624668,34.037678],[-118.627116,34.036997],[-118.633774,34.037068],[-118.63443,34.0369420000001],[-118.635284,34.0362410000001],[-118.636012,34.036169],[-118.636912,34.045641]]]},"properties":{"AlertID":108,"Identifier":"test-lac-950257-1736282501383","Sent":1736253720000,"Sender":"jfahey@ceooem.lacounty.gov","Effective":"2025-01-07T21:41:41+01:00","Onset":null,"Expires":1736340120000,"Headline":"Big Rock Wild Fire Evacuation Order","Description":"This is an emergency message from the Los Angeles County Fire Department. \nAn EVACUATION ORDER has been issued for Malibu east of Las Flores. LEAVE NOW.  Follow instructions of emergency personnel in the area. Dial 9-1-1 for emergency help. Gather loved ones, pets, and supplies. Monitor local weather, news, and alertla.org for more information.\n","Instruction":"This is an emergency message from the Los Angeles County Fire Department. \nAn EVACUATION ORDER has been issued for Malibu east of Las Flores. LEAVE NOW.  Follow instructions of emergency personnel in the area. Dial 9-1-1 for emergency help. Gather loved ones, pets, and supplies. Monitor local weather, news, and alertla.org for more information.","Web":null,"CMAMtext":"LA Co Fire: Fire EVACUATION ORDER. LEAVE NOW. Alertla.org","CMAMlongtext":"This is an emergency message from the Los Angeles County Fire Department. \nAn EVACUATION ORDER has been issued for Malibu east of Las Flores. LEAVE NOW.  Follow instructions of emergency personnel in the area. Dial 9-1-1 for emergency help. Gather loved ones, pets, and supplies. Monitor local weather, news, and alertla.org for more information.","CMAMtextSpanish":"LACoFD: Orden de evacuacion en su zona. Evacue AHORA. Mas informacion en alertla.org.","CMAMlongtextSpanish":"Este es un mensaje de emergencia del Departamento de Bomberos del Condado de Los Angeles. Se ha emitido una ORDEN DE EVACUACION para Malibú al este de Las Flores.\nSALGA AHORA. Siga las instrucciones del personal de emergencia. Llame al 9-1-1 para ayuda. Reuna a sus seres queridos, mascotas y suministros. Monitore alertla.org para obtener mas informacion.\n","SameCode":null,"Status":"Actual","MsgType":"Alert","Scope":"Public","Code":"IPAWSv1.0","Reference":null,"Language":"es-US","Category":"Fire","Event":"Evacuation Immediate","ResponseType":"Evacuate","Urgency":"Immediate","Severity":"Extreme","Certainty":"Observed","EventCode":"SAME:EVI, SAME:EVI","SenderName":"Public Alert System","Parameters":"LA Co Fire: Fire EVACUATION ORDER. LEAVE NOW. Alertla.org, This is an emergency message from the Los Angeles County Fire Department. \nAn EVACUATION ORDER has been issued for Malibu east of Las Flores. LEAVE NOW.  Follow instructions of emergency personnel in the area. Dial 9-1-1 for emergency help. Gather loved ones, pets, and supplies. Monitor local weather, news, and alertla.org for more information., EAS-ORG:CIV, timezone:EST, WEAHandling:Imminent Threat, BLOCKCHANNEL:EAS, BLOCKCHANNEL:NWEM, LACoFD: Orden de evacuacion en su zona. Evacue AHORA. Mas informacion en alertla.org., Este es un mensaje de emergencia del Departamento de Bomberos del Condado de Los Angeles. Se ha emitido una ORDEN DE EVACUACION para Malibú al este de Las Flores.\nSALGA AHORA. Siga las instrucciones del personal de emergencia. Llame al 9-1-1 para ayuda. Reuna a sus seres queridos, mascotas y suministros. Monitore alertla.org para obtener mas informacion.\n, EAS-ORG:CIV, timezone:EST, WEAHandling:Imminent Threat, BLOCKCHANNEL:EAS, BLOCKCHANNEL:NWEM","Area":null,"Signature":null,"AreaDescription":"Los Angeles","FipsCode":"006037, 006037","GeoCodes":"","Circle":null,"CreateDate":1736253720000,"Shape__Area":0.00038758404912186961,"Shape__Length":0.12020733165467566,"DateRange":null}},{"type":"Feature","id":109,"geometry":{"type":"Polygon","coordinates":[[[-118.58767,34.0456050000001],[-118.588245999,34.045601],[-118.588314,34.0456],[-118.588381,34.0456],[-118.588765,34.045596],[-118.589476,34.045597],[-118.589817,34.045597],[-118.590701,34.045597],[-118.590711001,34.045597],[-118.593262,34.045598],[-118.597795,34.045598],[-118.600327,34.045598],[-118.602019,34.045597],[-118.603916,34.045597],[-118.606258,34.045595],[-118.610639,34.0455860000001],[-118.613496,34.045579],[-118.615018999,34.045576],[-118.61712,34.045582],[-118.617173,34.045582],[-118.618303,34.0455850000001],[-118.61912,34.0455870000001],[-118.619694,34.0455890000001],[-118.620017,34.0455890000001],[-118.620186,34.0455900000001],[-118.620261,34.0455900000001],[-118.620464001,34.0455910000001],[-118.620588,34.0455910000001],[-118.62076,34.0455910000001],[-118.620937,34.0455920000001],[-118.621002,34.0455920000001],[-118.621078,34.0455920000001],[-118.621147,34.0455930000001],[-118.621455,34.0455930000001],[-118.62183,34.0455940000001],[-118.622051,34.045595],[-118.622288,34.045596],[-118.622920999,34.045597],[-118.62315,34.045598],[-118.623435,34.045599],[-118.6237,34.0456],[-118.623766,34.0456],[-118.62394,34.045602],[-118.624269,34.045604],[-118.624329,34.0456050000001],[-118.624392,34.0456050000001],[-118.624662,34.0456070000001],[-118.624912,34.0456090000001],[-118.625171,34.0456110000001],[-118.625391,34.0456130000001],[-118.625702,34.0456150000001],[-118.626039,34.045618],[-118.626349,34.04562],[-118.626689,34.045623],[-118.626841,34.045624],[-118.627126,34.045626],[-118.627398,34.0456280000001],[-118.627761,34.0456310000001],[-118.628123,34.0456340000001],[-118.628643,34.0456380000001],[-118.628969,34.04564],[-118.632498,34.045667],[-118.63251,34.045667],[-118.632545,34.045667],[-118.63354,34.0456610000001],[-118.636874,34.045641],[-118.636978,34.04564],[-118.636906,34.0581050000001],[-118.587944001,34.0581490000001],[-118.58767,34.0456050000001]]]},"properties":{"AlertID":109,"Identifier":"test-lac-950290-1736283279904","Sent":1736254500000,"Sender":"jfahey@ceooem.lacounty.gov","Effective":"2025-01-07T21:54:39+01:00","Onset":null,"Expires":1736340900000,"Headline":"Big Rock Wild Fire Evacuation Order","Description":"This is an emergency message from the Los Angeles County Fire Department. \nAn EVACUATION ORDER has been issued for Malibu east of Las Flores. LEAVE NOW.  Follow instructions of emergency personnel in the area. Dial 9-1-1 for emergency help. Gather loved ones, pets, and supplies. Monitor local weather, news, and alertla.org for more information.\n","Instruction":"This is an emergency message from the Los Angeles County Fire Department. \nAn EVACUATION ORDER has been issued for Malibu east of Las Flores. LEAVE NOW.  Follow instructions of emergency personnel in the area. Dial 9-1-1 for emergency help. Gather loved ones, pets, and supplies. Monitor local weather, news, and alertla.org for more information.","Web":null,"CMAMtext":"LA Co Fire: Fire EVACUATION ORDER. LEAVE NOW. Alertla.org","CMAMlongtext":"This is an emergency message from the Los Angeles County Fire Department. \nAn EVACUATION ORDER has been issued for Malibu east of Las Flores. LEAVE NOW.  Follow instructions of emergency personnel in the area. Dial 9-1-1 for emergency help. Gather loved ones, pets, and supplies. Monitor local weather, news, and alertla.org for more information.","CMAMtextSpanish":"LACoFD: Orden de evacuacion en su zona. Evacue AHORA. Mas informacion en alertla.org.","CMAMlongtextSpanish":"Este es un mensaje de emergencia del Departamento de Bomberos del Condado de Los Angeles. Se ha emitido una ORDEN DE EVACUACION para Malibú al este de Las Flores.\nSALGA AHORA. Siga las instrucciones del personal de emergencia. Llame al 9-1-1 para ayuda. Reuna a sus seres queridos, mascotas y suministros. Monitore alertla.org para obtener mas informacion.\n","SameCode":null,"Status":"Actual","MsgType":"Alert","Scope":"Public","Code":"IPAWSv1.0","Reference":null,"Language":"es-US","Category":"Fire","Event":"Evacuation Immediate","ResponseType":"Evacuate","Urgency":"Immediate","Severity":"Extreme","Certainty":"Observed","EventCode":"SAME:EVI, SAME:EVI","SenderName":"Public Alert System","Parameters":"LA Co Fire: Fire EVACUATION ORDER. LEAVE NOW. Alertla.org, This is an emergency message from the Los Angeles County Fire Department. \nAn EVACUATION ORDER has been issued for Malibu east of Las Flores. LEAVE NOW.  Follow instructions of emergency personnel in the area. Dial 9-1-1 for emergency help. Gather loved ones, pets, and supplies. Monitor local weather, news, and alertla.org for more information., EAS-ORG:CIV, timezone:EST, WEAHandling:Imminent Threat, BLOCKCHANNEL:EAS, BLOCKCHANNEL:NWEM, LACoFD: Orden de evacuacion en su zona. Evacue AHORA. Mas informacion en alertla.org., Este es un mensaje de emergencia del Departamento de Bomberos del Condado de Los Angeles. Se ha emitido una ORDEN DE EVACUACION para Malibú al este de Las Flores.\nSALGA AHORA. Siga las instrucciones del personal de emergencia. Llame al 9-1-1 para ayuda. Reuna a sus seres queridos, mascotas y suministros. Monitore alertla.org para obtener mas informacion.\n, EAS-ORG:CIV, timezone:EST, WEAHandling:Imminent Threat, BLOCKCHANNEL:EAS, BLOCKCHANNEL:NWEM","Area":null,"Signature":null,"AreaDescription":"Los Angeles","FipsCode":"006037, 006037","GeoCodes":"","Circle":null,"CreateDate":1736254500000,"Shape__Area":0.00061525992032329668,"Shape__Length":0.1232826778464608,"DateRange":null}},{"type":"Feature","id":110,"geometry":{"type":"Polygon","coordinates":[[[-118.659094,34.047493],[-118.65407,34.047486],[-118.63913,34.046297],[-118.638648,34.0456300000001],[-118.636912,34.045641],[-118.636012,34.036169],[-118.636254,34.0361570000001],[-118.636452,34.0363170000001],[-118.636608,34.0362710000001],[-118.636968,34.0363140000001],[-118.63763,34.0364940000001],[-118.637652,34.036545],[-118.637856,34.036644],[-118.638312001,34.0367880000001],[-118.641212,34.037448],[-118.644338,34.0379760000001],[-118.645408,34.0381080000001],[-118.646615,34.0381990000001],[-118.647688,34.03815],[-118.648068,34.03803],[-118.6484,34.037743],[-118.648771,34.037495],[-118.64888,34.037467],[-118.648953,34.0375490000001],[-118.649091,34.037522],[-118.649452,34.03756],[-118.65501,34.0382750000001],[-118.659913,34.038756],[-118.659928,34.047495],[-118.659094,34.047493]]]},"properties":{"AlertID":110,"Identifier":"test-lac-950284-1736283556401","Sent":1736254740000,"Sender":"jfahey@ceooem.lacounty.gov","Effective":"2025-01-07T21:59:16+01:00","Onset":null,"Expires":1736341140000,"Headline":"Alert from AlertLACounty","Description":"This is an emergency message from the Los Angeles County Fire Department. An EVACUATION WARNING has been issued for Malibu west of Las Flores Canyon Road.  Remain vigilant of any threats and be ready to evacuate. Gather loved ones, pets, and supplies. Continue to monitor local weather, news, and the webpage alertla.org for more information.","Instruction":"This is an emergency message from the Los Angeles County Fire Department. An EVACUATION WARNING has been issued for Malibu west of Las Flores Canyon Road.  Remain vigilant of any threats and be ready to evacuate. Gather loved ones, pets, and supplies. Continue to monitor local weather, news, and the webpage alertla.org for more information.","Web":null,"CMAMtext":"LACoFD: Evacuation warning for your area. Prepare to evacuate Now. More on alertla.org","CMAMlongtext":"This is an emergency message from the Los Angeles County Fire Department. An EVACUATION WARNING has been issued for Malibu west of Las Flores Canyon Road.  Remain vigilant of any threats and be ready to evacuate. Gather loved ones, pets, and supplies. Continue to monitor local weather, news, and the webpage alertla.org for more information.","CMAMtextSpanish":"LACoFD: Advertencia de evacuacion para su area. Preparese para evacuar. Mas en alertla.org","CMAMlongtextSpanish":"Este es un mensaje de emergencia del Departamento de Bomberos del Condado de Los Angeles. ADVERTENCIA DE EVACUACION para Malibu al oeste de Las Flores Canyon Rd. Mantengase alerta y este listo para evacuar. Reuna a sus seres queridos, mascotas y suministros.  Monitore el clima local, las noticias y la pagina web alertla.org para obtener mas informacion.","SameCode":null,"Status":"Actual","MsgType":"Alert","Scope":"Public","Code":"IPAWSv1.0","Reference":null,"Language":"es-US","Category":"Fire","Event":"Fire Warning","ResponseType":"Prepare","Urgency":"Immediate","Severity":"Extreme","Certainty":"Observed","EventCode":"SAME:FRW, SAME:FRW","SenderName":"Public Alert System","Parameters":"LACoFD: Evacuation warning for your area. Prepare to evacuate Now. More on alertla.org, This is an emergency message from the Los Angeles County Fire Department. An EVACUATION WARNING has been issued for Malibu west of Las Flores Canyon Road.  Remain vigilant of any threats and be ready to evacuate. Gather loved ones, pets, and supplies. Continue to monitor local weather, news, and the webpage alertla.org for more information., EAS-ORG:CIV, timezone:EST, WEAHandling:Imminent Threat, BLOCKCHANNEL:EAS, BLOCKCHANNEL:NWEM, LACoFD: Advertencia de evacuacion para su area. Preparese para evacuar. Mas en alertla.org, Este es un mensaje de emergencia del Departamento de Bomberos del Condado de Los Angeles. ADVERTENCIA DE EVACUACION para Malibu al oeste de Las Flores Canyon Rd. Mantengase alerta y este listo para evacuar. Reuna a sus seres queridos, mascotas y suministros.  Monitore el clima local, las noticias y la pagina web alertla.org para obtener mas informacion., EAS-ORG:CIV, timezone:EST, WEAHandling:Imminent Threat, BLOCKCHANNEL:EAS, BLOCKCHANNEL:NWEM","Area":null,"Signature":null,"AreaDescription":"Los Angeles","FipsCode":"006037, 006037","GeoCodes":"","Circle":null,"CreateDate":1736254800000,"Shape__Area":0.00021313811362233537,"Shape__Length":0.066173446182801049,"DateRange":null}},{"type":"Feature","id":111,"geometry":{"type":"Polygon","coordinates":[[[-118.658653999,34.071849],[-118.658292,34.07194],[-118.657855,34.072229],[-118.657528001,34.072235],[-118.657091,34.0719800000001],[-118.656605,34.0714580000001],[-118.656261999,34.0712150000001],[-118.653983,34.0704210000001],[-118.653528001,34.0701270000001],[-118.653388,34.069874],[-118.653057,34.0685490000001],[-118.652946,34.0683500000001],[-118.652886,34.0679440000001],[-118.652869,34.067667],[-118.652906,34.0675400000001],[-118.65316,34.0672490000001],[-118.653229,34.067098],[-118.653074,34.0663940000001],[-118.652817,34.0662090000001],[-118.652336,34.066024],[-118.651632,34.0654490000001],[-118.651112,34.0648600000001],[-118.650887,34.064462],[-118.649744,34.0628390000001],[-118.648903,34.0624270000001],[-118.647705,34.063365],[-118.646615,34.063615],[-118.646352,34.0637780000001],[-118.646217,34.0640100000001],[-118.646216,34.0641820000001],[-118.646398001,34.064874],[-118.646331,34.065231],[-118.646052,34.065301],[-118.645094,34.0651310000001],[-118.644128,34.065073],[-118.643946,34.065146],[-118.643541,34.065588],[-118.643512,34.0657140000001],[-118.643662,34.0660730000001],[-118.644735,34.066878],[-118.64531,34.067231],[-118.645377,34.067322],[-118.645338,34.0674490000001],[-118.645288,34.067465],[-118.643923,34.066781],[-118.643287,34.0665740000001],[-118.643058,34.066564],[-118.642068,34.066745],[-118.641565,34.066766],[-118.64101,34.066926],[-118.640858,34.0668470000001],[-118.640778,34.0663640000001],[-118.640603,34.0660130000001],[-118.639808,34.0654960000001],[-118.636923,34.065506],[-118.636906,34.0581050000001],[-118.636978,34.04564],[-118.638648,34.0456300000001],[-118.63913,34.046297],[-118.639401,34.046319],[-118.65407,34.047486],[-118.660004,34.047495],[-118.659799,34.0720450000001],[-118.659604,34.072033],[-118.659091,34.0718420000001],[-118.658653999,34.071849]]]},"properties":{"AlertID":111,"Identifier":"test-lac-950326-1736283600740","Sent":1736254800000,"Sender":"jfahey@ceooem.lacounty.gov","Effective":"2025-01-07T22:00:00+01:00","Onset":null,"Expires":1736341200000,"Headline":"Alert from AlertLACounty","Description":"This is an emergency message from the Los Angeles County Fire Department. An EVACUATION WARNING has been issued for Malibu west of Las Flores Canyon Road.  Remain vigilant of any threats and be ready to evacuate. Gather loved ones, pets, and supplies. Continue to monitor local weather, news, and the webpage alertla.org for more information.","Instruction":"This is an emergency message from the Los Angeles County Fire Department. An EVACUATION WARNING has been issued for Malibu west of Las Flores Canyon Road.  Remain vigilant of any threats and be ready to evacuate. Gather loved ones, pets, and supplies. Continue to monitor local weather, news, and the webpage alertla.org for more information.","Web":null,"CMAMtext":"LACoFD: Evacuation warning for your area. Prepare to evacuate Now. More on alertla.org","CMAMlongtext":"This is an emergency message from the Los Angeles County Fire Department. An EVACUATION WARNING has been issued for Malibu west of Las Flores Canyon Road.  Remain vigilant of any threats and be ready to evacuate. Gather loved ones, pets, and supplies. Continue to monitor local weather, news, and the webpage alertla.org for more information.","CMAMtextSpanish":"LACoFD: Advertencia de evacuacion para su area. Preparese para evacuar. Mas en alertla.org","CMAMlongtextSpanish":"Este es un mensaje de emergencia del Departamento de Bomberos del Condado de Los Angeles. ADVERTENCIA DE EVACUACION para Malibu al oeste de Las Flores Canyon Rd. Mantengase alerta y este listo para evacuar. Reuna a sus seres queridos, mascotas y suministros.  Monitore el clima local, las noticias y la pagina web alertla.org para obtener mas informacion.","SameCode":null,"Status":"Actual","MsgType":"Alert","Scope":"Public","Code":"IPAWSv1.0","Reference":null,"Language":"es-US","Category":"Fire","Event":"Fire Warning","ResponseType":"Prepare","Urgency":"Immediate","Severity":"Extreme","Certainty":"Observed","EventCode":"SAME:FRW, SAME:FRW","SenderName":"Public Alert System","Parameters":"LACoFD: Evacuation warning for your area. Prepare to evacuate Now. More on alertla.org, This is an emergency message from the Los Angeles County Fire Department. An EVACUATION WARNING has been issued for Malibu west of Las Flores Canyon Road.  Remain vigilant of any threats and be ready to evacuate. Gather loved ones, pets, and supplies. Continue to monitor local weather, news, and the webpage alertla.org for more information., EAS-ORG:CIV, timezone:EST, WEAHandling:Imminent Threat, BLOCKCHANNEL:EAS, BLOCKCHANNEL:NWEM, LACoFD: Advertencia de evacuacion para su area. Preparese para evacuar. Mas en alertla.org, Este es un mensaje de emergencia del Departamento de Bomberos del Condado de Los Angeles. ADVERTENCIA DE EVACUACION para Malibu al oeste de Las Flores Canyon Rd. Mantengase alerta y este listo para evacuar. Reuna a sus seres queridos, mascotas y suministros.  Monitore el clima local, las noticias y la pagina web alertla.org para obtener mas informacion., EAS-ORG:CIV, timezone:EST, WEAHandling:Imminent Threat, BLOCKCHANNEL:EAS, BLOCKCHANNEL:NWEM","Area":null,"Signature":null,"AreaDescription":"Los Angeles","FipsCode":"006037, 006037","GeoCodes":"","Circle":null,"CreateDate":1736254860000,"Shape__Area":0.00045954668826198031,"Shape__Length":0.10443544633391341,"DateRange":null}},{"type":"Feature","id":112,"geometry":{"type":"Polygon","coordinates":[[[-118.636951,34.0926400000001],[-118.615094001,34.0926030000001],[-118.615106,34.0904400000001],[-118.616377,34.0904360000001],[-118.616371,34.088938],[-118.619418,34.0889290000001],[-118.619422,34.0853270000001],[-118.610684,34.085312],[-118.610687,34.070819],[-118.611119,34.070338],[-118.611114,34.070123],[-118.611072,34.0699940000001],[-118.610967,34.069898],[-118.610567,34.069825],[-118.610421,34.069736],[-118.610352,34.0695240000001],[-118.610422,34.0693810000001],[-118.610544001,34.069308],[-118.61053,34.0692550000001],[-118.609561,34.0685950000001],[-118.610172,34.068299],[-118.610165,34.0672430000001],[-118.610644,34.0672420000001],[-118.610633,34.063615],[-118.610701,34.0581290000001],[-118.636915,34.0581050000001],[-118.636951,34.0926400000001]]]},"properties":{"AlertID":112,"Identifier":"test-lac-950398-1736284669148","Sent":1736255880000,"Sender":"gwollela@ceooem.lacounty.gov","Effective":"2025-01-07T22:17:49+01:00","Onset":null,"Expires":1736342280000,"Headline":"Alert from AlertLACounty","Description":"This is an emergency message from the Los Angeles County Fire Department. An EVACUATION WARNING has been issued for Topanga Canyon Zone 8.  Remain vigilant of any threats and be ready to evacuate. Gather loved ones, pets, and supplies. Continue to monitor local weather, news, and the webpage alertla.org for more information.","Instruction":"This is an emergency message from the Los Angeles County Fire Department. An EVACUATION WARNING has been issued for Topanga Canyon Zone 8.  Remain vigilant of any threats and be ready to evacuate. Gather loved ones, pets, and supplies. Continue to monitor local weather, news, and the webpage alertla.org for more information.","Web":null,"CMAMtext":"LACoFD: Evacuation warning for Topanga Zone 8. Prepare to evacuate. More on alertla.org. ","CMAMlongtext":"This is an emergency message from the Los Angeles County Fire Department. An EVACUATION WARNING has been issued for Topanga Canyon Zone 8.  Remain vigilant of any threats and be ready to evacuate. Gather loved ones, pets, and supplies. Continue to monitor local weather, news, and the webpage alertla.org for more information.","CMAMtextSpanish":"LACoFD: Advertencia de evacuacion Zona 8 de Topanga. Mas informacion en alertla.org.","CMAMlongtextSpanish":"Este es un mensaje de emergencia del Departamento de Bomberos del Condado de Los Angeles. Se ha emitido una ADVERTENCIA DE EVACUACION para Zona 8 de Topanga Canyon. Mantengase alerta y este listo para evacuar. Reuna a sus seres queridos, mascotas y suministros. Continue monitoreando el clima local, las noticias y la pagina web alertla.org para informacion.","SameCode":null,"Status":"Actual","MsgType":"Alert","Scope":"Public","Code":"IPAWSv1.0","Reference":null,"Language":"es-US","Category":"Fire","Event":"Fire Warning","ResponseType":"Prepare","Urgency":"Immediate","Severity":"Extreme","Certainty":"Observed","EventCode":"SAME:FRW, SAME:FRW","SenderName":"Public Alert System","Parameters":"LACoFD: Evacuation warning for Topanga Zone 8. Prepare to evacuate. More on alertla.org. , This is an emergency message from the Los Angeles County Fire Department. An EVACUATION WARNING has been issued for Topanga Canyon Zone 8.  Remain vigilant of any threats and be ready to evacuate. Gather loved ones, pets, and supplies. Continue to monitor local weather, news, and the webpage alertla.org for more information., EAS-ORG:CIV, timezone:EST, WEAHandling:Imminent Threat, BLOCKCHANNEL:EAS, BLOCKCHANNEL:NWEM, LACoFD: Advertencia de evacuacion Zona 8 de Topanga. Mas informacion en alertla.org., Este es un mensaje de emergencia del Departamento de Bomberos del Condado de Los Angeles. Se ha emitido una ADVERTENCIA DE EVACUACION para Zona 8 de Topanga Canyon. Mantengase alerta y este listo para evacuar. Reuna a sus seres queridos, mascotas y suministros. Continue monitoreando el clima local, las noticias y la pagina web alertla.org para informacion., EAS-ORG:CIV, timezone:EST, WEAHandling:Imminent Threat, BLOCKCHANNEL:EAS, BLOCKCHANNEL:NWEM","Area":null,"Signature":null,"AreaDescription":"Los Angeles","FipsCode":"006037, 006037","GeoCodes":"","Circle":null,"CreateDate":1736255940000,"Shape__Area":0.00085723370307277946,"Shape__Length":0.13221420076450585,"DateRange":null}},{"type":"Feature","id":113,"geometry":{"type":"Polygon","coordinates":[[[-118.5357,34.0356],[-118.5314,34.0436],[-118.5275,34.0564000000001],[-118.5389,34.0811],[-118.5494,34.1029],[-118.5187,34.1256000000001],[-118.506,34.1302000000001],[-118.4972,34.1131],[-118.5009,34.0821],[-118.498,34.0779000000001],[-118.4972,34.0744],[-118.509,34.0532000000001],[-118.5152,34.0452000000001],[-118.5192,34.0284],[-118.5357,34.0356]]]},"properties":{"AlertID":113,"Identifier":"1892054963844759","Sent":1736257140000,"Sender":"200277_LA_City_Public_Alerts_Los_Angeles_Fire_Department","Effective":null,"Onset":null,"Expires":1736271540000,"Headline":"Wildfire Evacuate Order: Palisades Fire Fire","Description":null,"Instruction":"LAFD: Evacuate now. Evacuation order for Palisades Fire Fire for Pacific Palisades. All in that area must evacuate now. Gather people and pets and leave immediately.  All others shelter in place. Info & map: www.lafd.org/alerts\n\nLAFD: Evacue ahora. Orden de evacuacion para el incendio Palisades Fire. Pacific Palisades evacuan inmediatamente. Reuna personas y mascotas y salga inmediatamente. Todos afuera del area peligrosa deben refugiarse en lugar. Informacion y mapa: www.lafd.org/alerts","Web":"https://www.lafd.org/alerts","CMAMtext":"LAFD: Evacuate now from wildfire: Pacific Palisades. Map: lafd.org/alerts","CMAMlongtext":"LAFD: Evacuate now. Evacuation order for Palisades Fire Fire for Pacific Palisades. All in that area must evacuate now. Gather people and pets and leave immediately.  All others shelter in place. Info & map: www.lafd.org/alerts","CMAMtextSpanish":"LAFD:Evacue inmediatamente. Pacific Palisades Incendio Mapa:lafd.org/alerts","CMAMlongtextSpanish":"LAFD: Evacue ahora. Orden de evacuacion para el incendio Palisades Fire. Pacific Palisades evacuan inmediatamente. Reuna personas y mascotas y salga inmediatamente. Todos afuera del area peligrosa deben refugiarse en lugar. Informacion y mapa: www.lafd.org/alerts","SameCode":null,"Status":"Actual","MsgType":"Alert","Scope":"Public","Code":"IPAWSv1.0","Reference":null,"Language":"es-US","Category":"Geo","Event":"Fire Warning","ResponseType":null,"Urgency":"Immediate","Severity":"Extreme","Certainty":"Observed","EventCode":"SAME:FRW, SAME:FRW","SenderName":"200277,LA City Public Alerts,Los Angeles Fire Department","Parameters":"BLOCKCHANNEL:CAPEXCH, BLOCKCHANNEL:NWEM, BLOCKCHANNEL:EAS, EAS-ORG:CIV, LAFD: Evacuate now from wildfire: Pacific Palisades. Map: lafd.org/alerts, LAFD: Evacuate now. Evacuation order for Palisades Fire Fire for Pacific Palisades. All in that area must evacuate now. Gather people and pets and leave immediately.  All others shelter in place. Info & map: www.lafd.org/alerts, WEAHandling:Imminent Threat, timezone:PST, BLOCKCHANNEL:CAPEXCH, BLOCKCHANNEL:NWEM, BLOCKCHANNEL:EAS, EAS-ORG:CIV, LAFD:Evacue inmediatamente. Pacific Palisades Incendio Mapa:lafd.org/alerts, LAFD: Evacue ahora. Orden de evacuacion para el incendio Palisades Fire. Pacific Palisades evacuan inmediatamente. Reuna personas y mascotas y salga inmediatamente. Todos afuera del area peligrosa deben refugiarse en lugar. Informacion y mapa: www.lafd.org/alerts, WEAHandling:Imminent Threat, timezone:PST","Area":null,"Signature":null,"AreaDescription":"Los Angeles","FipsCode":"006037, 006037","GeoCodes":"","Circle":null,"CreateDate":1736257140000,"Shape__Area":0.0030165749999468972,"Shape__Length":0.25435422308240235,"DateRange":null}},{"type":"Feature","id":114,"geometry":{"type":"Polygon","coordinates":[[[-118.595658,34.080132],[-118.595744,34.080388],[-118.5959,34.0806220000001],[-118.59613,34.08083],[-118.597615,34.0815880000001],[-118.598636,34.0822150000001],[-118.598848,34.0825340000001],[-118.598916,34.082722],[-118.598942,34.0829430000001],[-118.598878,34.0834390000001],[-118.598959,34.0836200000001],[-118.599183,34.0837980000001],[-118.599661,34.084054],[-118.599997,34.0843820000001],[-118.600116,34.084615],[-118.600125,34.08477],[-118.600011001,34.0851650000001],[-118.600021,34.0853290000001],[-118.619422,34.0853270000001],[-118.619418,34.0889290000001],[-118.616371,34.088938],[-118.616377,34.0904360000001],[-118.615106,34.0904400000001],[-118.615087,34.096239],[-118.606284001,34.09623],[-118.585813,34.0960470000001],[-118.595658,34.080132]]]},"properties":{"AlertID":114,"Identifier":"test-lac-950572-1736296923806","Sent":1736268120000,"Sender":"jfahey@ceooem.lacounty.gov","Effective":"2025-01-08T01:42:03+01:00","Onset":null,"Expires":1736354520000,"Headline":"Evacuation Orders in Topanga Canyon Area","Description":"Los Angeles County Fire Dept:  Wind-driven fire. An EVACUATION ORDER for Topanga west of Tuna Canyon Rd. LEAVE NOW.  Follow instructions from emergency personnel. Dial 9-1-1 for emergency help. Visit alertla.org for more information.","Instruction":"Los Angeles County Fire Dept:  Wind-driven fire. An EVACUATION ORDER for Topanga west of Tuna Canyon Rd. LEAVE NOW.  Follow instructions from emergency personnel. Dial 9-1-1 for emergency help. Visit alertla.org for more information.","Web":null,"CMAMtext":"LACoFD: Wildfire west of Tuna Canyon Rd EVACUATION ORDER. LEAVE NOW. Alertla.org","CMAMlongtext":"Los Angeles County Fire Dept:  Wind-driven fire. An EVACUATION ORDER for Topanga west of Tuna Canyon Rd. LEAVE NOW.  Follow instructions from emergency personnel. Dial 9-1-1 for emergency help. Visit alertla.org for more information.","CMAMtextSpanish":"LACoFD: Incendio oeste de Topanga Canyon Rd ORDEN DE EVACUACION. SALIR AHORA. Alertla.org","CMAMlongtextSpanish":"Departamento de Bomberos del Condado de Los Angeles: Incendio impulsado por el viento. Una ORDEN DE EVACUACION para Topanga al oeste de Topanga Canyon Rd. SALIR AHORA.  Siga las instrucciones del personal de emergencia. Marque el 9-1-1 para obtener ayuda de emergencia. Visite alertla.org para obtener mas informacion.","SameCode":null,"Status":"Actual","MsgType":"Alert","Scope":"Public","Code":"IPAWSv1.0","Reference":null,"Language":"es-US","Category":"Fire","Event":"Evacuation Immediate","ResponseType":"Evacuate","Urgency":"Immediate","Severity":"Extreme","Certainty":"Observed","EventCode":"SAME:EVI, SAME:EVI","SenderName":"Public Alert System","Parameters":"LACoFD: Wildfire west of Tuna Canyon Rd EVACUATION ORDER. LEAVE NOW. Alertla.org, Los Angeles County Fire Dept:  Wind-driven fire. An EVACUATION ORDER for Topanga west of Tuna Canyon Rd. LEAVE NOW.  Follow instructions from emergency personnel. Dial 9-1-1 for emergency help. Visit alertla.org for more information., EAS-ORG:CIV, timezone:EST, WEAHandling:Imminent Threat, BLOCKCHANNEL:EAS, BLOCKCHANNEL:NWEM, LACoFD: Incendio oeste de Topanga Canyon Rd ORDEN DE EVACUACION. SALIR AHORA. Alertla.org, Departamento de Bomberos del Condado de Los Angeles: Incendio impulsado por el viento. Una ORDEN DE EVACUACION para Topanga al oeste de Topanga Canyon Rd. SALIR AHORA.  Siga las instrucciones del personal de emergencia. Marque el 9-1-1 para obtener ayuda de emergencia. Visite alertla.org para obtener mas informacion., EAS-ORG:CIV, timezone:EST, WEAHandling:Imminent Threat, BLOCKCHANNEL:EAS, BLOCKCHANNEL:NWEM","Area":null,"Signature":null,"AreaDescription":"Los Angeles","FipsCode":"006037, 006037","GeoCodes":"","Circle":null,"CreateDate":1736268120000,"Shape__Area":0.00032195404810408945,"Shape__Length":0.090127729903709666,"DateRange":null}},{"type":"Feature","id":115,"geometry":{"type":"Polygon","coordinates":[[[-118.5703,34.062084],[-118.57025,34.058165],[-118.610701,34.0581290000001],[-118.610644,34.0672420000001],[-118.610165,34.0672430000001],[-118.610172,34.068299],[-118.609561,34.0685950000001],[-118.61053,34.0692550000001],[-118.610352,34.0695240000001],[-118.610421,34.069736],[-118.610967,34.069898],[-118.611114,34.070123],[-118.611119,34.070338],[-118.610687,34.070819],[-118.610684,34.085312],[-118.600021,34.0853290000001],[-118.600116,34.084615],[-118.599661,34.084054],[-118.598959,34.0836200000001],[-118.598916,34.082722],[-118.598636,34.0822150000001],[-118.59613,34.08083],[-118.595652,34.0800980000001],[-118.599204,34.0743370000001],[-118.570395,34.0693460000001],[-118.5703,34.062084]]]},"properties":{"AlertID":115,"Identifier":"test-lac-950593-1736297062200","Sent":1736268240000,"Sender":"jfahey@ceooem.lacounty.gov","Effective":"2025-01-08T01:44:22+01:00","Onset":null,"Expires":1736354640000,"Headline":"Evacuation Orders in Topanga Canyon Area","Description":"Los Angeles County Fire Dept:  Wind-driven fire. An EVACUATION ORDER for Topanga west of Tuna Canyon Rd. LEAVE NOW.  Follow instructions from emergency personnel. Dial 9-1-1 for emergency help. Visit alertla.org for more information.","Instruction":"Los Angeles County Fire Dept:  Wind-driven fire. An EVACUATION ORDER for Topanga west of Tuna Canyon Rd. LEAVE NOW.  Follow instructions from emergency personnel. Dial 9-1-1 for emergency help. Visit alertla.org for more information.","Web":null,"CMAMtext":"LACoFD: Wildfire west of Tuna Canyon Rd EVACUATION ORDER. LEAVE NOW. Alertla.org","CMAMlongtext":"Los Angeles County Fire Dept:  Wind-driven fire. An EVACUATION ORDER for Topanga west of Tuna Canyon Rd. LEAVE NOW.  Follow instructions from emergency personnel. Dial 9-1-1 for emergency help. Visit alertla.org for more information.","CMAMtextSpanish":"LACoFD: Incendio oeste de Topanga Canyon Rd ORDEN DE EVACUACION. SALIR AHORA. Alertla.org","CMAMlongtextSpanish":"Departamento de Bomberos del Condado de Los Angeles: Incendio impulsado por el viento. Una ORDEN DE EVACUACION para Topanga al oeste de Topanga Canyon Rd. SALIR AHORA.  Siga las instrucciones del personal de emergencia. Marque el 9-1-1 para obtener ayuda de emergencia. Visite alertla.org para obtener mas informacion.","SameCode":null,"Status":"Actual","MsgType":"Alert","Scope":"Public","Code":"IPAWSv1.0","Reference":null,"Language":"es-US","Category":"Fire","Event":"Evacuation Immediate","ResponseType":"Evacuate","Urgency":"Immediate","Severity":"Extreme","Certainty":"Observed","EventCode":"SAME:EVI, SAME:EVI","SenderName":"Public Alert System","Parameters":"LACoFD: Wildfire west of Tuna Canyon Rd EVACUATION ORDER. LEAVE NOW. Alertla.org, Los Angeles County Fire Dept:  Wind-driven fire. An EVACUATION ORDER for Topanga west of Tuna Canyon Rd. LEAVE NOW.  Follow instructions from emergency personnel. Dial 9-1-1 for emergency help. Visit alertla.org for more information., EAS-ORG:CIV, timezone:EST, WEAHandling:Imminent Threat, BLOCKCHANNEL:EAS, BLOCKCHANNEL:NWEM, LACoFD: Incendio oeste de Topanga Canyon Rd ORDEN DE EVACUACION. SALIR AHORA. Alertla.org, Departamento de Bomberos del Condado de Los Angeles: Incendio impulsado por el viento. Una ORDEN DE EVACUACION para Topanga al oeste de Topanga Canyon Rd. SALIR AHORA.  Siga las instrucciones del personal de emergencia. Marque el 9-1-1 para obtener ayuda de emergencia. Visite alertla.org para obtener mas informacion., EAS-ORG:CIV, timezone:EST, WEAHandling:Imminent Threat, BLOCKCHANNEL:EAS, BLOCKCHANNEL:NWEM","Area":null,"Signature":null,"AreaDescription":"Los Angeles","FipsCode":"006037, 006037","GeoCodes":"","Circle":null,"CreateDate":1736268300000,"Shape__Area":0.000720749516858632,"Shape__Length":0.13502367277850835,"DateRange":null}},{"type":"Feature","id":116,"geometry":{"type":"Polygon","coordinates":[[[-118.5703,34.062084],[-118.57025,34.058165],[-118.610701,34.0581290000001],[-118.610644,34.0672420000001],[-118.610165,34.0672430000001],[-118.610172,34.068299],[-118.609561,34.0685950000001],[-118.61053,34.0692550000001],[-118.610352,34.0695240000001],[-118.610421,34.069736],[-118.610967,34.069898],[-118.611114,34.070123],[-118.611119,34.070338],[-118.610687,34.070819],[-118.610684,34.085312],[-118.600021,34.0853290000001],[-118.600116,34.084615],[-118.599661,34.084054],[-118.598959,34.0836200000001],[-118.598916,34.082722],[-118.598636,34.0822150000001],[-118.59613,34.08083],[-118.595652,34.0800980000001],[-118.599204,34.0743370000001],[-118.570395,34.0693460000001],[-118.5703,34.062084]]]},"properties":{"AlertID":116,"Identifier":"test-lac-950608-1736297428694","Sent":1736268600000,"Sender":"jfahey@ceooem.lacounty.gov","Effective":"2025-01-08T01:50:28+01:00","Onset":null,"Expires":1736355000000,"Headline":"Evacuation Orders in Topanga Canyon Area","Description":"Los Angeles County Fire Dept:  Wind-driven fire. An EVACUATION ORDER for Topanga west of Topanga Canyon Rd. LEAVE NOW.  Follow instructions from emergency personnel. Dial 9-1-1 for emergency help. Visit alertla.org for more information.\n","Instruction":"Los Angeles County Fire Dept:  Wind-driven fire. An EVACUATION ORDER for Topanga west of Topanga Canyon Rd. LEAVE NOW.  Follow instructions from emergency personnel. Dial 9-1-1 for emergency help. Visit alertla.org for more information.\n(360 Characters)\n","Web":null,"CMAMtext":"LACoFD: Wildfire west of Topanga Canyon Rd EVACUATION ORDER. LEAVE NOW. Alertla.org","CMAMlongtext":"Los Angeles County Fire Dept:  Wind-driven fire. An EVACUATION ORDER for Topanga west of Topanga Canyon Rd. LEAVE NOW.  Follow instructions from emergency personnel. Dial 9-1-1 for emergency help. Visit alertla.org for more information.\n","CMAMtextSpanish":"LACoFD: Incendio oeste de Topanga Canyon Rd ORDEN DE EVACUACIÓN. SALIR AHORA. Alertla.org","CMAMlongtextSpanish":"Departamento de Bomberos del Condado de Los Angeles: Incendio impulsado por el viento. Una ORDEN DE EVACUACION para Topanga al oeste de Topanga Canyon Rd. SALIR AHORA.  Siga las instrucciones del personal de emergencia. Marque el 9-1-1 para obtener ayuda de emergencia. Visite alertla.org para obtener mas informacion.","SameCode":null,"Status":"Actual","MsgType":"Alert","Scope":"Public","Code":"IPAWSv1.0","Reference":null,"Language":"es-US","Category":"Fire","Event":"Evacuation Immediate","ResponseType":"Evacuate","Urgency":"Immediate","Severity":"Extreme","Certainty":"Observed","EventCode":"SAME:EVI, SAME:EVI","SenderName":"Public Alert System","Parameters":"LACoFD: Wildfire west of Topanga Canyon Rd EVACUATION ORDER. LEAVE NOW. Alertla.org, Los Angeles County Fire Dept:  Wind-driven fire. An EVACUATION ORDER for Topanga west of Topanga Canyon Rd. LEAVE NOW.  Follow instructions from emergency personnel. Dial 9-1-1 for emergency help. Visit alertla.org for more information.\n, EAS-ORG:CIV, timezone:EST, WEAHandling:Imminent Threat, BLOCKCHANNEL:EAS, BLOCKCHANNEL:NWEM, LACoFD: Incendio oeste de Topanga Canyon Rd ORDEN DE EVACUACIÓN. SALIR AHORA. Alertla.org, Departamento de Bomberos del Condado de Los Angeles: Incendio impulsado por el viento. Una ORDEN DE EVACUACION para Topanga al oeste de Topanga Canyon Rd. SALIR AHORA.  Siga las instrucciones del personal de emergencia. Marque el 9-1-1 para obtener ayuda de emergencia. Visite alertla.org para obtener mas informacion., EAS-ORG:CIV, timezone:EST, WEAHandling:Imminent Threat, BLOCKCHANNEL:EAS, BLOCKCHANNEL:NWEM","Area":null,"Signature":null,"AreaDescription":"Los Angeles","FipsCode":"006037, 006037","GeoCodes":"","Circle":null,"CreateDate":1736268660000,"Shape__Area":0.000720749516858632,"Shape__Length":0.13502367277850835,"DateRange":null}},{"type":"Feature","id":117,"geometry":{"type":"Polygon","coordinates":[[[-118.626737,34.1069610000001],[-118.626691,34.1068020000001],[-118.626689,34.106796],[-118.626687,34.10679],[-118.626684,34.1067850000001],[-118.626681,34.1067790000001],[-118.626678,34.106774],[-118.626674,34.106769],[-118.62667,34.1067640000001],[-118.626666,34.1067590000001],[-118.626661,34.1067550000001],[-118.626656,34.106751],[-118.626651,34.106747],[-118.626645,34.106744],[-118.62664,34.1067410000001],[-118.626634,34.1067390000001],[-118.626628,34.1067370000001],[-118.626622,34.1067350000001],[-118.626616,34.1067340000001],[-118.62661,34.1067330000001],[-118.626603,34.1067320000001],[-118.626597,34.1067320000001],[-118.626591,34.1067330000001],[-118.626093,34.106731],[-118.625707,34.1065520000001],[-118.625668,34.1065540000001],[-118.625628999,34.1065590000001],[-118.625589,34.106565],[-118.625551,34.106573],[-118.625513,34.1065830000001],[-118.625475,34.106595],[-118.625438,34.106609],[-118.625186,34.1065810000001],[-118.623814,34.1071260000001],[-118.623815,34.107151],[-118.620874,34.1071400000001],[-118.619447,34.107135],[-118.615104,34.1071190000001],[-118.615087,34.0969160000001],[-118.615089,34.0967680000001],[-118.615087,34.096239],[-118.615074,34.093537],[-118.615088,34.093537],[-118.615094001,34.0926030000001],[-118.615234,34.0926030000001],[-118.619441,34.0926200000001],[-118.62381,34.0926380000001],[-118.641171,34.0926410000001],[-118.641122,34.0963610000001],[-118.641113,34.0999430000001],[-118.641109,34.107195],[-118.636753,34.1071860000001],[-118.636754,34.1086700000001],[-118.635237,34.108282],[-118.634468001,34.1084440000001],[-118.634793,34.1089160000001],[-118.634595,34.1089170000001],[-118.633504,34.1079740000001],[-118.6335,34.107181],[-118.629245,34.107156],[-118.628119,34.107159],[-118.628119,34.107286],[-118.627471,34.106479],[-118.627425,34.1064940000001],[-118.627353,34.1064030000001],[-118.626785,34.1068230000001],[-118.626812,34.1069410000001],[-118.626812,34.106949],[-118.626802,34.106952],[-118.626791,34.106955],[-118.62678,34.1069570000001],[-118.62677,34.1069580000001],[-118.626759,34.1069600000001],[-118.626748001,34.1069600000001],[-118.626737,34.1069610000001]]]},"properties":{"AlertID":117,"Identifier":"test-lac-950542-1736297955231","Sent":1736269140000,"Sender":"gwollela@ceooem.lacounty.gov","Effective":"2025-01-08T01:59:15+01:00","Onset":null,"Expires":1736355540000,"Headline":"Alert from AlertLACounty","Description":"This is an emergency message from the Los Angeles County Fire Department. An EVACUATION WARNING has been issued for Topanga Canyon Zone 5.  Remain vigilant of any threats and be ready to evacuate. Gather loved ones, pets, and supplies. Continue to monitor local weather, news, and the webpage alertla.org for more information.","Instruction":"This is an emergency message from the Los Angeles County Fire Department. An EVACUATION WARNING has been issued for Topanga Canyon Zone 5.  Remain vigilant of any threats and be ready to evacuate. Gather loved ones, pets, and supplies. Continue to monitor local weather, news, and the webpage alertla.org for more information.","Web":null,"CMAMtext":"LACoFD: Evacuation warning for Topanga Zone 5. Prepare to evacuate. More on alertla.org.","CMAMlongtext":"This is an emergency message from the Los Angeles County Fire Department. An EVACUATION WARNING has been issued for Topanga Canyon Zone 5.  Remain vigilant of any threats and be ready to evacuate. Gather loved ones, pets, and supplies. Continue to monitor local weather, news, and the webpage alertla.org for more information.","CMAMtextSpanish":"LACoFD: Advertencia de evacuacion Zona 5 de Topanga. Mas informacion en alertla.org.","CMAMlongtextSpanish":"Este es un mensaje de emergencia del Departamento de Bomberos del Condado de Los Angeles. Se ha emitido una ADVERTENCIA DE EVACUACION para la Zona 5 de Topanga Canyon. Mantengase alerta y este listo para evacuar. Reuna a sus seres queridos, mascotas y suministros. Continue monitoreando el clima local, las noticias y la pagina web alertla.org para informacion","SameCode":null,"Status":"Actual","MsgType":"Alert","Scope":"Public","Code":"IPAWSv1.0","Reference":null,"Language":"es-US","Category":"Fire","Event":"Fire Warning","ResponseType":"Prepare","Urgency":"Immediate","Severity":"Extreme","Certainty":"Observed","EventCode":"SAME:FRW, SAME:FRW","SenderName":"Public Alert System","Parameters":"LACoFD: Evacuation warning for Topanga Zone 5. Prepare to evacuate. More on alertla.org., This is an emergency message from the Los Angeles County Fire Department. An EVACUATION WARNING has been issued for Topanga Canyon Zone 5.  Remain vigilant of any threats and be ready to evacuate. Gather loved ones, pets, and supplies. Continue to monitor local weather, news, and the webpage alertla.org for more information., EAS-ORG:CIV, timezone:EST, WEAHandling:Imminent Threat, BLOCKCHANNEL:EAS, BLOCKCHANNEL:NWEM, LACoFD: Advertencia de evacuacion Zona 5 de Topanga. Mas informacion en alertla.org., Este es un mensaje de emergencia del Departamento de Bomberos del Condado de Los Angeles. Se ha emitido una ADVERTENCIA DE EVACUACION para la Zona 5 de Topanga Canyon. Mantengase alerta y este listo para evacuar. Reuna a sus seres queridos, mascotas y suministros. Continue monitoreando el clima local, las noticias y la pagina web alertla.org para informacion, EAS-ORG:CIV, timezone:EST, WEAHandling:Imminent Threat, BLOCKCHANNEL:EAS, BLOCKCHANNEL:NWEM","Area":null,"Signature":null,"AreaDescription":"Los Angeles","FipsCode":"006037, 006037","GeoCodes":"","Circle":null,"CreateDate":1736270520000,"Shape__Area":0.00038048997271289409,"Shape__Length":0.085942121749922926,"DateRange":null}},{"type":"Feature","id":118,"geometry":{"type":"Polygon","coordinates":[[[-118.585813,34.0960470000001],[-118.588932,34.096098],[-118.589616,34.096097],[-118.590296,34.096095],[-118.590979,34.096079],[-118.591661,34.0960870000001],[-118.592346,34.0960940000001],[-118.593027,34.096101],[-118.593718,34.0961080000001],[-118.59441,34.0961150000001],[-118.595091,34.096122],[-118.595782,34.0961300000001],[-118.596459,34.0961370000001],[-118.597656,34.096149],[-118.599777,34.096172],[-118.601,34.0961840000001],[-118.606284001,34.09623],[-118.615087,34.096239],[-118.615089,34.0967680000001],[-118.615087,34.0969160000001],[-118.615104,34.1071190000001],[-118.61068,34.1071160000001],[-118.610661,34.107105],[-118.608457001,34.1071150000001],[-118.608451,34.108936],[-118.601932,34.108891],[-118.597638,34.108885],[-118.595664,34.1087440000001],[-118.595002,34.1088360000001],[-118.595039,34.108478],[-118.594784,34.108457],[-118.594676,34.1084720000001],[-118.594521,34.108419],[-118.594465,34.1085440000001],[-118.59434,34.108505],[-118.594099,34.1084290000001],[-118.594128001,34.1083620000001],[-118.593766,34.1082480000001],[-118.59342,34.107871],[-118.592957,34.107961],[-118.592718,34.107918],[-118.592648,34.1078860000001],[-118.592656,34.1081780000001],[-118.592245,34.1082860000001],[-118.592056999,34.1083],[-118.591948,34.1083080000001],[-118.591378,34.1084460000001],[-118.590932,34.1080010000001],[-118.59077,34.107539],[-118.588925,34.1070530000001],[-118.588925,34.107039],[-118.579017,34.107061],[-118.579144,34.1068550000001],[-118.579252,34.106679],[-118.579957,34.105535],[-118.580048,34.1053900000001],[-118.58012,34.1052720000001],[-118.580155,34.105216],[-118.580178,34.105178],[-118.580653,34.104409],[-118.581272,34.1034060000001],[-118.581482,34.1030650000001],[-118.583207,34.1002710000001],[-118.583514,34.099774],[-118.583536,34.0997390000001],[-118.583827,34.0992670000001],[-118.584301001,34.0984980000001],[-118.584413,34.0983170000001],[-118.584438,34.0982760000001],[-118.584547,34.098099],[-118.584606,34.0980000000001],[-118.584682,34.097876],[-118.584700001,34.0978480000001],[-118.584737,34.097787],[-118.584831,34.0976400000001],[-118.584870001,34.0975750000001],[-118.585074,34.097246],[-118.58546,34.09662],[-118.585754,34.09614],[-118.585778,34.0961050000001],[-118.585813,34.0960470000001]]]},"properties":{"AlertID":118,"Identifier":"test-lac-950734-1736299531140","Sent":1736270760000,"Sender":"jfahey@ceooem.lacounty.gov","Effective":"2025-01-08T02:25:31+01:00","Onset":null,"Expires":1736357160000,"Headline":"Alert from AlertLACounty","Description":"Los Angeles County Fire Dept:  Wind-driven fire. An EVACUATION ORDER for Topanga west of Topanga Canyon Rd. LEAVE NOW.  Follow instructions from emergency personnel. Dial 9-1-1 for emergency help. Visit alertla.org for more information.","Instruction":"Los Angeles County Fire Dept:  Wind-driven fire. An EVACUATION ORDER for Topanga west of Topanga Canyon Rd. LEAVE NOW.  Follow instructions from emergency personnel. Dial 9-1-1 for emergency help. Visit alertla.org for more information.","Web":null,"CMAMtext":"LACoFD: Wildfire west of Topanga Canyon Rd EVACUATION ORDER. LEAVE NOW. Alertla.org","CMAMlongtext":"Los Angeles County Fire Dept:  Wind-driven fire. An EVACUATION ORDER for Topanga west of Topanga Canyon Rd. LEAVE NOW.  Follow instructions from emergency personnel. Dial 9-1-1 for emergency help. Visit alertla.org for more information.","CMAMtextSpanish":"LACoFD: Incendio oeste de Topanga Canyon Rd ORDEN DE EVACUACION. SALIR AHORA. Alertla.org","CMAMlongtextSpanish":"Departamento de Bomberos del Condado de Los Angeles: Incendio impulsado por el viento. Una ORDEN DE EVACUACION para Topanga al oeste de Topanga Canyon Rd. SALIR AHORA.  Siga las instrucciones del personal de emergencia. Marque el 9-1-1 para obtener ayuda de emergencia. Visite alertla.org para obtener mas informacion.","SameCode":null,"Status":"Actual","MsgType":"Alert","Scope":"Public","Code":"IPAWSv1.0","Reference":null,"Language":"es-US","Category":"Fire","Event":"Evacuation Immediate","ResponseType":"Evacuate","Urgency":"Immediate","Severity":"Extreme","Certainty":"Observed","EventCode":"SAME:EVI, SAME:EVI","SenderName":"Public Alert System","Parameters":"LACoFD: Wildfire west of Topanga Canyon Rd EVACUATION ORDER. LEAVE NOW. Alertla.org, Los Angeles County Fire Dept:  Wind-driven fire. An EVACUATION ORDER for Topanga west of Topanga Canyon Rd. LEAVE NOW.  Follow instructions from emergency personnel. Dial 9-1-1 for emergency help. Visit alertla.org for more information., EAS-ORG:CIV, timezone:EST, WEAHandling:Imminent Threat, BLOCKCHANNEL:EAS, BLOCKCHANNEL:NWEM, LACoFD: Incendio oeste de Topanga Canyon Rd ORDEN DE EVACUACION. SALIR AHORA. Alertla.org, Departamento de Bomberos del Condado de Los Angeles: Incendio impulsado por el viento. Una ORDEN DE EVACUACION para Topanga al oeste de Topanga Canyon Rd. SALIR AHORA.  Siga las instrucciones del personal de emergencia. Marque el 9-1-1 para obtener ayuda de emergencia. Visite alertla.org para obtener mas informacion., EAS-ORG:CIV, timezone:EST, WEAHandling:Imminent Threat, BLOCKCHANNEL:EAS, BLOCKCHANNEL:NWEM","Area":null,"Signature":null,"AreaDescription":"Los Angeles","FipsCode":"006037, 006037","GeoCodes":"","Circle":null,"CreateDate":1736270760000,"Shape__Area":0.00038654613899780088,"Shape__Length":0.092744854731281579,"DateRange":null}},{"type":"Feature","id":119,"geometry":{"type":"Polygon","coordinates":[[[-118.581375,34.136492],[-118.564777,34.130169],[-118.579017,34.107061],[-118.588925,34.107039],[-118.59077,34.107539],[-118.590932,34.1080010000001],[-118.591378,34.1084460000001],[-118.592056999,34.1083],[-118.59217,34.108686],[-118.59202,34.1099110000001],[-118.592085,34.1109970000001],[-118.591609,34.1118510000001],[-118.590699,34.112714],[-118.590531999,34.1130810000001],[-118.590682,34.1134510000001],[-118.591561,34.1140360000001],[-118.591861,34.11443],[-118.592247001,34.1176770000001],[-118.591886,34.118798],[-118.592013,34.119607],[-118.590431,34.122754],[-118.590712,34.1232180000001],[-118.591215,34.123315],[-118.591227,34.129177],[-118.586001,34.129263],[-118.582577,34.1369490000001],[-118.581375,34.136492]]]},"properties":{"AlertID":119,"Identifier":"test-lac-950752-1736299633789","Sent":1736270820000,"Sender":"jfahey@ceooem.lacounty.gov","Effective":"2025-01-08T02:27:13+01:00","Onset":null,"Expires":1736357220000,"Headline":"Alert from AlertLACounty","Description":"Los Angeles County Fire Dept:  Wind-driven fire. An EVACUATION ORDER for Topanga west of Topanga Canyon Rd. LEAVE NOW.  Follow instructions from emergency personnel. Dial 9-1-1 for emergency help. Visit alertla.org for more information.","Instruction":"Los Angeles County Fire Dept:  Wind-driven fire. An EVACUATION ORDER for Topanga west of Topanga Canyon Rd. LEAVE NOW.  Follow instructions from emergency personnel. Dial 9-1-1 for emergency help. Visit alertla.org for more information.","Web":null,"CMAMtext":"LACoFD: Wildfire west of Topanga Canyon Rd EVACUATION ORDER. LEAVE NOW. Alertla.org","CMAMlongtext":"Los Angeles County Fire Dept:  Wind-driven fire. An EVACUATION ORDER for Topanga west of Topanga Canyon Rd. LEAVE NOW.  Follow instructions from emergency personnel. Dial 9-1-1 for emergency help. Visit alertla.org for more information.","CMAMtextSpanish":"LACoFD: Incendio oeste de Topanga Canyon Rd ORDEN DE EVACUACION. SALIR AHORA. Alertla.org","CMAMlongtextSpanish":"Departamento de Bomberos del Condado de Los Angeles: Incendio impulsado por el viento. Una ORDEN DE EVACUACION para Topanga al oeste de Topanga Canyon Rd. SALIR AHORA.  Siga las instrucciones del personal de emergencia. Marque el 9-1-1 para obtener ayuda de emergencia. Visite alertla.org para obtener mas informacion.","SameCode":null,"Status":"Actual","MsgType":"Alert","Scope":"Public","Code":"IPAWSv1.0","Reference":null,"Language":"es-US","Category":"Fire","Event":"Evacuation Immediate","ResponseType":"Evacuate","Urgency":"Immediate","Severity":"Extreme","Certainty":"Observed","EventCode":"SAME:EVI, SAME:EVI","SenderName":"Public Alert System","Parameters":"LACoFD: Wildfire west of Topanga Canyon Rd EVACUATION ORDER. LEAVE NOW. Alertla.org, Los Angeles County Fire Dept:  Wind-driven fire. An EVACUATION ORDER for Topanga west of Topanga Canyon Rd. LEAVE NOW.  Follow instructions from emergency personnel. Dial 9-1-1 for emergency help. Visit alertla.org for more information., EAS-ORG:CIV, timezone:EST, WEAHandling:Imminent Threat, BLOCKCHANNEL:EAS, BLOCKCHANNEL:NWEM, LACoFD: Incendio oeste de Topanga Canyon Rd ORDEN DE EVACUACION. SALIR AHORA. Alertla.org, Departamento de Bomberos del Condado de Los Angeles: Incendio impulsado por el viento. Una ORDEN DE EVACUACION para Topanga al oeste de Topanga Canyon Rd. SALIR AHORA.  Siga las instrucciones del personal de emergencia. Marque el 9-1-1 para obtener ayuda de emergencia. Visite alertla.org para obtener mas informacion., EAS-ORG:CIV, timezone:EST, WEAHandling:Imminent Threat, BLOCKCHANNEL:EAS, BLOCKCHANNEL:NWEM","Area":null,"Signature":null,"AreaDescription":"Los Angeles","FipsCode":"006037, 006037","GeoCodes":"","Circle":null,"CreateDate":1736270880000,"Shape__Area":0.00051759030657194671,"Shape__Length":0.096480530881720317,"DateRange":null}},{"type":"Feature","id":120,"geometry":{"type":"Polygon","coordinates":[[[-118.595002,34.1088360000001],[-118.595664,34.1087440000001],[-118.597638,34.108885],[-118.608451,34.108936],[-118.608457001,34.1071150000001],[-118.61068,34.1071160000001],[-118.610634,34.1217040000001],[-118.612836,34.1217080000001],[-118.612831,34.123526],[-118.610633,34.123519],[-118.610609,34.1290220000001],[-118.601913,34.1290010000001],[-118.591227,34.129177],[-118.591215,34.123315],[-118.590993,34.123315],[-118.590712,34.1232180000001],[-118.590524999,34.123054],[-118.590431,34.122754],[-118.590572,34.1222990000001],[-118.591905,34.1198850000001],[-118.592013,34.119607],[-118.59201,34.1193400000001],[-118.591902,34.1190360000001],[-118.591886,34.118798],[-118.592208,34.118025],[-118.592247001,34.1176770000001],[-118.591921,34.1146640000001],[-118.591861,34.11443],[-118.591561,34.1140360000001],[-118.590652,34.1134200000001],[-118.590554,34.113236],[-118.590536,34.113027],[-118.590568,34.1129080000001],[-118.590742,34.112666],[-118.591609,34.1118510000001],[-118.591886,34.1114170000001],[-118.592105,34.110937],[-118.592136,34.1106380000001],[-118.59202,34.1099110000001],[-118.592175,34.10911],[-118.59217,34.108686],[-118.592151,34.1085130000001],[-118.592056999,34.1083],[-118.592656,34.1081780000001],[-118.592648,34.1078860000001],[-118.592957,34.107961],[-118.59342,34.107871],[-118.593766,34.1082480000001],[-118.594128001,34.1083620000001],[-118.594099,34.1084290000001],[-118.594465,34.1085440000001],[-118.594521,34.108419],[-118.594676,34.1084720000001],[-118.595039,34.108478],[-118.595002,34.1088360000001]]]},"properties":{"AlertID":120,"Identifier":"test-lac-950767-1736299723161","Sent":1736270940000,"Sender":"jfahey@ceooem.lacounty.gov","Effective":"2025-01-08T02:28:43+01:00","Onset":null,"Expires":1736357340000,"Headline":"Alert from AlertLACounty","Description":"Los Angeles County Fire Dept:  Wind-driven fire. An EVACUATION ORDER for Topanga west of Topanga Canyon Rd. LEAVE NOW.  Follow instructions from emergency personnel. Dial 9-1-1 for emergency help. Visit alertla.org for more information.","Instruction":"Los Angeles County Fire Dept:  Wind-driven fire. An EVACUATION ORDER for Topanga west of Topanga Canyon Rd. LEAVE NOW.  Follow instructions from emergency personnel. Dial 9-1-1 for emergency help. Visit alertla.org for more information.","Web":null,"CMAMtext":"LACoFD: Wildfire west of Topanga Canyon Rd EVACUATION ORDER. LEAVE NOW. Alertla.org","CMAMlongtext":"Los Angeles County Fire Dept:  Wind-driven fire. An EVACUATION ORDER for Topanga west of Topanga Canyon Rd. LEAVE NOW.  Follow instructions from emergency personnel. Dial 9-1-1 for emergency help. Visit alertla.org for more information.","CMAMtextSpanish":"LACoFD: Incendio oeste de Topanga Canyon Rd ORDEN DE EVACUACION. SALIR AHORA. Alertla.org","CMAMlongtextSpanish":"Departamento de Bomberos del Condado de Los Angeles: Incendio impulsado por el viento. Una ORDEN DE EVACUACION para Topanga al oeste de Topanga Canyon Rd. SALIR AHORA.  Siga las instrucciones del personal de emergencia. Marque el 9-1-1 para obtener ayuda de emergencia. Visite alertla.org para obtener mas informacion.","SameCode":null,"Status":"Actual","MsgType":"Alert","Scope":"Public","Code":"IPAWSv1.0","Reference":null,"Language":"es-US","Category":"Fire","Event":"Evacuation Immediate","ResponseType":"Evacuate","Urgency":"Immediate","Severity":"Extreme","Certainty":"Observed","EventCode":"SAME:EVI, SAME:EVI","SenderName":"Public Alert System","Parameters":"LACoFD: Wildfire west of Topanga Canyon Rd EVACUATION ORDER. LEAVE NOW. Alertla.org, Los Angeles County Fire Dept:  Wind-driven fire. An EVACUATION ORDER for Topanga west of Topanga Canyon Rd. LEAVE NOW.  Follow instructions from emergency personnel. Dial 9-1-1 for emergency help. Visit alertla.org for more information., EAS-ORG:CIV, timezone:EST, WEAHandling:Imminent Threat, BLOCKCHANNEL:EAS, BLOCKCHANNEL:NWEM, LACoFD: Incendio oeste de Topanga Canyon Rd ORDEN DE EVACUACION. SALIR AHORA. Alertla.org, Departamento de Bomberos del Condado de Los Angeles: Incendio impulsado por el viento. Una ORDEN DE EVACUACION para Topanga al oeste de Topanga Canyon Rd. SALIR AHORA.  Siga las instrucciones del personal de emergencia. Marque el 9-1-1 para obtener ayuda de emergencia. Visite alertla.org para obtener mas informacion., EAS-ORG:CIV, timezone:EST, WEAHandling:Imminent Threat, BLOCKCHANNEL:EAS, BLOCKCHANNEL:NWEM","Area":null,"Signature":null,"AreaDescription":"Los Angeles","FipsCode":"006037, 006037","GeoCodes":"","Circle":null,"CreateDate":1736270940000,"Shape__Area":0.00039559629431096255,"Shape__Length":0.090375002904601057,"DateRange":null}},{"type":"Feature","id":121,"geometry":{"type":"Polygon","coordinates":[[[-118.630964,34.12537],[-118.623827,34.12541],[-118.610629999,34.1253310000001],[-118.610633,34.123519],[-118.612831,34.123526],[-118.612836,34.1217080000001],[-118.610634,34.1217040000001],[-118.61068,34.1071160000001],[-118.623815,34.107151],[-118.625186,34.1065810000001],[-118.625438,34.106609],[-118.625707,34.1065520000001],[-118.626093,34.106731],[-118.626622,34.1067350000001],[-118.626687,34.10679],[-118.626737,34.1069610000001],[-118.626791,34.106955],[-118.626785,34.1068230000001],[-118.627353,34.1064030000001],[-118.627425,34.1064940000001],[-118.627471,34.106479],[-118.628119,34.107286],[-118.628119,34.107159],[-118.6335,34.107181],[-118.633504,34.1079740000001],[-118.634595,34.1089170000001],[-118.634793,34.1089160000001],[-118.634468001,34.1084440000001],[-118.635237,34.108282],[-118.636754,34.1086700000001],[-118.636753,34.1071860000001],[-118.64568,34.1071820000001],[-118.645669,34.118095],[-118.650257,34.1181040000001],[-118.650064,34.1290760000001],[-118.644971,34.129056],[-118.644942,34.125324],[-118.630964,34.12537]]]},"properties":{"AlertID":121,"Identifier":"test-lac-950785-1736299799407","Sent":1736271000000,"Sender":"jfahey@ceooem.lacounty.gov","Effective":"2025-01-08T02:29:59+01:00","Onset":null,"Expires":1736357400000,"Headline":"Alert from AlertLACounty","Description":"Los Angeles County Fire Dept:  Wind-driven fire. An EVACUATION ORDER for Topanga west of Topanga Canyon Rd. LEAVE NOW.  Follow instructions from emergency personnel. Dial 9-1-1 for emergency help. Visit alertla.org for more information.","Instruction":"Los Angeles County Fire Dept:  Wind-driven fire. An EVACUATION ORDER for Topanga west of Topanga Canyon Rd. LEAVE NOW.  Follow instructions from emergency personnel. Dial 9-1-1 for emergency help. Visit alertla.org for more information.","Web":null,"CMAMtext":"LACoFD: Wildfire west of Topanga Canyon Rd EVACUATION ORDER. LEAVE NOW. Alertla.org","CMAMlongtext":"Los Angeles County Fire Dept:  Wind-driven fire. An EVACUATION ORDER for Topanga west of Topanga Canyon Rd. LEAVE NOW.  Follow instructions from emergency personnel. Dial 9-1-1 for emergency help. Visit alertla.org for more information.","CMAMtextSpanish":"LACoFD: Incendio oeste de Topanga Canyon Rd ORDEN DE EVACUACION. SALIR AHORA. Alertla.org","CMAMlongtextSpanish":"Departamento de Bomberos del Condado de Los Angeles: Incendio impulsado por el viento. Una ORDEN DE EVACUACION para Topanga al oeste de Topanga Canyon Rd. SALIR AHORA.  Siga las instrucciones del personal de emergencia. Marque el 9-1-1 para obtener ayuda de emergencia. Visite alertla.org para obtener mas informacion.","SameCode":null,"Status":"Actual","MsgType":"Alert","Scope":"Public","Code":"IPAWSv1.0","Reference":null,"Language":"es-US","Category":"Fire","Event":"Evacuation Immediate","ResponseType":"Evacuate","Urgency":"Immediate","Severity":"Extreme","Certainty":"Observed","EventCode":"SAME:EVI, SAME:EVI","SenderName":"Public Alert System","Parameters":"LACoFD: Wildfire west of Topanga Canyon Rd EVACUATION ORDER. LEAVE NOW. Alertla.org, Los Angeles County Fire Dept:  Wind-driven fire. An EVACUATION ORDER for Topanga west of Topanga Canyon Rd. LEAVE NOW.  Follow instructions from emergency personnel. Dial 9-1-1 for emergency help. Visit alertla.org for more information., EAS-ORG:CIV, timezone:EST, WEAHandling:Imminent Threat, BLOCKCHANNEL:EAS, BLOCKCHANNEL:NWEM, LACoFD: Incendio oeste de Topanga Canyon Rd ORDEN DE EVACUACION. SALIR AHORA. Alertla.org, Departamento de Bomberos del Condado de Los Angeles: Incendio impulsado por el viento. Una ORDEN DE EVACUACION para Topanga al oeste de Topanga Canyon Rd. SALIR AHORA.  Siga las instrucciones del personal de emergencia. Marque el 9-1-1 para obtener ayuda de emergencia. Visite alertla.org para obtener mas informacion., EAS-ORG:CIV, timezone:EST, WEAHandling:Imminent Threat, BLOCKCHANNEL:EAS, BLOCKCHANNEL:NWEM","Area":null,"Signature":null,"AreaDescription":"Los Angeles","FipsCode":"006037, 006037","GeoCodes":"","Circle":null,"CreateDate":1736271060000,"Shape__Area":0.0006830920617630909,"Shape__Length":0.13196570081026626,"DateRange":null}},{"type":"Feature","id":122,"geometry":{"type":"Polygon","coordinates":[[[-118.635981,34.0360670000001],[-118.642063,34.037586],[-118.645422,34.0381140000001],[-118.647641,34.038152],[-118.648845,34.037467],[-118.659921,34.0387620000001],[-118.659939,34.0475010000001],[-118.66002,34.0475010000001],[-118.659812999,34.072075],[-118.658825,34.0719030000001],[-118.65755,34.072343],[-118.65622,34.071271],[-118.653632999,34.0702890000001],[-118.65339,34.0699240000001],[-118.652887,34.0680790000001],[-118.652878,34.0675880000001],[-118.65322,34.067119],[-118.653094,34.066516],[-118.651621,34.0655560000001],[-118.649608,34.062773],[-118.648935,34.062438],[-118.647758,34.063361],[-118.646366,34.0637850000001],[-118.646231,34.064016],[-118.646419001,34.0649230000001],[-118.646339,34.065325],[-118.644048,34.065162],[-118.643554,34.065593],[-118.643671,34.0660770000001],[-118.645395,34.0672900000001],[-118.645368,34.0675210000001],[-118.643266,34.066583],[-118.641021,34.0669330000001],[-118.640868,34.066851],[-118.640616,34.066017],[-118.639817,34.065504],[-118.636897,34.0655110000001],[-118.636951,34.045938],[-118.635981,34.0360670000001]]]},"properties":{"AlertID":122,"Identifier":"test-lac-950827-1736300446540","Sent":1736271660000,"Sender":"jfahey@ceooem.lacounty.gov","Effective":"2025-01-08T02:40:46+01:00","Onset":null,"Expires":1736358060000,"Headline":"Alert from AlertLACounty","Description":"Los Angeles County Fire Dept:  Wind-driven fire. An EVACUATION ORDER for Topanga west of Topanga Canyon Rd. LEAVE NOW.  Follow instructions from emergency personnel. Dial 9-1-1 for emergency help. Visit alertla.org for more information.","Instruction":"Los Angeles County Fire Dept:  Wind-driven fire. An EVACUATION ORDER for Topanga west of Topanga Canyon Rd. LEAVE NOW.  Follow instructions from emergency personnel. Dial 9-1-1 for emergency help. Visit alertla.org for more information.","Web":null,"CMAMtext":"LACoFD: Wildfire west of Topanga Canyon Rd EVACUATION ORDER. LEAVE NOW. Alertla.org","CMAMlongtext":"Los Angeles County Fire Dept:  Wind-driven fire. An EVACUATION ORDER for Topanga west of Topanga Canyon Rd. LEAVE NOW.  Follow instructions from emergency personnel. Dial 9-1-1 for emergency help. Visit alertla.org for more information.","CMAMtextSpanish":"LACoFD: Incendio oeste de Topanga Canyon Rd ORDEN DE EVACUACION. SALIR AHORA. Alertla.org","CMAMlongtextSpanish":"Departamento de Bomberos del Condado de Los Angeles: Incendio impulsado por el viento. Una ORDEN DE EVACUACION para Topanga al oeste de Topanga Canyon Rd. SALIR AHORA.  Siga las instrucciones del personal de emergencia. Marque el 9-1-1 para obtener ayuda de emergencia. Visite alertla.org para obtener mas informacion.","SameCode":null,"Status":"Actual","MsgType":"Alert","Scope":"Public","Code":"IPAWSv1.0","Reference":null,"Language":"es-US","Category":"Fire","Event":"Evacuation Immediate","ResponseType":"Evacuate","Urgency":"Immediate","Severity":"Extreme","Certainty":"Observed","EventCode":"SAME:EVI, SAME:EVI","SenderName":"Public Alert System","Parameters":"LACoFD: Wildfire west of Topanga Canyon Rd EVACUATION ORDER. LEAVE NOW. Alertla.org, Los Angeles County Fire Dept:  Wind-driven fire. An EVACUATION ORDER for Topanga west of Topanga Canyon Rd. LEAVE NOW.  Follow instructions from emergency personnel. Dial 9-1-1 for emergency help. Visit alertla.org for more information., EAS-ORG:CIV, timezone:EST, WEAHandling:Imminent Threat, BLOCKCHANNEL:EAS, BLOCKCHANNEL:NWEM, LACoFD: Incendio oeste de Topanga Canyon Rd ORDEN DE EVACUACION. SALIR AHORA. Alertla.org, Departamento de Bomberos del Condado de Los Angeles: Incendio impulsado por el viento. Una ORDEN DE EVACUACION para Topanga al oeste de Topanga Canyon Rd. SALIR AHORA.  Siga las instrucciones del personal de emergencia. Marque el 9-1-1 para obtener ayuda de emergencia. Visite alertla.org para obtener mas informacion., EAS-ORG:CIV, timezone:EST, WEAHandling:Imminent Threat, BLOCKCHANNEL:EAS, BLOCKCHANNEL:NWEM","Area":null,"Signature":null,"AreaDescription":"Los Angeles","FipsCode":"006037, 006037","GeoCodes":"","Circle":null,"CreateDate":1736271660000,"Shape__Area":0.00067588379579319735,"Shape__Length":0.12395538129438362,"DateRange":null}},{"type":"Feature","id":123,"geometry":{"type":"Polygon","coordinates":[[[-118.673504,34.047516],[-118.682235,34.047531],[-118.686492999,34.0457220000001],[-118.690958,34.0454540000001],[-118.693842001,34.050485],[-118.69677,34.0531950000001],[-118.696456,34.054646],[-118.694264,34.056566],[-118.694497,34.061738],[-118.694749,34.0622070000001],[-118.697004,34.063547],[-118.699474,34.0630180000001],[-118.702385,34.0636880000001],[-118.705457,34.0631900000001],[-118.707451001,34.0640750000001],[-118.708637,34.065616],[-118.708179,34.06944],[-118.702807,34.076852],[-118.702429,34.077685],[-118.705133,34.0831020000001],[-118.703795,34.087521],[-118.703849,34.0878930000001],[-118.709975,34.0937920000001],[-118.711952001,34.0970060000001],[-118.711134,34.100353],[-118.711142999,34.1029050000001],[-118.711889,34.105062],[-118.711431,34.110038],[-118.708206,34.118658],[-118.706580001,34.1249270000001],[-118.70587,34.1259010000001],[-118.707514,34.1275150000001],[-118.708322,34.1291800000001],[-118.707271,34.1364520000001],[-118.707737999,34.1378280000001],[-118.709751,34.140743],[-118.701621,34.144928],[-118.696132001,34.1501180000001],[-118.69421,34.1510020000001],[-118.692179999,34.1511810000001],[-118.689018,34.1506830000001],[-118.680313,34.1512920000001],[-118.672408,34.149144],[-118.66497,34.1495820000001],[-118.654765001,34.152385],[-118.638523,34.15912],[-118.637796001,34.158213],[-118.638523,34.157633],[-118.632172,34.1505340000001],[-118.631175,34.151151],[-118.629837,34.150021],[-118.628974,34.147278],[-118.614987,34.1472850000001],[-118.614996,34.149277],[-118.609651,34.147248],[-118.610577,34.147255],[-118.610603999,34.140066],[-118.606211,34.140096],[-118.606256,34.1290090000001],[-118.610621999,34.1290240000001],[-118.61064,34.125321],[-118.644955,34.125321],[-118.644982,34.129061],[-118.650076,34.129084],[-118.650273,34.1181070000001],[-118.645683,34.1181],[-118.645692,34.1071890000001],[-118.641083,34.107197],[-118.641146,34.0926470000001],[-118.63696,34.0926470000001],[-118.636933,34.0655110000001],[-118.640176,34.0654960000001],[-118.64129,34.0668140000001],[-118.643302,34.0665010000001],[-118.644614,34.0670890000001],[-118.643329,34.065705],[-118.644084,34.0650430000001],[-118.646213,34.0651990000001],[-118.646231,34.0638220000001],[-118.648917,34.0624010000001],[-118.649725,34.0627950000001],[-118.651594,34.0653770000001],[-118.653301,34.0665010000001],[-118.653094,34.068637],[-118.653633,34.0702140000001],[-118.656391,34.071264],[-118.657271,34.0719700000001],[-118.659813,34.0717550000001],[-118.66002,34.0475010000001],[-118.673504,34.047516]]]},"properties":{"AlertID":123,"Identifier":"test-lac-950851-1736300752535","Sent":1736271960000,"Sender":"gwollela@ceooem.lacounty.gov","Effective":"2025-01-08T02:45:52+01:00","Onset":null,"Expires":1736358360000,"Headline":"Alert from AlertLACounty","Description":"This is an emergency message from the Los Angeles County Fire Department. An EVACUATION WARNING has been issued in your area.  Remain vigilant of any threats and be ready to evacuate. Gather loved ones, pets, and supplies. Continue to monitor local weather, news, and the webpage alertla.org for more information.\n\n\n","Instruction":"This is an emergency message from the Los Angeles County Fire Department. An EVACUATION WARNING has been issued in your area.  Remain vigilant of any threats and be ready to evacuate. Gather loved ones, pets, and supplies. Continue to monitor local weather, news, and the webpage alertla.org for more information.","Web":null,"CMAMtext":"LACoFD: Evacuation warning in your area. Prepare to evacuate. More on alertla.org.","CMAMlongtext":"This is an emergency message from the Los Angeles County Fire Department. An EVACUATION WARNING has been issued in your area.  Remain vigilant of any threats and be ready to evacuate. Gather loved ones, pets, and supplies. Continue to monitor local weather, news, and the webpage alertla.org for more information.\n\n\n","CMAMtextSpanish":"LACoFD: Advertencia de evacuacion en su area. Mas informacion en alertla.org.","CMAMlongtextSpanish":"Este es un mensaje de emergencia del Departamento de Bomberos del Condado de Los Angeles. Se ha emitido una ADVERTENCIA DE EVACUACION en su area. Mantengase alerta y este listo para evacuar. Reuna a sus seres queridos, mascotas y suministros. Continue monitoreando el clima local, las noticias y la pagina web alertla.org para informacion.","SameCode":null,"Status":"Actual","MsgType":"Alert","Scope":"Public","Code":"IPAWSv1.0","Reference":null,"Language":"es-US","Category":"Fire","Event":"Fire Warning","ResponseType":"Prepare","Urgency":"Immediate","Severity":"Extreme","Certainty":"Observed","EventCode":"SAME:FRW, SAME:FRW","SenderName":"Public Alert System","Parameters":"LACoFD: Evacuation warning in your area. Prepare to evacuate. More on alertla.org., This is an emergency message from the Los Angeles County Fire Department. An EVACUATION WARNING has been issued in your area.  Remain vigilant of any threats and be ready to evacuate. Gather loved ones, pets, and supplies. Continue to monitor local weather, news, and the webpage alertla.org for more information.\n\n\n, EAS-ORG:CIV, timezone:EST, WEAHandling:Imminent Threat, BLOCKCHANNEL:EAS, BLOCKCHANNEL:NWEM, LACoFD: Advertencia de evacuacion en su area. Mas informacion en alertla.org., Este es un mensaje de emergencia del Departamento de Bomberos del Condado de Los Angeles. Se ha emitido una ADVERTENCIA DE EVACUACION en su area. Mantengase alerta y este listo para evacuar. Reuna a sus seres queridos, mascotas y suministros. Continue monitoreando el clima local, las noticias y la pagina web alertla.org para informacion., EAS-ORG:CIV, timezone:EST, WEAHandling:Imminent Threat, BLOCKCHANNEL:EAS, BLOCKCHANNEL:NWEM","Area":null,"Signature":null,"AreaDescription":"Los Angeles","FipsCode":"006037, 006037","GeoCodes":"","Circle":null,"CreateDate":1736272020000,"Shape__Area":0.0071049730552203982,"Shape__Length":0.47667987685214597,"DateRange":null}},{"type":"Feature","id":124,"geometry":{"type":"Polygon","coordinates":[[[-118.724275,34.0434300000001],[-118.719589,34.0437140000001],[-118.718337999,34.0403470000001],[-118.718075,34.0367860000001],[-118.71482,34.034926],[-118.713567,34.035023],[-118.715702,34.036933],[-118.715037,34.037744],[-118.715251,34.0389460000001],[-118.714927,34.039363],[-118.714427,34.039181],[-118.714889,34.039411],[-118.714315,34.040108],[-118.713438,34.0395350000001],[-118.712572,34.0402320000001],[-118.712048,34.0392410000001],[-118.708609999,34.036461],[-118.70969,34.035082],[-118.709682,34.0343770000001],[-118.703562,34.034863],[-118.703584999,34.0369400000001],[-118.702638001,34.0386080000001],[-118.70122,34.039548],[-118.697799,34.0406390000001],[-118.699038,34.04238],[-118.699270001,34.043623],[-118.698971,34.0447100000001],[-118.69836,34.0449980000001],[-118.686511,34.045714],[-118.682248,34.0475250000001],[-118.659928,34.047495],[-118.659913,34.038756],[-118.66724,34.0390100000001],[-118.67313,34.0384010000001],[-118.676417,34.037137],[-118.675331,34.035629],[-118.675619,34.035487],[-118.676706001,34.0370120000001],[-118.677376,34.036616],[-118.680043,34.031996],[-118.682762,34.03083],[-118.690626,34.032447],[-118.694038,34.0326820000001],[-118.696787,34.0324130000001],[-118.706513,34.0296040000001],[-118.714590001,34.0315420000001],[-118.719459,34.0312860000001],[-118.731213,34.03295],[-118.731126,34.043014],[-118.724275,34.0434300000001]]]},"properties":{"AlertID":124,"Identifier":"test-lac-950929-1736301026630","Sent":1736272200000,"Sender":"gwollela@ceooem.lacounty.gov","Effective":"2025-01-08T02:50:26+01:00","Onset":null,"Expires":1736358600000,"Headline":"Alert from AlertLACounty","Description":"This is an emergency message from the Los Angeles County Fire Department. An EVACUATION WARNING has been issued in your area.  Remain vigilant of any threats and be ready to evacuate. Gather loved ones, pets, and supplies. Continue to monitor local weather, news, and the webpage alertla.org for more information.\n\n\n","Instruction":"This is an emergency message from the Los Angeles County Fire Department. An EVACUATION WARNING has been issued in your area.  Remain vigilant of any threats and be ready to evacuate. Gather loved ones, pets, and supplies. Continue to monitor local weather, news, and the webpage alertla.org for more information.","Web":null,"CMAMtext":"LACoFD: Evacuation warning in your area. Prepare to evacuate. More on alertla.org.","CMAMlongtext":"This is an emergency message from the Los Angeles County Fire Department. An EVACUATION WARNING has been issued in your area.  Remain vigilant of any threats and be ready to evacuate. Gather loved ones, pets, and supplies. Continue to monitor local weather, news, and the webpage alertla.org for more information.\n\n\n","CMAMtextSpanish":"LACoFD: Advertencia de evacuacion en su area. Mas informacion en alertla.org.","CMAMlongtextSpanish":"Este es un mensaje de emergencia del Departamento de Bomberos del Condado de Los Angeles. Se ha emitido una ADVERTENCIA DE EVACUACION en su area. Mantengase alerta y este listo para evacuar. Reuna a sus seres queridos, mascotas y suministros. Continue monitoreando el clima local, las noticias y la pagina web alertla.org para informacion.","SameCode":null,"Status":"Actual","MsgType":"Alert","Scope":"Public","Code":"IPAWSv1.0","Reference":null,"Language":"es-US","Category":"Fire","Event":"Fire Warning","ResponseType":"Prepare","Urgency":"Immediate","Severity":"Extreme","Certainty":"Observed","EventCode":"SAME:FRW, SAME:FRW","SenderName":"Public Alert System","Parameters":"LACoFD: Evacuation warning in your area. Prepare to evacuate. More on alertla.org., This is an emergency message from the Los Angeles County Fire Department. An EVACUATION WARNING has been issued in your area.  Remain vigilant of any threats and be ready to evacuate. Gather loved ones, pets, and supplies. Continue to monitor local weather, news, and the webpage alertla.org for more information.\n\n\n, EAS-ORG:CIV, timezone:EST, WEAHandling:Imminent Threat, BLOCKCHANNEL:EAS, BLOCKCHANNEL:NWEM, LACoFD: Advertencia de evacuacion en su area. Mas informacion en alertla.org., Este es un mensaje de emergencia del Departamento de Bomberos del Condado de Los Angeles. Se ha emitido una ADVERTENCIA DE EVACUACION en su area. Mantengase alerta y este listo para evacuar. Reuna a sus seres queridos, mascotas y suministros. Continue monitoreando el clima local, las noticias y la pagina web alertla.org para informacion., EAS-ORG:CIV, timezone:EST, WEAHandling:Imminent Threat, BLOCKCHANNEL:EAS, BLOCKCHANNEL:NWEM","Area":null,"Signature":null,"AreaDescription":"Los Angeles","FipsCode":"006037, 006037","GeoCodes":"","Circle":null,"CreateDate":1736272260000,"Shape__Area":0.00072443981616743258,"Shape__Length":0.19904006672936736,"DateRange":null}},{"type":"Feature","id":125,"geometry":{"type":"Polygon","coordinates":[[[-118.0986,34.1527120000001],[-118.121417,34.152474],[-118.127993,34.151998],[-118.132556,34.151961],[-118.132565,34.162903],[-118.131334,34.1902150000001],[-118.129771,34.190364],[-118.121705,34.1903790000001],[-118.120761,34.190528],[-118.120968,34.191204],[-118.121399,34.191196],[-118.121399001,34.1917460000001],[-118.120995,34.1917540000001],[-118.120995,34.1923850000001],[-118.120779,34.1923850000001],[-118.120896,34.1930170000001],[-118.120591,34.1930170000001],[-118.1206,34.1942500000001],[-118.120914,34.1943620000001],[-118.120977,34.1945250000001],[-118.122324,34.194845],[-118.122845,34.1970220000001],[-118.122738,34.197973],[-118.121821,34.1985080000001],[-118.121956,34.1999710000001],[-118.121058,34.2004690000001],[-118.113593001,34.2004620000001],[-118.109137,34.1971110000001],[-118.109137,34.196895],[-118.104807,34.1948590000001],[-118.104807,34.193292],[-118.100441,34.1932400000001],[-118.100414,34.189599],[-118.09621,34.1896800000001],[-118.096282,34.1933960000001],[-118.092123,34.193544],[-118.092051,34.197326],[-118.08544,34.197326],[-118.085502,34.1936190000001],[-118.083472,34.1936410000001],[-118.08332,34.1839660000001],[-118.082439,34.183609],[-118.082439,34.1824720000001],[-118.082233,34.1824720000001],[-118.08128,34.183186],[-118.080247001,34.1831490000001],[-118.080247,34.1834240000001],[-118.079618,34.1834240000001],[-118.079608999,34.182487],[-118.078612001,34.1824950000001],[-118.078585,34.1800500000001],[-118.077858,34.1796410000001],[-118.077948,34.179173],[-118.077569999,34.178994],[-118.074354,34.179061],[-118.074345,34.1762820000001],[-118.074777,34.176728],[-118.075576,34.176884],[-118.075917,34.1772700000001],[-118.076483,34.177107],[-118.076834,34.177486],[-118.077238,34.1775010000001],[-118.077247,34.1771140000001],[-118.077391,34.1770990000001],[-118.077498,34.17753],[-118.078073,34.176973],[-118.077804,34.1757840000001],[-118.077488999,34.175553],[-118.077364,34.175167],[-118.077849,34.17513],[-118.077768,34.1740820000001],[-118.077624,34.173859],[-118.076977,34.173911],[-118.077894,34.1716290000001],[-118.076223,34.1717560000001],[-118.078514,34.168887],[-118.078145,34.1685230000001],[-118.077975,34.1677270000001],[-118.07766,34.167497],[-118.078127,34.166545],[-118.078684,34.164412],[-118.07828,34.1641450000001],[-118.078352,34.163825],[-118.077857999,34.1634760000001],[-118.078388,34.161774],[-118.091054,34.1616030000001],[-118.092312001,34.16135],[-118.093417,34.160629],[-118.094054,34.159566],[-118.094261,34.1536860000001],[-118.094611,34.1527340000001],[-118.0986,34.1527120000001]]]},"properties":{"AlertID":125,"Identifier":"test-lac-950953-1736304510319","Sent":1736275740000,"Sender":"jfahey@ceooem.lacounty.gov","Effective":"2025-01-08T03:48:30+01:00","Onset":null,"Expires":1736362140000,"Headline":"Alert from AlertLACounty","Description":"LA County Office of Emergency Managment: Fast moving wildfire in your area. BE AWARE of your surroundings and MONITOR the situation closely. Follow all instructions from first responders in the field. More information will be posted on alertla.org when available. ","Instruction":"LA County Fire Emergency Message: Fast moving wildfire in your area. BE AWARE of your surroundings and MONITOR the situation closely. Follow all instructions from first responders in the field. More information will be posted on alertla.org when available. ","Web":null,"CMAMtext":"LACo OEM: Fast moving wildfire. BE AWARE and MONITOR. More on alertla.org. ","CMAMlongtext":"LA County Office of Emergency Managment: Fast moving wildfire in your area. BE AWARE of your surroundings and MONITOR the situation closely. Follow all instructions from first responders in the field. More information will be posted on alertla.org when available. ","CMAMtextSpanish":"LACoOEM: Incendio forestal moviendo rapido. TENGA CUENTA y SUPERVISE. Mas en alertla.org","CMAMlongtextSpanish":"Mensaje de emergencia del condado de Los Angeles Oficina de Emergencia: Incendio forestal de rapido avance en el area. TENGA EN CUENTA su entorno y MONITOREE la situacion de cerca. Siga todas las instrucciones de los socorristas en el campo. Se publicara mas informacion en alertla.org cuando este disponible.","SameCode":null,"Status":"Actual","MsgType":"Alert","Scope":"Public","Code":"IPAWSv1.0","Reference":null,"Language":"es-US","Category":"Fire","Event":"Local Area Emergency","ResponseType":"Monitor","Urgency":"Expected","Severity":"Severe","Certainty":"Observed","EventCode":"SAME:LAE, SAME:LAE","SenderName":"Public Alert System","Parameters":"LACo OEM: Fast moving wildfire. BE AWARE and MONITOR. More on alertla.org. , LA County Office of Emergency Managment: Fast moving wildfire in your area. BE AWARE of your surroundings and MONITOR the situation closely. Follow all instructions from first responders in the field. More information will be posted on alertla.org when available. , EAS-ORG:CIV, timezone:EST, WEAHandling:Public Safety, BLOCKCHANNEL:EAS, BLOCKCHANNEL:NWEM, LACoOEM: Incendio forestal moviendo rapido. TENGA CUENTA y SUPERVISE. Mas en alertla.org, Mensaje de emergencia del condado de Los Angeles Oficina de Emergencia: Incendio forestal de rapido avance en el area. TENGA EN CUENTA su entorno y MONITOREE la situacion de cerca. Siga todas las instrucciones de los socorristas en el campo. Se publicara mas informacion en alertla.org cuando este disponible., EAS-ORG:CIV, timezone:EST, WEAHandling:Public Safety, BLOCKCHANNEL:EAS, BLOCKCHANNEL:NWEM","Area":null,"Signature":null,"AreaDescription":"Los Angeles","FipsCode":"006037, 006037","GeoCodes":"","Circle":null,"CreateDate":1736275740000,"Shape__Area":0.0020905256465084676,"Shape__Length":0.23273950591687848,"DateRange":null}},{"type":"Feature","id":126,"geometry":{"type":"Polygon","coordinates":[[[-118.081146,34.1617440000001],[-118.08332,34.1643010000001],[-118.088072,34.1681960000001],[-118.089769,34.1706330000001],[-118.095384,34.173837],[-118.096462,34.1716290000001],[-118.096138,34.1707230000001],[-118.095043,34.1701650000001],[-118.094953,34.169117],[-118.097728,34.1689460000001],[-118.097728,34.1686120000001],[-118.098321,34.168619],[-118.09833,34.167556],[-118.109371,34.167579],[-118.109371,34.1685890000001],[-118.11159,34.168597],[-118.111455,34.1703880000001],[-118.113018,34.1704030000001],[-118.113026999,34.169541],[-118.11724,34.169585],[-118.116899,34.1753160000001],[-118.117357,34.175308],[-118.117357,34.17591],[-118.118228,34.1758580000001],[-118.118444,34.175085],[-118.122342,34.175308],[-118.122747,34.1751080000001],[-118.126187,34.175085],[-118.128622,34.1752490000001],[-118.128631,34.1765120000001],[-118.131954,34.176497],[-118.131325,34.1902900000001],[-118.121094,34.190617],[-118.121669,34.1917090000001],[-118.12095,34.192437],[-118.12077,34.19431],[-118.122342,34.1949040000001],[-118.122845,34.1970220000001],[-118.122738,34.197973],[-118.121821,34.1985080000001],[-118.121956,34.1999710000001],[-118.121058,34.2004690000001],[-118.113323,34.2004620000001],[-118.10849,34.1965910000001],[-118.104807,34.1948590000001],[-118.104807,34.193292],[-118.100441,34.1932400000001],[-118.100414,34.189599],[-118.09621,34.1896800000001],[-118.096282,34.1933960000001],[-118.092123,34.193544],[-118.092051,34.197326],[-118.08544,34.197326],[-118.085502,34.1936190000001],[-118.083472,34.1936410000001],[-118.08332,34.1839660000001],[-118.082439,34.183609],[-118.082439,34.1827250000001],[-118.079618,34.183676],[-118.079608999,34.182487],[-118.078612001,34.1824950000001],[-118.078585,34.1800500000001],[-118.077858,34.1796410000001],[-118.077948,34.17918],[-118.074354,34.179061],[-118.074345,34.1762220000001],[-118.075819,34.1770470000001],[-118.077247,34.1772700000001],[-118.077247,34.1771140000001],[-118.077391,34.1770990000001],[-118.077498,34.17753],[-118.078028,34.177018],[-118.077355,34.175167],[-118.077849,34.17513],[-118.077768,34.1741040000001],[-118.076977,34.173911],[-118.077894,34.1716290000001],[-118.076223,34.1717560000001],[-118.07846,34.1689460000001],[-118.077615,34.167646],[-118.078639,34.164546],[-118.077813,34.163617],[-118.078397,34.1617360000001],[-118.081146,34.1617440000001]]]},"properties":{"AlertID":126,"Identifier":"test-lac-951049-1736306762605","Sent":1736277960000,"Sender":"kharo@ceooem.lacounty.gov","Effective":"2025-01-08T04:26:02+01:00","Onset":null,"Expires":1736364360000,"Headline":"Alert from AlertLACounty","Description":"LA COUNTY OFFICE OF EMERGENCY MANAGEMENT: FAST MOVING WILDFIRE IN YOUR AREA. AN EVACUATION ORDER HAS BEEN ISSUED FOR THE YOUR AREA. LEAVE NOW. MORE INFO AT ALERTLA.ORG. ","Instruction":"LA COUNTY OFFICE OF EMERGENCY MANAGEMENT: FAST MOVING WILDFIRE IN YOUR AREA. AN EVACUATION ORDER HAS BEEN ISSUED FOR THE YOUR AREA. LEAVE NOW. MORE INFO AT ALERTLA.ORG. ","Web":null,"CMAMtext":"LACo OEM: Fast moving wildfire. EVACUATION ORDER. LEAVE NOW. Alertla.org","CMAMlongtext":"LA COUNTY OFFICE OF EMERGENCY MANAGEMENT: FAST MOVING WILDFIRE IN YOUR AREA. AN EVACUATION ORDER HAS BEEN ISSUED FOR THE YOUR AREA. LEAVE NOW. MORE INFO AT ALERTLA.ORG. ","CMAMtextSpanish":"LACoOEM: Incendio avanza rapidamente. ORDEN DE EVACUACION. SALIR AHORA. Alertla.org","CMAMlongtextSpanish":"Oficina de Manejo de Emergencias del Condado de Los Angeles: Incendio forestal de rapido avance en su area. Se emitio una orden de evacuacion para el area. Vete ahora. Mas informacion en alertla.org.","SameCode":null,"Status":"Actual","MsgType":"Alert","Scope":"Public","Code":"IPAWSv1.0","Reference":null,"Language":"es-US","Category":"Fire","Event":"Evacuation Immediate","ResponseType":"Evacuate","Urgency":"Immediate","Severity":"Extreme","Certainty":"Observed","EventCode":"SAME:EVI, SAME:EVI","SenderName":"Public Alert System","Parameters":"LACo OEM: Fast moving wildfire. EVACUATION ORDER. LEAVE NOW. Alertla.org, LA COUNTY OFFICE OF EMERGENCY MANAGEMENT: FAST MOVING WILDFIRE IN YOUR AREA. AN EVACUATION ORDER HAS BEEN ISSUED FOR THE YOUR AREA. LEAVE NOW. MORE INFO AT ALERTLA.ORG. , EAS-ORG:CIV, timezone:EST, WEAHandling:Imminent Threat, BLOCKCHANNEL:EAS, BLOCKCHANNEL:NWEM, LACoOEM: Incendio avanza rapidamente. ORDEN DE EVACUACION. SALIR AHORA. Alertla.org, Oficina de Manejo de Emergencias del Condado de Los Angeles: Incendio forestal de rapido avance en su area. Se emitio una orden de evacuacion para el area. Vete ahora. Mas informacion en alertla.org., EAS-ORG:CIV, timezone:EST, WEAHandling:Imminent Threat, BLOCKCHANNEL:EAS, BLOCKCHANNEL:NWEM","Area":null,"Signature":null,"AreaDescription":"Los Angeles","FipsCode":"006037, 006037","GeoCodes":"","Circle":null,"CreateDate":1736277960000,"Shape__Area":0.0012836112969125679,"Shape__Length":0.22203581051390672,"DateRange":null}},{"type":"Feature","id":127,"geometry":{"type":"Polygon","coordinates":[[[-118.098842,34.1527120000001],[-118.121417,34.152474],[-118.127993,34.151998],[-118.132556,34.151961],[-118.132565,34.162673],[-118.130993,34.198025],[-118.127229,34.198337],[-118.126636,34.198693],[-118.12563,34.198002],[-118.125379,34.197274],[-118.125424,34.1967020000001],[-118.127023001,34.195142],[-118.127382,34.1939830000001],[-118.127948,34.193366],[-118.12775,34.1931950000001],[-118.121022,34.193091],[-118.120896,34.192504],[-118.120986,34.1917540000001],[-118.121399001,34.1917460000001],[-118.121399,34.191196],[-118.120968,34.191204],[-118.12077,34.190565],[-118.120007,34.190661],[-118.112415999,34.1907130000001],[-118.111167,34.1858760000001],[-118.112048,34.1785110000001],[-118.121426,34.178452],[-118.121848,34.1773220000001],[-118.121596999,34.1764680000001],[-118.121588,34.175279],[-118.118507,34.1753160000001],[-118.118507,34.175464],[-118.118336,34.175464],[-118.118345,34.1758580000001],[-118.117357,34.175918],[-118.117357,34.175308],[-118.11662,34.175323],[-118.116602,34.173755],[-118.116988,34.173755],[-118.116996999,34.173636],[-118.116961,34.169652],[-118.113027,34.1696150000001],[-118.113018,34.1704100000001],[-118.111418999,34.170396],[-118.111212,34.1702470000001],[-118.111229999,34.1691470000001],[-118.111545001,34.1691470000001],[-118.111554,34.1686040000001],[-118.109371,34.168597],[-118.109371,34.1675940000001],[-118.098339,34.167579],[-118.098330001,34.168619],[-118.097728,34.1686120000001],[-118.09772,34.1690580000001],[-118.095078,34.1692210000001],[-118.09524,34.169697],[-118.095007,34.1697790000001],[-118.095105,34.169964],[-118.095177,34.169898],[-118.095707,34.17044],[-118.096067,34.17044],[-118.096615,34.1719640000001],[-118.095617,34.1733540000001],[-118.095528,34.1742310000001],[-118.093408,34.1727520000001],[-118.09109,34.171771],[-118.089886,34.1709680000001],[-118.089203,34.1701430000001],[-118.088,34.1681810000001],[-118.083382,34.16439],[-118.081316,34.1622340000001],[-118.081155001,34.1617360000001],[-118.091153,34.161617],[-118.092788,34.1611120000001],[-118.093749,34.160242],[-118.094108,34.1593730000001],[-118.094261,34.153693],[-118.094611,34.1527340000001],[-118.098842,34.1527120000001]]]},"properties":{"AlertID":127,"Identifier":"test-lac-951112-1736308529413","Sent":1736279700000,"Sender":"kharo@ceooem.lacounty.gov","Effective":"2025-01-08T04:55:29+01:00","Onset":null,"Expires":1736366100000,"Headline":"Alert from AlertLACounty","Description":"LA COUNTY OFFICE OF EMERGENCY MANAGEMENT: FAST MOVING WILDFIRE IN THE AREA. AN EVACUATION WARNING HAS BEEN ISSUED. PREPARE TO LEAVE. MORE INFORMATION AT ALERTLA.ORG.","Instruction":"LA COUNTY OFFICE OF EMERGENCY MANAGEMENT: FAST MOVING WILDFIRE IN THE AREA. AN EVACUATION WARNING HAS BEEN ISSUED. PREPARE TO LEAVE. MORE INFORMATION AT ALERTLA.ORG.","Web":null,"CMAMtext":"LACo OEM: Fast moving wildfire. AN EVACUATION WARNING HAS BEEN ISSUED. Alertla.org","CMAMlongtext":"LA COUNTY OFFICE OF EMERGENCY MANAGEMENT: FAST MOVING WILDFIRE IN THE AREA. AN EVACUATION WARNING HAS BEEN ISSUED. PREPARE TO LEAVE. MORE INFORMATION AT ALERTLA.ORG.","CMAMtextSpanish":"LACoOEM: Incendio avanza rapido. SE HA EMITIDO UNA ADVERTENCIA DE EVACUACION. Alertla.org","CMAMlongtextSpanish":"OFICINA DE MANEJO DE EMERGENCIAS DEL CONDADO DE LA: INCENDIOS FORESTAL DE RAPIDO MOVIMIENTO EN EL AREA. SE HA EMITIDO UNA ADVERTENCIA DE EVACUACION. PREPARESE PARA SALIR. MAS INFORMACION EN ALERTLA.ORG.","SameCode":null,"Status":"Actual","MsgType":"Alert","Scope":"Public","Code":"IPAWSv1.0","Reference":null,"Language":"es-US","Category":"Fire","Event":"Fire Warning","ResponseType":"Prepare","Urgency":"Immediate","Severity":"Extreme","Certainty":"Observed","EventCode":"SAME:FRW, SAME:FRW","SenderName":"Public Alert System","Parameters":"LACo OEM: Fast moving wildfire. AN EVACUATION WARNING HAS BEEN ISSUED. Alertla.org, LA COUNTY OFFICE OF EMERGENCY MANAGEMENT: FAST MOVING WILDFIRE IN THE AREA. AN EVACUATION WARNING HAS BEEN ISSUED. PREPARE TO LEAVE. MORE INFORMATION AT ALERTLA.ORG., EAS-ORG:CIV, timezone:EST, WEAHandling:Imminent Threat, BLOCKCHANNEL:EAS, BLOCKCHANNEL:NWEM, LACoOEM: Incendio avanza rapido. SE HA EMITIDO UNA ADVERTENCIA DE EVACUACION. Alertla.org, OFICINA DE MANEJO DE EMERGENCIAS DEL CONDADO DE LA: INCENDIOS FORESTAL DE RAPIDO MOVIMIENTO EN EL AREA. SE HA EMITIDO UNA ADVERTENCIA DE EVACUACION. PREPARESE PARA SALIR. MAS INFORMACION EN ALERTLA.ORG., EAS-ORG:CIV, timezone:EST, WEAHandling:Imminent Threat, BLOCKCHANNEL:EAS, BLOCKCHANNEL:NWEM","Area":null,"Signature":null,"AreaDescription":"Los Angeles","FipsCode":"006037, 006037","GeoCodes":"","Circle":null,"CreateDate":1736279760000,"Shape__Area":0.0011380768905837613,"Shape__Length":0.22535224718869742,"DateRange":null}},{"type":"Feature","id":128,"geometry":{"type":"Polygon","coordinates":[[[-118.5198,34.0271000000001],[-118.5712,34.0416000000001],[-118.5672,34.1337],[-118.5137,34.1339],[-118.4888,34.0724000000001],[-118.4795,34.0597000000001],[-118.4971,34.0547],[-118.5138,34.0243],[-118.5198,34.0271000000001]]]},"properties":{"AlertID":128,"Identifier":"1897586881697129","Sent":1736279760000,"Sender":"200277_LA_City_Public_Alerts_Los_Angeles_Fire_Department","Effective":null,"Onset":null,"Expires":1736294160000,"Headline":"Wildfire Evacuate Order: Palisades Fire Fire","Description":null,"Instruction":"LAFD: Evacuate now. Evacuation order for Palisades Fire Fire for Pacific Palisades. All in that area must evacuate now. Gather people and pets and leave immediately.  All others shelter in place. Info & map: www.lafd.org/alerts\n\nLAFD: Evacue ahora. Orden de evacuacion para el incendio Palisades Fire. Pacific Palisades evacuan inmediatamente. Reuna personas y mascotas y salga inmediatamente. Todos afuera del area peligrosa deben refugiarse en lugar. Informacion y mapa: www.lafd.org/alerts","Web":"https://www.lafd.org/alerts","CMAMtext":"LAFD: Evacuate now from wildfire: Pacific Palisades. Map: lafd.org/alerts","CMAMlongtext":"LAFD: Evacuate now. Evacuation order for Palisades Fire Fire for Pacific Palisades. All in that area must evacuate now. Gather people and pets and leave immediately.  All others shelter in place. Info & map: www.lafd.org/alerts","CMAMtextSpanish":"LAFD:Evacue inmediatamente. Pacific Palisades Incendio Mapa:lafd.org/alerts","CMAMlongtextSpanish":"LAFD: Evacue ahora. Orden de evacuacion para el incendio Palisades Fire. Pacific Palisades evacuan inmediatamente. Reuna personas y mascotas y salga inmediatamente. Todos afuera del area peligrosa deben refugiarse en lugar. Informacion y mapa: www.lafd.org/alerts","SameCode":null,"Status":"Actual","MsgType":"Alert","Scope":"Public","Code":"IPAWSv1.0","Reference":null,"Language":"es-US","Category":"Geo","Event":"Fire Warning","ResponseType":null,"Urgency":"Immediate","Severity":"Extreme","Certainty":"Observed","EventCode":"SAME:FRW, SAME:FRW","SenderName":"200277,LA City Public Alerts,Los Angeles Fire Department","Parameters":"BLOCKCHANNEL:CAPEXCH, BLOCKCHANNEL:NWEM, BLOCKCHANNEL:EAS, EAS-ORG:CIV, LAFD: Evacuate now from wildfire: Pacific Palisades. Map: lafd.org/alerts, LAFD: Evacuate now. Evacuation order for Palisades Fire Fire for Pacific Palisades. All in that area must evacuate now. Gather people and pets and leave immediately.  All others shelter in place. Info & map: www.lafd.org/alerts, WEAHandling:Imminent Threat, timezone:PST, BLOCKCHANNEL:CAPEXCH, BLOCKCHANNEL:NWEM, BLOCKCHANNEL:EAS, EAS-ORG:CIV, LAFD:Evacue inmediatamente. Pacific Palisades Incendio Mapa:lafd.org/alerts, LAFD: Evacue ahora. Orden de evacuacion para el incendio Palisades Fire. Pacific Palisades evacuan inmediatamente. Reuna personas y mascotas y salga inmediatamente. Todos afuera del area peligrosa deben refugiarse en lugar. Informacion y mapa: www.lafd.org/alerts, WEAHandling:Imminent Threat, timezone:PST","Area":null,"Signature":null,"AreaDescription":"Los Angeles","FipsCode":"006037, 006037","GeoCodes":"","Circle":null,"CreateDate":1736279760000,"Shape__Area":0.0071054400000321039,"Shape__Length":0.34078647606982626,"DateRange":null}},{"type":"Feature","id":129,"geometry":{"type":"Polygon","coordinates":[[[-118.659858,34.0720450000001],[-118.660002,34.047493],[-118.65993,34.047493],[-118.659912,34.038755],[-118.664053,34.0389700000001],[-118.664278,34.0475010000001],[-118.664233,34.0475010000001],[-118.664197,34.069686],[-118.663757,34.068987],[-118.663389,34.068786],[-118.661628001,34.0691800000001],[-118.661484,34.0694480000001],[-118.661592,34.070095],[-118.661215,34.070482],[-118.660748,34.071561],[-118.660316,34.071941],[-118.659858,34.0720450000001]]]},"properties":{"AlertID":129,"Identifier":"test-lac-951241-1736312105782","Sent":1736283300000,"Sender":"kharo@ceooem.lacounty.gov","Effective":"2025-01-08T05:55:05+01:00","Onset":null,"Expires":1736369700000,"Headline":"Alert from AlertLACounty","Description":"Los Angeles County Fire Dept:  Wind-driven fire. An EVACUATION ORDER for area of Carbon Beach Ter. LEAVE NOW.  Follow instructions from emergency personnel. Dial 9-1-1 for emergency help. Visit alertla.org for more information.","Instruction":"Los Angeles County Fire Dept:  Wind-driven fire. An EVACUATION ORDER for area of Carbon Beach Ter. LEAVE NOW.  Follow instructions from emergency personnel. Dial 9-1-1 for emergency help. Visit alertla.org for more information.","Web":null,"CMAMtext":"LACoFD: Wildfire in area of Carbon Beach Ter. EVACUATION ORDER. LEAVE NOW. Alertla.org","CMAMlongtext":"Los Angeles County Fire Dept:  Wind-driven fire. An EVACUATION ORDER for area of Carbon Beach Ter. LEAVE NOW.  Follow instructions from emergency personnel. Dial 9-1-1 for emergency help. Visit alertla.org for more information.","CMAMtextSpanish":"LACoFD: Incendio en area Carbon Beach Ter. ORDEN DE EVACUACION. SALIR AHORA. Alertla.org","CMAMlongtextSpanish":"Departamento de Bomberos del Condado de Los Angeles: Incendio impulsado por el viento. Una ORDEN DE EVACUACION para la area de Carbon Beach Ter. SALIR AHORA.  Siga las instrucciones del personal de emergencia. Marque el 9-1-1 para obtener ayuda de emergencia. Visite alertla.org para obtener mas informacion.","SameCode":null,"Status":"Actual","MsgType":"Alert","Scope":"Public","Code":"IPAWSv1.0","Reference":null,"Language":"es-US","Category":"Fire","Event":"Evacuation Immediate","ResponseType":"Evacuate","Urgency":"Immediate","Severity":"Extreme","Certainty":"Observed","EventCode":"SAME:EVI, SAME:EVI","SenderName":"Public Alert System","Parameters":"LACoFD: Wildfire in area of Carbon Beach Ter. EVACUATION ORDER. LEAVE NOW. Alertla.org, Los Angeles County Fire Dept:  Wind-driven fire. An EVACUATION ORDER for area of Carbon Beach Ter. LEAVE NOW.  Follow instructions from emergency personnel. Dial 9-1-1 for emergency help. Visit alertla.org for more information., EAS-ORG:CIV, timezone:EST, WEAHandling:Imminent Threat, BLOCKCHANNEL:EAS, BLOCKCHANNEL:NWEM, LACoFD: Incendio en area Carbon Beach Ter. ORDEN DE EVACUACION. SALIR AHORA. Alertla.org, Departamento de Bomberos del Condado de Los Angeles: Incendio impulsado por el viento. Una ORDEN DE EVACUACION para la area de Carbon Beach Ter. SALIR AHORA.  Siga las instrucciones del personal de emergencia. Marque el 9-1-1 para obtener ayuda de emergencia. Visite alertla.org para obtener mas informacion., EAS-ORG:CIV, timezone:EST, WEAHandling:Imminent Threat, BLOCKCHANNEL:EAS, BLOCKCHANNEL:NWEM","Area":null,"Signature":null,"AreaDescription":"Los Angeles","FipsCode":"006037, 006037","GeoCodes":"","Circle":null,"CreateDate":1736283300000,"Shape__Area":0.00013259658385322837,"Shape__Length":0.075044017362916424,"DateRange":null}},{"type":"Feature","id":130,"geometry":{"type":"Polygon","coordinates":[[[-118.120689,34.1905800000001],[-118.119998,34.190661],[-118.112415999,34.1907130000001],[-118.111167,34.1858760000001],[-118.112048,34.1785110000001],[-118.121435,34.178452],[-118.121848,34.1772260000001],[-118.121597,34.1764900000001],[-118.121588,34.1755240000001],[-118.122423,34.1755240000001],[-118.122423,34.1752710000001],[-118.123079,34.1752710000001],[-118.123339,34.1750180000001],[-118.128622001,34.175152],[-118.128631,34.1765120000001],[-118.131945,34.176497],[-118.130984,34.198025],[-118.127229,34.198337],[-118.126717,34.198649],[-118.125756,34.198114],[-118.125415,34.1975640000001],[-118.125388,34.196739],[-118.127023001,34.195142],[-118.127364,34.194035],[-118.12793,34.1933290000001],[-118.127481,34.1931510000001],[-118.121022,34.193091],[-118.120896,34.192504],[-118.120986,34.1917540000001],[-118.121399001,34.1917460000001],[-118.121399,34.191196],[-118.120968,34.191204],[-118.120689,34.1905800000001]]]},"properties":{"AlertID":130,"Identifier":"test-lac-951259-1736312381517","Sent":1736283600000,"Sender":"kharo@ceooem.lacounty.gov","Effective":"2025-01-08T05:59:41+01:00","Onset":null,"Expires":1736370000000,"Headline":"Alert from AlertLACounty","Description":"LA COUNTY OFFICE OF EMERGENCY MANAGEMENT: FAST MOVING WILDFIRE IN YOUR AREA. AN EVACUATION ORDER HAS BEEN ISSUED FOR THE YOUR AREA. LEAVE NOW. MORE INFO AT ALERTLA.ORG. ","Instruction":"LA COUNTY OFFICE OF EMERGENCY MANAGEMENT: FAST MOVING WILDFIRE IN YOUR AREA. AN EVACUATION ORDER HAS BEEN ISSUED FOR THE YOUR AREA. LEAVE NOW. MORE INFO AT ALERTLA.ORG. ","Web":null,"CMAMtext":"LACo OEM: Fast moving wildfire. EVACUATION ORDER. LEAVE NOW. Alertla.org","CMAMlongtext":"LA COUNTY OFFICE OF EMERGENCY MANAGEMENT: FAST MOVING WILDFIRE IN YOUR AREA. AN EVACUATION ORDER HAS BEEN ISSUED FOR THE YOUR AREA. LEAVE NOW. MORE INFO AT ALERTLA.ORG. ","CMAMtextSpanish":"LACoOEM: Incendio avanza rapidamente. ORDEN DE EVACUACION. SALIR AHORA. Alertla.org","CMAMlongtextSpanish":"Oficina de Manejo de Emergencias del Condado de Los Angeles: Incendio forestal de rapido avance en su area. Se emitio una orden de evacuacion para el area. Vete ahora. Mas informacion en alertla.org.","SameCode":null,"Status":"Actual","MsgType":"Alert","Scope":"Public","Code":"IPAWSv1.0","Reference":null,"Language":"es-US","Category":"Fire","Event":"Evacuation Immediate","ResponseType":"Evacuate","Urgency":"Immediate","Severity":"Extreme","Certainty":"Observed","EventCode":"SAME:EVI, SAME:EVI","SenderName":"Public Alert System","Parameters":"LACo OEM: Fast moving wildfire. EVACUATION ORDER. LEAVE NOW. Alertla.org, LA COUNTY OFFICE OF EMERGENCY MANAGEMENT: FAST MOVING WILDFIRE IN YOUR AREA. AN EVACUATION ORDER HAS BEEN ISSUED FOR THE YOUR AREA. LEAVE NOW. MORE INFO AT ALERTLA.ORG. , EAS-ORG:CIV, timezone:EST, WEAHandling:Imminent Threat, BLOCKCHANNEL:EAS, BLOCKCHANNEL:NWEM, LACoOEM: Incendio avanza rapidamente. ORDEN DE EVACUACION. SALIR AHORA. Alertla.org, Oficina de Manejo de Emergencias del Condado de Los Angeles: Incendio forestal de rapido avance en su area. Se emitio una orden de evacuacion para el area. Vete ahora. Mas informacion en alertla.org., EAS-ORG:CIV, timezone:EST, WEAHandling:Imminent Threat, BLOCKCHANNEL:EAS, BLOCKCHANNEL:NWEM","Area":null,"Signature":null,"AreaDescription":"Los Angeles","FipsCode":"006037, 006037","GeoCodes":"","Circle":null,"CreateDate":1736283660000,"Shape__Area":0.00032117947671395086,"Shape__Length":0.088395009975542671,"DateRange":null}},{"type":"Feature","id":131,"geometry":{"type":"Polygon","coordinates":[[[-118.043479,34.1755010000001],[-118.043551,34.1756580000001],[-118.042608,34.1756580000001],[-118.041871,34.173911],[-118.042258,34.173703],[-118.042195,34.1732640000001],[-118.04241,34.1732940000001],[-118.042554,34.172811],[-118.042087,34.1726400000001],[-118.042069,34.172469],[-118.042482,34.1720310000001],[-118.042581,34.171451],[-118.043002999,34.171347],[-118.043694999,34.1707970000001],[-118.043542,34.170604],[-118.04409,34.1702100000001],[-118.043919,34.169987],[-118.044746,34.169407],[-118.044782001,34.1701130000001],[-118.045222,34.170106],[-118.045078,34.1705670000001],[-118.046165,34.1708340000001],[-118.046048,34.1714210000001],[-118.046417,34.1717410000001],[-118.046183,34.1717410000001],[-118.046551,34.172127],[-118.046183,34.1725060000001],[-118.045986,34.17215],[-118.04586,34.172194],[-118.045707,34.1732940000001],[-118.046021,34.1734950000001],[-118.046192,34.1733540000001],[-118.046929,34.173502],[-118.047962,34.173933],[-118.047189,34.174535],[-118.046516,34.1744830000001],[-118.0463,34.1751370000001],[-118.045527,34.175375],[-118.045393,34.1756500000001],[-118.045509,34.1757170000001],[-118.043937,34.175732],[-118.043964,34.175308],[-118.043479,34.1755010000001]]]},"properties":{"AlertID":131,"Identifier":"test-lac-951295-1736313950092","Sent":1736285160000,"Sender":"kharo@ceooem.lacounty.gov","Effective":"2025-01-08T06:25:50+01:00","Onset":null,"Expires":1736371560000,"Headline":"Alert from AlertLACounty","Description":"LA COUNTY OFFICE OF EMERGENCY MANAGEMENT: FAST MOVING WILDFIRE IN YOUR AREA. AN EVACUATION ORDER HAS BEEN ISSUED FOR THE YOUR AREA. LEAVE NOW. MORE INFO AT ALERTLA.ORG. ","Instruction":"LA COUNTY OFFICE OF EMERGENCY MANAGEMENT: FAST MOVING WILDFIRE IN YOUR AREA. AN EVACUATION ORDER HAS BEEN ISSUED FOR THE YOUR AREA. LEAVE NOW. MORE INFO AT ALERTLA.ORG. ","Web":null,"CMAMtext":"LACo OEM: Fast moving wildfire. EVACUATION ORDER. LEAVE NOW. Alertla.org","CMAMlongtext":"LA COUNTY OFFICE OF EMERGENCY MANAGEMENT: FAST MOVING WILDFIRE IN YOUR AREA. AN EVACUATION ORDER HAS BEEN ISSUED FOR THE YOUR AREA. LEAVE NOW. MORE INFO AT ALERTLA.ORG. ","CMAMtextSpanish":"LACoOEM: Incendio avanza rapidamente. ORDEN DE EVACUACION. SALIR AHORA. Alertla.org","CMAMlongtextSpanish":"Oficina de Manejo de Emergencias del Condado de Los Angeles: Incendio forestal de rapido avance en su area. Se emitio una orden de evacuacion para el area. Vete ahora. Mas informacion en alertla.org.","SameCode":null,"Status":"Actual","MsgType":"Alert","Scope":"Public","Code":"IPAWSv1.0","Reference":null,"Language":"es-US","Category":"Fire","Event":"Evacuation Immediate","ResponseType":"Evacuate","Urgency":"Immediate","Severity":"Extreme","Certainty":"Observed","EventCode":"SAME:EVI, SAME:EVI","SenderName":"Public Alert System","Parameters":"LACo OEM: Fast moving wildfire. EVACUATION ORDER. LEAVE NOW. Alertla.org, LA COUNTY OFFICE OF EMERGENCY MANAGEMENT: FAST MOVING WILDFIRE IN YOUR AREA. AN EVACUATION ORDER HAS BEEN ISSUED FOR THE YOUR AREA. LEAVE NOW. MORE INFO AT ALERTLA.ORG. , EAS-ORG:CIV, timezone:EST, WEAHandling:Imminent Threat, BLOCKCHANNEL:EAS, BLOCKCHANNEL:NWEM, LACoOEM: Incendio avanza rapidamente. ORDEN DE EVACUACION. SALIR AHORA. Alertla.org, Oficina de Manejo de Emergencias del Condado de Los Angeles: Incendio forestal de rapido avance en su area. Se emitio una orden de evacuacion para el area. Vete ahora. Mas informacion en alertla.org., EAS-ORG:CIV, timezone:EST, WEAHandling:Imminent Threat, BLOCKCHANNEL:EAS, BLOCKCHANNEL:NWEM","Area":null,"Signature":null,"AreaDescription":"Los Angeles","FipsCode":"006037, 006037","GeoCodes":"","Circle":null,"CreateDate":1736285220000,"Shape__Area":2.0536029524009791E-05,"Shape__Length":0.025365669840530857,"DateRange":null}},{"type":"Feature","id":132,"geometry":{"type":"Polygon","coordinates":[[[-118.076223,34.1717560000001],[-118.077894,34.1716290000001],[-118.076977,34.173911],[-118.077713999,34.1738520000001],[-118.077975,34.1748400000001],[-118.077867,34.17513],[-118.077489001,34.1751600000001],[-118.077606,34.175531],[-118.077831,34.1756950000001],[-118.078127001,34.1770320000001],[-118.077454,34.1776860000001],[-118.07731,34.1771140000001],[-118.077292,34.177538],[-118.076762,34.1775230000001],[-118.076456,34.1771810000001],[-118.075899,34.1773450000001],[-118.075504,34.176906],[-118.074606,34.176728],[-118.074345,34.176453],[-118.074354,34.179069],[-118.06565,34.179336],[-118.065623,34.1723870000001],[-118.066844,34.1723730000001],[-118.068201,34.1729520000001],[-118.068399,34.1734280000001],[-118.068704,34.1731530000001],[-118.070851,34.173123],[-118.07086,34.173391],[-118.071659,34.173458],[-118.071722,34.173235],[-118.072234,34.1733540000001],[-118.072135,34.173554],[-118.072953,34.174067],[-118.073133,34.173822],[-118.073528,34.173822],[-118.073564,34.1740520000001],[-118.074085,34.1740520000001],[-118.074336,34.1740150000001],[-118.075082,34.172603],[-118.075208,34.1726100000001],[-118.075109,34.172358],[-118.075567,34.1718080000001],[-118.076223,34.1717560000001]]]},"properties":{"AlertID":132,"Identifier":"test-lac-951328-1736314423280","Sent":1736285640000,"Sender":"kharo@ceooem.lacounty.gov","Effective":"2025-01-08T06:33:43+01:00","Onset":null,"Expires":1736372040000,"Headline":"Alert from AlertLACounty","Description":"LA COUNTY OFFICE OF EMERGENCY MANAGEMENT: FAST MOVING WILDFIRE IN YOUR AREA. AN EVACUATION ORDER HAS BEEN ISSUED FOR THE YOUR AREA. LEAVE NOW. MORE INFO AT ALERTLA.ORG. ","Instruction":"LA COUNTY OFFICE OF EMERGENCY MANAGEMENT: FAST MOVING WILDFIRE IN YOUR AREA. AN EVACUATION ORDER HAS BEEN ISSUED FOR THE YOUR AREA. LEAVE NOW. MORE INFO AT ALERTLA.ORG. ","Web":null,"CMAMtext":"LACo OEM: Fast moving wildfire. EVACUATION ORDER. LEAVE NOW. Alertla.org","CMAMlongtext":"LA COUNTY OFFICE OF EMERGENCY MANAGEMENT: FAST MOVING WILDFIRE IN YOUR AREA. AN EVACUATION ORDER HAS BEEN ISSUED FOR THE YOUR AREA. LEAVE NOW. MORE INFO AT ALERTLA.ORG. ","CMAMtextSpanish":"LACoOEM: Incendio avanza rapidamente. ORDEN DE EVACUACION. SALIR AHORA. Alertla.org","CMAMlongtextSpanish":"Oficina de Manejo de Emergencias del Condado de Los Angeles: Incendio forestal de rapido avance en su area. Se emitio una orden de evacuacion para el area. Vete ahora. Mas informacion en alertla.org.","SameCode":null,"Status":"Actual","MsgType":"Alert","Scope":"Public","Code":"IPAWSv1.0","Reference":null,"Language":"es-US","Category":"Fire","Event":"Evacuation Immediate","ResponseType":"Evacuate","Urgency":"Immediate","Severity":"Extreme","Certainty":"Observed","EventCode":"SAME:EVI, SAME:EVI","SenderName":"Public Alert System","Parameters":"LACo OEM: Fast moving wildfire. EVACUATION ORDER. LEAVE NOW. Alertla.org, LA COUNTY OFFICE OF EMERGENCY MANAGEMENT: FAST MOVING WILDFIRE IN YOUR AREA. AN EVACUATION ORDER HAS BEEN ISSUED FOR THE YOUR AREA. LEAVE NOW. MORE INFO AT ALERTLA.ORG. , EAS-ORG:CIV, timezone:EST, WEAHandling:Imminent Threat, BLOCKCHANNEL:EAS, BLOCKCHANNEL:NWEM, LACoOEM: Incendio avanza rapidamente. ORDEN DE EVACUACION. SALIR AHORA. Alertla.org, Oficina de Manejo de Emergencias del Condado de Los Angeles: Incendio forestal de rapido avance en su area. Se emitio una orden de evacuacion para el area. Vete ahora. Mas informacion en alertla.org., EAS-ORG:CIV, timezone:EST, WEAHandling:Imminent Threat, BLOCKCHANNEL:EAS, BLOCKCHANNEL:NWEM","Area":null,"Signature":null,"AreaDescription":"Los Angeles","FipsCode":"006037, 006037","GeoCodes":"","Circle":null,"CreateDate":1736285640000,"Shape__Area":6.9219370743667241E-05,"Shape__Length":0.046162733055196026,"DateRange":null}},{"type":"Feature","id":133,"geometry":{"type":"Polygon","coordinates":[[[-118.040802,34.1619370000001],[-118.068039,34.1618550000001],[-118.068111,34.1666940000001],[-118.055032001,34.166776],[-118.055076,34.1706560000001],[-118.052238,34.1706560000001],[-118.052121,34.170938],[-118.052139,34.171027],[-118.052956,34.170916],[-118.053882,34.1713320000001],[-118.05328,34.1757390000001],[-118.065641,34.1758140000001],[-118.06565,34.1793440000001],[-118.030139,34.1794110000001],[-118.030139,34.171228],[-118.030409,34.1711020000001],[-118.029942,34.1707230000001],[-118.030274,34.170329],[-118.029618,34.169994],[-118.030139,34.1698230000001],[-118.030139,34.16905],[-118.029403,34.1678460000001],[-118.0296,34.166858],[-118.038476,34.166887],[-118.03844,34.161952],[-118.040802,34.1619370000001]]]},"properties":{"AlertID":133,"Identifier":"test-lac-951391-1736317607330","Sent":1736288820000,"Sender":"kharo@ceooem.lacounty.gov","Effective":"2025-01-08T07:26:47+01:00","Onset":null,"Expires":1736375220000,"Headline":"Alert from AlertLACounty","Description":"LA COUNTY OFFICE OF EMERGENCY MANAGEMENT: FAST MOVING WILDFIRE IN YOUR AREA. AN EVACUATION ORDER HAS BEEN ISSUED FOR THE YOUR AREA. LEAVE NOW. MORE INFO AT ALERTLA.ORG. ","Instruction":"LA COUNTY OFFICE OF EMERGENCY MANAGEMENT: FAST MOVING WILDFIRE IN YOUR AREA. AN EVACUATION ORDER HAS BEEN ISSUED FOR THE YOUR AREA. LEAVE NOW. MORE INFO AT ALERTLA.ORG. ","Web":null,"CMAMtext":"LACo OEM: Fast moving wildfire. EVACUATION ORDER. LEAVE NOW. Alertla.org","CMAMlongtext":"LA COUNTY OFFICE OF EMERGENCY MANAGEMENT: FAST MOVING WILDFIRE IN YOUR AREA. AN EVACUATION ORDER HAS BEEN ISSUED FOR THE YOUR AREA. LEAVE NOW. MORE INFO AT ALERTLA.ORG. ","CMAMtextSpanish":"LACoOEM: Incendio avanza rapidamente. ORDEN DE EVACUACION. SALIR AHORA. Alertla.org","CMAMlongtextSpanish":"Oficina de Manejo de Emergencias del Condado de Los Angeles: Incendio forestal de rapido avance en su area. Se emitio una orden de evacuacion para el area. Vete ahora. Mas informacion en alertla.org.","SameCode":null,"Status":"Actual","MsgType":"Alert","Scope":"Public","Code":"IPAWSv1.0","Reference":null,"Language":"es-US","Category":"Fire","Event":"Evacuation Immediate","ResponseType":"Evacuate","Urgency":"Immediate","Severity":"Extreme","Certainty":"Observed","EventCode":"SAME:EVI, SAME:EVI","SenderName":"Public Alert System","Parameters":"LACo OEM: Fast moving wildfire. EVACUATION ORDER. LEAVE NOW. Alertla.org, LA COUNTY OFFICE OF EMERGENCY MANAGEMENT: FAST MOVING WILDFIRE IN YOUR AREA. AN EVACUATION ORDER HAS BEEN ISSUED FOR THE YOUR AREA. LEAVE NOW. MORE INFO AT ALERTLA.ORG. , EAS-ORG:CIV, timezone:EST, WEAHandling:Imminent Threat, BLOCKCHANNEL:EAS, BLOCKCHANNEL:NWEM, LACoOEM: Incendio avanza rapidamente. ORDEN DE EVACUACION. SALIR AHORA. Alertla.org, Oficina de Manejo de Emergencias del Condado de Los Angeles: Incendio forestal de rapido avance en su area. Se emitio una orden de evacuacion para el area. Vete ahora. Mas informacion en alertla.org., EAS-ORG:CIV, timezone:EST, WEAHandling:Imminent Threat, BLOCKCHANNEL:EAS, BLOCKCHANNEL:NWEM","Area":null,"Signature":null,"AreaDescription":"Los Angeles","FipsCode":"006037, 006037","GeoCodes":"","Circle":null,"CreateDate":1736288820000,"Shape__Area":0.00048831428352968942,"Shape__Length":0.14020752761046382,"DateRange":null}},{"type":"Feature","id":134,"geometry":{"type":"Polygon","coordinates":[[[-118.46,34.3235],[-118.4778,34.3229000000001],[-118.4831,34.3212],[-118.4892,34.3168000000001],[-118.502,34.325],[-118.5078,34.3346000000001],[-118.5034,34.3374000000001],[-118.4926,34.3306000000001],[-118.4593,34.3301000000001],[-118.46,34.3235]]]},"properties":{"AlertID":134,"Identifier":"1891677006739284","Sent":1736289420000,"Sender":"200277_LA_City_Public_Alerts_Los_Angeles_Fire_Department","Effective":null,"Onset":null,"Expires":1736303820000,"Headline":"Wildfire Evacuate Order: Sylmar Fire Fire","Description":null,"Instruction":"LAFD: Evacuate now. Evacuation order for Sylmar Fire Fire for North of 210 Freeway from Roxford St. to 5/14 freeway split. All in that area must evacuate now. Gather people and pets and leave immediately.  All others shelter in place. Info & map: www.lafd.org/alerts\n\nLAFD: Evacue ahora. Orden de evacuacion para el incendio Sylmar Fire. North of 210 Freeway from Roxford St. to 5/14 freeway split evacuan inmediatamente. Reuna personas y mascotas y salga inmediatamente. Todos afuera del area peligrosa deben refugiarse en lugar. Informacion y mapa: www.lafd.org/alerts","Web":"https://www.lafd.org/alerts","CMAMtext":"LAFD: Evacuate now from wildfire: North of 210, Roxford-5/14 fwy. Map: lafd.org/alerts","CMAMlongtext":"LAFD: Evacuate now. Evacuation order for Sylmar Fire Fire for North of 210 Freeway from Roxford St. to 5/14 freeway split. All in that area must evacuate now. Gather people and pets and leave immediately.  All others shelter in place. Info & map: www.lafd.org/alerts","CMAMtextSpanish":"LAFD:Evacue inmediatamente. North of 210, Roxford-5/14 fwy Incendio Mapa:lafd.org/alerts","CMAMlongtextSpanish":"LAFD: Evacue ahora. Orden de evacuacion para el incendio Sylmar Fire. North of 210 Freeway from Roxford St. to 5/14 freeway split evacuan inmediatamente. Reuna personas y mascotas y salga inmediatamente. Todos afuera del area peligrosa deben refugiarse en lugar. Informacion y mapa: www.lafd.org/alerts","SameCode":null,"Status":"Actual","MsgType":"Alert","Scope":"Public","Code":"IPAWSv1.0","Reference":null,"Language":"es-US","Category":"Geo","Event":"Fire Warning","ResponseType":null,"Urgency":"Immediate","Severity":"Extreme","Certainty":"Observed","EventCode":"SAME:FRW, SAME:FRW","SenderName":"200277,LA City Public Alerts,Los Angeles Fire Department","Parameters":"BLOCKCHANNEL:CAPEXCH, BLOCKCHANNEL:NWEM, BLOCKCHANNEL:EAS, EAS-ORG:CIV, LAFD: Evacuate now from wildfire: North of 210, Roxford-5/14 fwy. Map: lafd.org/alerts, LAFD: Evacuate now. Evacuation order for Sylmar Fire Fire for North of 210 Freeway from Roxford St. to 5/14 freeway split. All in that area must evacuate now. Gather people and pets and leave immediately.  All others shelter in place. Info & map: www.lafd.org/alerts, WEAHandling:Imminent Threat, timezone:PST, BLOCKCHANNEL:CAPEXCH, BLOCKCHANNEL:NWEM, BLOCKCHANNEL:EAS, EAS-ORG:CIV, LAFD:Evacue inmediatamente. North of 210, Roxford-5/14 fwy Incendio Mapa:lafd.org/alerts, LAFD: Evacue ahora. Orden de evacuacion para el incendio Sylmar Fire. North of 210 Freeway from Roxford St. to 5/14 freeway split evacuan inmediatamente. Reuna personas y mascotas y salga inmediatamente. Todos afuera del area peligrosa deben refugiarse en lugar. Informacion y mapa: www.lafd.org/alerts, WEAHandling:Imminent Threat, timezone:PST","Area":null,"Signature":null,"AreaDescription":"Los Angeles","FipsCode":"006037, 006037","GeoCodes":"","Circle":null,"CreateDate":1736289420000,"Shape__Area":0.00043140999991919671,"Shape__Length":0.115233334009761,"DateRange":null}},{"type":"Feature","id":135,"geometry":{"type":"Polygon","coordinates":[[[-118.068201,34.173168],[-118.068039,34.1619150000001],[-118.078397,34.161796],[-118.077867,34.163483],[-118.078352,34.163825],[-118.07828,34.1641450000001],[-118.078738,34.164449],[-118.078253,34.1663150000001],[-118.077687,34.167475],[-118.078028,34.1677270000001],[-118.078208001,34.1685150000001],[-118.07854,34.1688500000001],[-118.076223,34.1717560000001],[-118.075567,34.1718080000001],[-118.075109,34.172358],[-118.075208,34.1726100000001],[-118.0751,34.172603],[-118.074345,34.174045],[-118.073564,34.1740820000001],[-118.073528,34.173822],[-118.073133,34.173822],[-118.072908,34.174134],[-118.0721,34.173636],[-118.072234,34.1733540000001],[-118.071722,34.173235],[-118.07165,34.1734870000001],[-118.07086,34.1734200000001],[-118.070851,34.173123],[-118.068812,34.173146],[-118.068363,34.1735620000001],[-118.068201,34.173168]]]},"properties":{"AlertID":135,"Identifier":"test-lac-951406-1736318359263","Sent":1736289540000,"Sender":"kharo@ceooem.lacounty.gov","Effective":"2025-01-08T07:39:19+01:00","Onset":null,"Expires":1736375940000,"Headline":"Alert from AlertLACounty","Description":"LA COUNTY OFFICE OF EMERGENCY MANAGEMENT: FAST MOVING WILDFIRE IN YOUR AREA. AN EVACUATION ORDER HAS BEEN ISSUED FOR THE YOUR AREA. LEAVE NOW. MORE INFO AT ALERTLA.ORG. ","Instruction":"LA COUNTY OFFICE OF EMERGENCY MANAGEMENT: FAST MOVING WILDFIRE IN YOUR AREA. AN EVACUATION ORDER HAS BEEN ISSUED FOR THE YOUR AREA. LEAVE NOW. MORE INFO AT ALERTLA.ORG. ","Web":null,"CMAMtext":"LACo OEM: Fast moving wildfire. EVACUATION ORDER. LEAVE NOW. Alertla.org","CMAMlongtext":"LA COUNTY OFFICE OF EMERGENCY MANAGEMENT: FAST MOVING WILDFIRE IN YOUR AREA. AN EVACUATION ORDER HAS BEEN ISSUED FOR THE YOUR AREA. LEAVE NOW. MORE INFO AT ALERTLA.ORG. ","CMAMtextSpanish":"LACoOEM: Incendio avanza rapidamente. ORDEN DE EVACUACION. SALIR AHORA. Alertla.org","CMAMlongtextSpanish":"Oficina de Manejo de Emergencias del Condado de Los Angeles: Incendio forestal de rapido avance en su area. Se emitio una orden de evacuacion para el area. Vete ahora. Mas informacion en alertla.org.","SameCode":null,"Status":"Actual","MsgType":"Alert","Scope":"Public","Code":"IPAWSv1.0","Reference":null,"Language":"es-US","Category":"Fire","Event":"Evacuation Immediate","ResponseType":"Evacuate","Urgency":"Immediate","Severity":"Extreme","Certainty":"Observed","EventCode":"SAME:EVI, SAME:EVI","SenderName":"Public Alert System","Parameters":"LACo OEM: Fast moving wildfire. EVACUATION ORDER. LEAVE NOW. Alertla.org, LA COUNTY OFFICE OF EMERGENCY MANAGEMENT: FAST MOVING WILDFIRE IN YOUR AREA. AN EVACUATION ORDER HAS BEEN ISSUED FOR THE YOUR AREA. LEAVE NOW. MORE INFO AT ALERTLA.ORG. , EAS-ORG:CIV, timezone:EST, WEAHandling:Imminent Threat, BLOCKCHANNEL:EAS, BLOCKCHANNEL:NWEM, LACoOEM: Incendio avanza rapidamente. ORDEN DE EVACUACION. SALIR AHORA. Alertla.org, Oficina de Manejo de Emergencias del Condado de Los Angeles: Incendio forestal de rapido avance en su area. Se emitio una orden de evacuacion para el area. Vete ahora. Mas informacion en alertla.org., EAS-ORG:CIV, timezone:EST, WEAHandling:Imminent Threat, BLOCKCHANNEL:EAS, BLOCKCHANNEL:NWEM","Area":null,"Signature":null,"AreaDescription":"Los Angeles","FipsCode":"006037, 006037","GeoCodes":"","Circle":null,"CreateDate":1736289600000,"Shape__Area":0.00010980504634972021,"Shape__Length":0.044912374461950975,"DateRange":null}},{"type":"Feature","id":136,"geometry":{"type":"Polygon","coordinates":[[[-118.067958,34.1570310000001],[-118.067725001,34.1489060000001],[-118.0713,34.1487500000001],[-118.078262,34.147976],[-118.083041,34.147887],[-118.08473,34.1482070000001],[-118.086401,34.1487720000001],[-118.090668,34.1516040000001],[-118.092339,34.1523250000001],[-118.094782,34.152742],[-118.098429,34.1527120000001],[-118.098564,34.1544440000001],[-118.098321,34.168619],[-118.097728,34.1686120000001],[-118.09772,34.1690580000001],[-118.095078,34.1692210000001],[-118.09524,34.169697],[-118.095007,34.1697790000001],[-118.095105,34.169964],[-118.095177,34.169898],[-118.095707,34.17044],[-118.096067,34.17044],[-118.096615,34.1719640000001],[-118.095617,34.1733540000001],[-118.095528,34.1742310000001],[-118.093408,34.1727520000001],[-118.09109,34.171771],[-118.089886,34.1709680000001],[-118.089203,34.1701430000001],[-118.088,34.1681810000001],[-118.083382,34.16439],[-118.081316,34.1622340000001],[-118.081164,34.1617660000001],[-118.068039,34.161952],[-118.067958,34.1570310000001]]]},"properties":{"AlertID":136,"Identifier":"test-lac-951436-1736318564152","Sent":1736289780000,"Sender":"kharo@ceooem.lacounty.gov","Effective":"2025-01-08T07:42:44+01:00","Onset":null,"Expires":1736376180000,"Headline":"Alert from AlertLACounty","Description":"LA COUNTY OFFICE OF EMERGENCY MANAGEMENT: FAST MOVING WILDFIRE IN THE AREA. AN EVACUATION WARNING HAS BEEN ISSUED. PREPARE TO LEAVE. MORE INFO AT ALERTLA.ORG.","Instruction":"LA COUNTY OFFICE OF EMERGENCY MANAGEMENT: FAST MOVING WILDFIRE IN THE AREA. AN EVACUATION WARNING HAS BEEN ISSUED. PREPARE TO LEAVE. MORE INFORMATION AT ALERTLA.ORG.","Web":null,"CMAMtext":"LACo OEM: Fast moving wildfire. AN EVACUATION WARNING HAS BEEN ISSUED. Alertla.org","CMAMlongtext":"LA COUNTY OFFICE OF EMERGENCY MANAGEMENT: FAST MOVING WILDFIRE IN THE AREA. AN EVACUATION WARNING HAS BEEN ISSUED. PREPARE TO LEAVE. MORE INFO AT ALERTLA.ORG.","CMAMtextSpanish":"LACoOEM: Incendio avanza rapido. SE HA EMITIDO UNA ADVERTENCIA DE EVACUACION. Alertla.org","CMAMlongtextSpanish":"OFICINA DE MANEJO DE EMERGENCIAS DEL CONDADO DE LOS ANGELES: INCENDIOS SILVESTRES DE RAPIDO MOVIMIENTO EN EL AREA. SE HA EMITIDO UNA ADVERTENCIA DE EVACUACION. PREPARESE PARA SALIR. MAS INFORMACION AT ALERTLA.ORG.","SameCode":null,"Status":"Actual","MsgType":"Alert","Scope":"Public","Code":"IPAWSv1.0","Reference":null,"Language":"es-US","Category":"Fire","Event":"Fire Warning","ResponseType":"Prepare","Urgency":"Immediate","Severity":"Extreme","Certainty":"Observed","EventCode":"SAME:FRW, SAME:FRW","SenderName":"Public Alert System","Parameters":"LACo OEM: Fast moving wildfire. AN EVACUATION WARNING HAS BEEN ISSUED. Alertla.org, LA COUNTY OFFICE OF EMERGENCY MANAGEMENT: FAST MOVING WILDFIRE IN THE AREA. AN EVACUATION WARNING HAS BEEN ISSUED. PREPARE TO LEAVE. MORE INFO AT ALERTLA.ORG., EAS-ORG:CIV, timezone:EST, WEAHandling:Imminent Threat, BLOCKCHANNEL:EAS, BLOCKCHANNEL:NWEM, LACoOEM: Incendio avanza rapido. SE HA EMITIDO UNA ADVERTENCIA DE EVACUACION. Alertla.org, OFICINA DE MANEJO DE EMERGENCIAS DEL CONDADO DE LOS ANGELES: INCENDIOS SILVESTRES DE RAPIDO MOVIMIENTO EN EL AREA. SE HA EMITIDO UNA ADVERTENCIA DE EVACUACION. PREPARESE PARA SALIR. MAS INFORMACION AT ALERTLA.ORG., EAS-ORG:CIV, timezone:EST, WEAHandling:Imminent Threat, BLOCKCHANNEL:EAS, BLOCKCHANNEL:NWEM","Area":null,"Signature":null,"AreaDescription":"Los Angeles","FipsCode":"006037, 006037","GeoCodes":"","Circle":null,"CreateDate":1736289840000,"Shape__Area":0.00049414637510381,"Shape__Length":0.10345122201017735,"DateRange":null}},{"type":"Feature","id":137,"geometry":{"type":"Polygon","coordinates":[[[-118.057511,34.1667390000001],[-118.06812,34.166687],[-118.06821,34.17296],[-118.066844001,34.17238],[-118.065623,34.1723870000001],[-118.065641,34.175873],[-118.05319,34.1757910000001],[-118.053801,34.171362],[-118.052903,34.1709530000001],[-118.052076,34.1710640000001],[-118.052148,34.1706560000001],[-118.055059,34.170648],[-118.055014,34.166776],[-118.057511,34.1667390000001]]]},"properties":{"AlertID":137,"Identifier":"test-lac-951496-1736320054083","Sent":1736291280000,"Sender":"kharo@ceooem.lacounty.gov","Effective":"2025-01-08T08:07:34+01:00","Onset":null,"Expires":1736377680000,"Headline":"Alert from AlertLACounty","Description":"LA COUNTY OFFICE OF EMERGENCY MANAGEMENT: FAST MOVING WILDFIRE IN YOUR AREA. AN EVACUATION ORDER HAS BEEN ISSUED FOR THE YOUR AREA. LEAVE NOW. MORE INFO AT ALERTLA.ORG. ","Instruction":"LA COUNTY OFFICE OF EMERGENCY MANAGEMENT: FAST MOVING WILDFIRE IN YOUR AREA. AN EVACUATION ORDER HAS BEEN ISSUED FOR THE YOUR AREA. LEAVE NOW. MORE INFO AT ALERTLA.ORG. ","Web":null,"CMAMtext":"LACo OEM: Fast moving wildfire. EVACUATION ORDER. LEAVE NOW. Alertla.org","CMAMlongtext":"LA COUNTY OFFICE OF EMERGENCY MANAGEMENT: FAST MOVING WILDFIRE IN YOUR AREA. AN EVACUATION ORDER HAS BEEN ISSUED FOR THE YOUR AREA. LEAVE NOW. MORE INFO AT ALERTLA.ORG. ","CMAMtextSpanish":"LACoOEM: Incendio avanza rapidamente. ORDEN DE EVACUACION. SALIR AHORA. Alertla.org","CMAMlongtextSpanish":"Oficina de Manejo de Emergencias del Condado de Los Angeles: Incendio forestal de rapido avance en su area. Se emitio una orden de evacuacion para el area. Vete ahora. Mas informacion en alertla.org.","SameCode":null,"Status":"Actual","MsgType":"Alert","Scope":"Public","Code":"IPAWSv1.0","Reference":null,"Language":"es-US","Category":"Fire","Event":"Evacuation Immediate","ResponseType":"Evacuate","Urgency":"Immediate","Severity":"Extreme","Certainty":"Observed","EventCode":"SAME:EVI, SAME:EVI","SenderName":"Public Alert System","Parameters":"LACo OEM: Fast moving wildfire. EVACUATION ORDER. LEAVE NOW. Alertla.org, LA COUNTY OFFICE OF EMERGENCY MANAGEMENT: FAST MOVING WILDFIRE IN YOUR AREA. AN EVACUATION ORDER HAS BEEN ISSUED FOR THE YOUR AREA. LEAVE NOW. MORE INFO AT ALERTLA.ORG. , EAS-ORG:CIV, timezone:EST, WEAHandling:Imminent Threat, BLOCKCHANNEL:EAS, BLOCKCHANNEL:NWEM, LACoOEM: Incendio avanza rapidamente. ORDEN DE EVACUACION. SALIR AHORA. Alertla.org, Oficina de Manejo de Emergencias del Condado de Los Angeles: Incendio forestal de rapido avance en su area. Se emitio una orden de evacuacion para el area. Vete ahora. Mas informacion en alertla.org., EAS-ORG:CIV, timezone:EST, WEAHandling:Imminent Threat, BLOCKCHANNEL:EAS, BLOCKCHANNEL:NWEM","Area":null,"Signature":null,"AreaDescription":"Los Angeles","FipsCode":"006037, 006037","GeoCodes":"","Circle":null,"CreateDate":1736291280000,"Shape__Area":0.00011975192683166824,"Shape__Length":0.051512111357543466,"DateRange":null}},{"type":"Feature","id":138,"geometry":{"type":"Polygon","coordinates":[[[-118.034945,34.166925],[-118.029663,34.166858],[-118.029475,34.167831],[-118.030139,34.168931],[-118.030139,34.1698230000001],[-118.029618,34.169994],[-118.030355,34.1703660000001],[-118.030138999,34.170485],[-118.030005,34.170775],[-118.030409,34.171094],[-118.030139,34.171228],[-118.030139,34.179403],[-118.01759,34.1794550000001],[-118.017383,34.1790320000001],[-118.017509,34.178162],[-118.016368,34.176683],[-118.018246,34.1757170000001],[-118.018461,34.175353],[-118.019629,34.175397],[-118.019934,34.174899],[-118.0205,34.1747290000001],[-118.021372,34.1733310000001],[-118.021336,34.161417],[-118.021758,34.161394],[-118.023285,34.1595360000001],[-118.029581999,34.1602790000001],[-118.031891,34.1603170000001],[-118.031855,34.1573510000001],[-118.038413,34.157269],[-118.038476,34.166887],[-118.034945,34.166925]]]},"properties":{"AlertID":138,"Identifier":"test-lac-951460-1736320268498","Sent":1736291460000,"Sender":"kharo@ceooem.lacounty.gov","Effective":"2025-01-08T08:11:08+01:00","Onset":null,"Expires":1736377860000,"Headline":"Alert from AlertLACounty","Description":"LA COUNTY OFFICE OF EMERGENCY MANAGEMENT: FAST MOVING WILDFIRE IN YOUR AREA. AN EVACUATION ORDER HAS BEEN ISSUED FOR THE YOUR AREA. LEAVE NOW. MORE INFO AT ALERTLA.ORG. ","Instruction":"LA COUNTY OFFICE OF EMERGENCY MANAGEMENT: FAST MOVING WILDFIRE IN YOUR AREA. AN EVACUATION ORDER HAS BEEN ISSUED FOR THE YOUR AREA. LEAVE NOW. MORE INFO AT ALERTLA.ORG. ","Web":null,"CMAMtext":"LACo OEM: Fast moving wildfire. EVACUATION ORDER. LEAVE NOW. Alertla.org","CMAMlongtext":"LA COUNTY OFFICE OF EMERGENCY MANAGEMENT: FAST MOVING WILDFIRE IN YOUR AREA. AN EVACUATION ORDER HAS BEEN ISSUED FOR THE YOUR AREA. LEAVE NOW. MORE INFO AT ALERTLA.ORG. ","CMAMtextSpanish":"LACoOEM: Incendio avanza rapidamente. ORDEN DE EVACUACION. SALIR AHORA. Alertla.org","CMAMlongtextSpanish":"Oficina de Manejo de Emergencias del Condado de Los Angeles: Incendio forestal de rapido avance en su area. Se emitio una orden de evacuacion para el area. Vete ahora. Mas informacion en alertla.org.","SameCode":null,"Status":"Actual","MsgType":"Alert","Scope":"Public","Code":"IPAWSv1.0","Reference":null,"Language":"es-US","Category":"Fire","Event":"Evacuation Immediate","ResponseType":"Evacuate","Urgency":"Immediate","Severity":"Extreme","Certainty":"Observed","EventCode":"SAME:EVI, SAME:EVI","SenderName":"Public Alert System","Parameters":"LACo OEM: Fast moving wildfire. EVACUATION ORDER. LEAVE NOW. Alertla.org, LA COUNTY OFFICE OF EMERGENCY MANAGEMENT: FAST MOVING WILDFIRE IN YOUR AREA. AN EVACUATION ORDER HAS BEEN ISSUED FOR THE YOUR AREA. LEAVE NOW. MORE INFO AT ALERTLA.ORG. , EAS-ORG:CIV, timezone:EST, WEAHandling:Imminent Threat, BLOCKCHANNEL:EAS, BLOCKCHANNEL:NWEM, LACoOEM: Incendio avanza rapidamente. ORDEN DE EVACUACION. SALIR AHORA. Alertla.org, Oficina de Manejo de Emergencias del Condado de Los Angeles: Incendio forestal de rapido avance en su area. Se emitio una orden de evacuacion para el area. Vete ahora. Mas informacion en alertla.org., EAS-ORG:CIV, timezone:EST, WEAHandling:Imminent Threat, BLOCKCHANNEL:EAS, BLOCKCHANNEL:NWEM","Area":null,"Signature":null,"AreaDescription":"Los Angeles","FipsCode":"006037, 006037","GeoCodes":"","Circle":null,"CreateDate":1736291520000,"Shape__Area":0.00026123163388547255,"Shape__Length":0.087740417134631446,"DateRange":null}},{"type":"Feature","id":139,"geometry":{"type":"Polygon","coordinates":[[[-118.5094,34.333],[-118.5037,34.325],[-118.4908,34.3167],[-118.5028,34.3085],[-118.4843,34.2859],[-118.4848,34.2716],[-118.5121,34.2721000000001],[-118.5233,34.2722000000001],[-118.5262,34.2814000000001],[-118.5416,34.2987000000001],[-118.5488,34.3174000000001],[-118.5339,34.3145000000001],[-118.5094,34.333]]]},"properties":{"AlertID":139,"Identifier":"1891677006739628","Sent":1736291640000,"Sender":"200277_LA_City_Public_Alerts_City_of_Los_Angeles","Effective":null,"Onset":null,"Expires":1736306040000,"Headline":"Wildfire Evacuation Warning-Sylmar Fire","Description":null,"Instruction":"LAFD:  Evacuation Warning for Sylmar Fire at 5 Freeway to Woodley/Balboa to Lahey Street to Zelzah Ave. Prepare to evacuate by gathering supplies, pets, and loved ones. Monitor local news, LAFD social media, and www.lafd.org/alerts for maps and info.\n\nLAFD: Preparese para evacuar el incendio Sylmar Fire. Area con potencial de evacuacion es 5 Freeway to Woodley/Balboa to Lahey Street to Zelzah Ave. Se aconseja que todos los presentes preparen para evacuar. Junten suministros y su familia. Escuche las noticias locales, las redes sociales de LAFD, y www.lafd.org/alerts para obtener mapas y informacion.","Web":"https://www.lafd.org/alerts","CMAMtext":"LAFD: Wildfire evacuation warning for 5 fwy/Woodley/Lahey/Zelzah. lafd.org/alerts","CMAMlongtext":"LAFD: Evacuation Warning for Sylmar Fire at 5 Freeway to Woodley/Balboa to Lahey Street to Zelzah Ave. Prepare to evacuate by gathering supplies, pets, and loved ones. Monitor local news, LAFD social media, and www.lafd.org/alerts for maps and info.","CMAMtextSpanish":"LAFD: Preparese para evacuar el area 5 fwy/Woodley/Lahey/Zelzah. lafd.org/alerts","CMAMlongtextSpanish":"LAFD: Preparese para evacuar el incendio Sylmar Fire. Area con potencial de evacuacion es 5 Freeway to Woodley/Balboa to Lahey Street to Zelzah Ave. Se aconseja que todos los presentes preparen para evacuar. Junten suministros y su familia. Escuche las noticias locales, las redes sociales de LAFD, y www.lafd.org/alerts para obtener mapas y informacion.","SameCode":null,"Status":"Actual","MsgType":"Alert","Scope":"Public","Code":"IPAWSv1.0","Reference":null,"Language":"es-US","Category":"Geo","Event":"Fire Warning","ResponseType":null,"Urgency":"Immediate","Severity":"Extreme","Certainty":"Observed","EventCode":"SAME:FRW, SAME:FRW","SenderName":"200277,LA City Public Alerts,City of Los Angeles","Parameters":"BLOCKCHANNEL:CAPEXCH, BLOCKCHANNEL:NWEM, BLOCKCHANNEL:EAS, EAS-ORG:CIV, LAFD: Wildfire evacuation warning for 5 fwy/Woodley/Lahey/Zelzah. lafd.org/alerts, LAFD: Evacuation Warning for Sylmar Fire at 5 Freeway to Woodley/Balboa to Lahey Street to Zelzah Ave. Prepare to evacuate by gathering supplies, pets, and loved ones. Monitor local news, LAFD social media, and www.lafd.org/alerts for maps and info., WEAHandling:Imminent Threat, timezone:PST, BLOCKCHANNEL:CAPEXCH, BLOCKCHANNEL:NWEM, BLOCKCHANNEL:EAS, EAS-ORG:CIV, LAFD: Preparese para evacuar el area 5 fwy/Woodley/Lahey/Zelzah. lafd.org/alerts, LAFD: Preparese para evacuar el incendio Sylmar Fire. Area con potencial de evacuacion es 5 Freeway to Woodley/Balboa to Lahey Street to Zelzah Ave. Se aconseja que todos los presentes preparen para evacuar. Junten suministros y su familia. Escuche las noticias locales, las redes sociales de LAFD, y www.lafd.org/alerts para obtener mapas y informacion., WEAHandling:Imminent Threat, timezone:PST","Area":null,"Signature":null,"AreaDescription":"Los Angeles","FipsCode":"006037, 006037","GeoCodes":"","Circle":null,"CreateDate":1736291700000,"Shape__Area":0.0023043850003432453,"Shape__Length":0.22044222101685057,"DateRange":null}},{"type":"Feature","id":140,"geometry":{"type":"Polygon","coordinates":[[[-118.041045001,34.1490170000001],[-118.067806001,34.148846],[-118.068111,34.16193],[-118.066602,34.1618330000001],[-118.03844,34.1619820000001],[-118.038413,34.157269],[-118.031855,34.1573510000001],[-118.031899999,34.1603840000001],[-118.030085,34.160354],[-118.023276,34.1595510000001],[-118.021758,34.161394],[-118.021372,34.161417],[-118.021417,34.1732870000001],[-118.020509,34.1747290000001],[-118.019934,34.174899],[-118.019602,34.1754490000001],[-118.018425,34.1754050000001],[-118.018246,34.1757170000001],[-118.016368,34.176683],[-118.017509,34.178162],[-118.017383,34.179039],[-118.017581,34.1794330000001],[-118.012631,34.1795670000001],[-118.012658,34.1679580000001],[-118.016054,34.1658620000001],[-118.015154999,34.1583620000001],[-118.013511,34.1576030000001],[-118.013368,34.1548900000001],[-118.020842,34.154727],[-118.021228,34.1545330000001],[-118.021228,34.151121],[-118.020698,34.151121],[-118.020545,34.1428990000001],[-118.029645,34.147203],[-118.03181,34.147954],[-118.041045001,34.1490170000001]]]},"properties":{"AlertID":140,"Identifier":"test-lac-951442-1736320617261","Sent":1736291820000,"Sender":"kharo@ceooem.lacounty.gov","Effective":"2025-01-08T08:16:57+01:00","Onset":null,"Expires":1736378220000,"Headline":"Alert from AlertLACounty","Description":"LA COUNTY OFFICE OF EMERGENCY MANAGEMENT: FAST MOVING WILDFIRE IN THE AREA. AN EVACUATION WARNING HAS BEEN ISSUED. PREPARE TO LEAVE. MORE INFO AT ALERTLA.ORG.","Instruction":"LA COUNTY OFFICE OF EMERGENCY MANAGEMENT: FAST MOVING WILDFIRE IN THE AREA. AN EVACUATION WARNING HAS BEEN ISSUED. PREPARE TO LEAVE. MORE INFORMATION AT ALERTLA.ORG.","Web":null,"CMAMtext":"LACo OEM: Fast moving wildfire. AN EVACUATION WARNING HAS BEEN ISSUED. Alertla.org","CMAMlongtext":"LA COUNTY OFFICE OF EMERGENCY MANAGEMENT: FAST MOVING WILDFIRE IN THE AREA. AN EVACUATION WARNING HAS BEEN ISSUED. PREPARE TO LEAVE. MORE INFO AT ALERTLA.ORG.","CMAMtextSpanish":"LACoOEM: Incendio avanza rapido. SE HA EMITIDO UNA ADVERTENCIA DE EVACUACION. Alertla.org","CMAMlongtextSpanish":"OFICINA DE MANEJO DE EMERGENCIAS DEL CONDADO DE LOS ANGELES: INCENDIOS SILVESTRES DE RAPIDO MOVIMIENTO EN EL AREA. SE HA EMITIDO UNA ADVERTENCIA DE EVACUACION. PREPARESE PARA SALIR. MAS INFORMACION AT ALERTLA.ORG.","SameCode":null,"Status":"Actual","MsgType":"Alert","Scope":"Public","Code":"IPAWSv1.0","Reference":null,"Language":"es-US","Category":"Fire","Event":"Fire Warning","ResponseType":"Prepare","Urgency":"Immediate","Severity":"Extreme","Certainty":"Observed","EventCode":"SAME:FRW, SAME:FRW","SenderName":"Public Alert System","Parameters":"LACo OEM: Fast moving wildfire. AN EVACUATION WARNING HAS BEEN ISSUED. Alertla.org, LA COUNTY OFFICE OF EMERGENCY MANAGEMENT: FAST MOVING WILDFIRE IN THE AREA. AN EVACUATION WARNING HAS BEEN ISSUED. PREPARE TO LEAVE. MORE INFO AT ALERTLA.ORG., EAS-ORG:CIV, timezone:EST, WEAHandling:Imminent Threat, BLOCKCHANNEL:EAS, BLOCKCHANNEL:NWEM, LACoOEM: Incendio avanza rapido. SE HA EMITIDO UNA ADVERTENCIA DE EVACUACION. Alertla.org, OFICINA DE MANEJO DE EMERGENCIAS DEL CONDADO DE LOS ANGELES: INCENDIOS SILVESTRES DE RAPIDO MOVIMIENTO EN EL AREA. SE HA EMITIDO UNA ADVERTENCIA DE EVACUACION. PREPARESE PARA SALIR. MAS INFORMACION AT ALERTLA.ORG., EAS-ORG:CIV, timezone:EST, WEAHandling:Imminent Threat, BLOCKCHANNEL:EAS, BLOCKCHANNEL:NWEM","Area":null,"Signature":null,"AreaDescription":"Los Angeles","FipsCode":"006037, 006037","GeoCodes":"","Circle":null,"CreateDate":1736291820000,"Shape__Area":0.00076831944215882686,"Shape__Length":0.1912948797953018,"DateRange":null}},{"type":"Feature","id":141,"geometry":{"type":"Polygon","coordinates":[[[-118.500812,34.324009],[-118.501737,34.322793],[-118.501782,34.315552],[-118.51054,34.315611],[-118.512642,34.3191570000001],[-118.515544,34.31892],[-118.51576,34.319781],[-118.519263,34.321131],[-118.521248,34.321131],[-118.523755,34.322259],[-118.534013001,34.3145280000001],[-118.543437,34.3166790000001],[-118.543113,34.3181260000001],[-118.544254,34.320656],[-118.544012,34.3215020000001],[-118.547362,34.3244920000001],[-118.547856,34.327207],[-118.545296,34.329484],[-118.545081,34.329907],[-118.545924999,34.331732],[-118.545610999,34.332615],[-118.546419,34.334818],[-118.543769,34.3344470000001],[-118.544074,34.334729],[-118.544649,34.337006],[-118.543976,34.3373330000001],[-118.544604,34.3390160000001],[-118.541388,34.336873],[-118.54199,34.3382750000001],[-118.541137,34.3390390000001],[-118.540149,34.3385940000001],[-118.540059,34.3396990000001],[-118.540939,34.340856],[-118.541353,34.343289],[-118.543122,34.3445130000001],[-118.543598,34.3454400000001],[-118.543643,34.345788],[-118.542871,34.3460480000001],[-118.543077,34.347005],[-118.544119,34.3473090000001],[-118.545512,34.3492450000001],[-118.54579,34.3505420000001],[-118.54509,34.3503870000001],[-118.544497,34.350787],[-118.54756,34.352226],[-118.553111,34.3572990000001],[-118.554154,34.3588560000001],[-118.553821,34.3588560000001],[-118.556085,34.365011],[-118.55763,34.367191],[-118.555654,34.367146],[-118.555995,34.3693490000001],[-118.55383,34.3688670000001],[-118.552644001,34.367621],[-118.549824,34.367895],[-118.545952,34.3664420000001],[-118.546159,34.3692740000001],[-118.535019,34.3699340000001],[-118.535145,34.371588],[-118.530375,34.3747460000001],[-118.529216001,34.3777860000001],[-118.525003,34.3760140000001],[-118.524581,34.3760960000001],[-118.524222001,34.3756060000001],[-118.519434,34.3736050000001],[-118.517673,34.3706240000001],[-118.517152,34.3686740000001],[-118.512579001,34.3650180000001],[-118.503453,34.36312],[-118.497703,34.362742],[-118.497658,34.361526],[-118.496949,34.3615110000001],[-118.49747,34.3669170000001],[-118.482495001,34.3667160000001],[-118.466379,34.365641],[-118.465607,34.3300850000001],[-118.468391,34.330115],[-118.468382,34.3305530000001],[-118.468823,34.33059],[-118.468319,34.331465],[-118.467627999,34.331487],[-118.46778,34.334729],[-118.468463,34.334751],[-118.468616,34.3321100000001],[-118.47052,34.3324440000001],[-118.470035,34.331013],[-118.468939,34.329929],[-118.492439,34.330456],[-118.506471,34.338579],[-118.506498,34.3366280000001],[-118.504944,34.3339580000001],[-118.504189,34.331354],[-118.500812,34.324009]]]},"properties":{"AlertID":141,"Identifier":"test-lac-951523-1736323612335","Sent":1736294820000,"Sender":"kharo@ceooem.lacounty.gov","Effective":"2025-01-08T09:06:52+01:00","Onset":null,"Expires":1736381220000,"Headline":"Alert from AlertLACounty","Description":"Los Angeles County Fire Dept:   FAST MOVING WILDFIRE IN YOUR AREA. AN EVACUATION ORDER HAS BEEN ISSUED FOR THE YOUR AREA. LEAVE NOW. MORE INFO AT ALERTLA.ORG. ","Instruction":"Los Angeles County Fire Dept:   FAST MOVING WILDFIRE IN YOUR AREA. AN EVACUATION ORDER HAS BEEN ISSUED FOR THE YOUR AREA. LEAVE NOW. MORE INFO AT ALERTLA.ORG. ","Web":null,"CMAMtext":"LACoFD: Fast moving wildfire. EVACUATION ORDER. LEAVE NOW. Alertla.org","CMAMlongtext":"Los Angeles County Fire Dept:   FAST MOVING WILDFIRE IN YOUR AREA. AN EVACUATION ORDER HAS BEEN ISSUED FOR THE YOUR AREA. LEAVE NOW. MORE INFO AT ALERTLA.ORG. ","CMAMtextSpanish":"LACoFD: Incendio avanza rapidamente. ORDEN DE EVACUACION. SALIR AHORA. Alertla.org","CMAMlongtextSpanish":"Departamento de Bomberos del Condado de Los Angeles: Incendio forestal de rapido avance en su area. Se emitio una orden de evacuacion para el area. Vete ahora. Mas informacion en alertla.org.","SameCode":null,"Status":"Actual","MsgType":"Alert","Scope":"Public","Code":"IPAWSv1.0","Reference":null,"Language":"es-US","Category":"Fire","Event":"Evacuation Immediate","ResponseType":"Evacuate","Urgency":"Immediate","Severity":"Extreme","Certainty":"Observed","EventCode":"SAME:EVI, SAME:EVI","SenderName":"Public Alert System","Parameters":"LACoFD: Fast moving wildfire. EVACUATION ORDER. LEAVE NOW. Alertla.org, Los Angeles County Fire Dept:   FAST MOVING WILDFIRE IN YOUR AREA. AN EVACUATION ORDER HAS BEEN ISSUED FOR THE YOUR AREA. LEAVE NOW. MORE INFO AT ALERTLA.ORG. , EAS-ORG:CIV, timezone:EST, WEAHandling:Imminent Threat, BLOCKCHANNEL:EAS, BLOCKCHANNEL:NWEM, LACoFD: Incendio avanza rapidamente. ORDEN DE EVACUACION. SALIR AHORA. Alertla.org, Departamento de Bomberos del Condado de Los Angeles: Incendio forestal de rapido avance en su area. Se emitio una orden de evacuacion para el area. Vete ahora. Mas informacion en alertla.org., EAS-ORG:CIV, timezone:EST, WEAHandling:Imminent Threat, BLOCKCHANNEL:EAS, BLOCKCHANNEL:NWEM","Area":null,"Signature":null,"AreaDescription":"Los Angeles","FipsCode":"006037, 006037","GeoCodes":"","Circle":null,"CreateDate":1736294820000,"Shape__Area":0.0035996805618196959,"Shape__Length":0.35606509978125,"DateRange":null}},{"type":"Feature","id":142,"geometry":{"type":"Polygon","coordinates":[[[-118.041045001,34.1490170000001],[-118.067806001,34.148846],[-118.068111,34.16193],[-118.066602,34.1618330000001],[-118.03844,34.1619820000001],[-118.038413,34.157269],[-118.031855,34.1573510000001],[-118.031899999,34.1603840000001],[-118.030085,34.160354],[-118.023276,34.1595510000001],[-118.021758,34.161394],[-118.021372,34.161417],[-118.021417,34.1732870000001],[-118.020509,34.1747290000001],[-118.019934,34.174899],[-118.019602,34.1754490000001],[-118.018425,34.1754050000001],[-118.018246,34.1757170000001],[-118.016368,34.176683],[-118.017509,34.178162],[-118.017383,34.179039],[-118.017581,34.1794330000001],[-118.012631,34.1795670000001],[-118.012658,34.1679580000001],[-118.016054,34.1658620000001],[-118.015154999,34.1583620000001],[-118.013511,34.1576030000001],[-118.013368,34.1548900000001],[-118.020842,34.154727],[-118.021228,34.1545330000001],[-118.021228,34.151121],[-118.020698,34.151121],[-118.020545,34.1428990000001],[-118.029645,34.147203],[-118.03181,34.147954],[-118.041045001,34.1490170000001]]]},"properties":{"AlertID":142,"Identifier":"test-lac-951652-1736325666641","Sent":1736296860000,"Sender":"kharo@ceooem.lacounty.gov","Effective":"2025-01-08T09:41:06+01:00","Onset":null,"Expires":1736383260000,"Headline":"Alert from AlertLACounty","Description":"LA COUNTY OFFICE OF EMERGENCY MANAGEMENT: FAST MOVING WILDFIRE IN THE AREA. AN EVACUATION WARNING HAS BEEN ISSUED. PREPARE TO LEAVE. MORE INFO AT ALERTLA.ORG.","Instruction":"LA COUNTY OFFICE OF EMERGENCY MANAGEMENT: FAST MOVING WILDFIRE IN THE AREA. AN EVACUATION WARNING HAS BEEN ISSUED. PREPARE TO LEAVE. MORE INFORMATION AT ALERTLA.ORG.","Web":null,"CMAMtext":"LACo OEM: Fast moving wildfire. AN EVACUATION WARNING HAS BEEN ISSUED. Alertla.org","CMAMlongtext":"LA COUNTY OFFICE OF EMERGENCY MANAGEMENT: FAST MOVING WILDFIRE IN THE AREA. AN EVACUATION WARNING HAS BEEN ISSUED. PREPARE TO LEAVE. MORE INFO AT ALERTLA.ORG.","CMAMtextSpanish":"LACoOEM: Incendio avanza rapido. SE HA EMITIDO UNA ADVERTENCIA DE EVACUACION. Alertla.org","CMAMlongtextSpanish":"OFICINA DE MANEJO DE EMERGENCIAS DEL CONDADO DE LOS ANGELES: INCENDIOS SILVESTRES DE RAPIDO MOVIMIENTO EN EL AREA. SE HA EMITIDO UNA ADVERTENCIA DE EVACUACION. PREPARESE PARA SALIR. MAS INFORMACION AT ALERTLA.ORG.","SameCode":null,"Status":"Actual","MsgType":"Alert","Scope":"Public","Code":"IPAWSv1.0","Reference":null,"Language":"es-US","Category":"Fire","Event":"Fire Warning","ResponseType":"Prepare","Urgency":"Immediate","Severity":"Extreme","Certainty":"Observed","EventCode":"SAME:FRW, SAME:FRW","SenderName":"Public Alert System","Parameters":"LACo OEM: Fast moving wildfire. AN EVACUATION WARNING HAS BEEN ISSUED. Alertla.org, LA COUNTY OFFICE OF EMERGENCY MANAGEMENT: FAST MOVING WILDFIRE IN THE AREA. AN EVACUATION WARNING HAS BEEN ISSUED. PREPARE TO LEAVE. MORE INFO AT ALERTLA.ORG., EAS-ORG:CIV, timezone:EST, WEAHandling:Imminent Threat, BLOCKCHANNEL:EAS, BLOCKCHANNEL:NWEM, LACoOEM: Incendio avanza rapido. SE HA EMITIDO UNA ADVERTENCIA DE EVACUACION. Alertla.org, OFICINA DE MANEJO DE EMERGENCIAS DEL CONDADO DE LOS ANGELES: INCENDIOS SILVESTRES DE RAPIDO MOVIMIENTO EN EL AREA. SE HA EMITIDO UNA ADVERTENCIA DE EVACUACION. PREPARESE PARA SALIR. MAS INFORMACION AT ALERTLA.ORG., EAS-ORG:CIV, timezone:EST, WEAHandling:Imminent Threat, BLOCKCHANNEL:EAS, BLOCKCHANNEL:NWEM","Area":null,"Signature":null,"AreaDescription":"Los Angeles","FipsCode":"006037, 006037","GeoCodes":"","Circle":null,"CreateDate":1736296920000,"Shape__Area":0.00076831944215882686,"Shape__Length":0.1912948797953018,"DateRange":null}},{"type":"Feature","id":143,"geometry":{"type":"Polygon","coordinates":[[[-118.001231,34.162071],[-118.001187,34.1598710000001],[-118.013368,34.1549350000001],[-118.013511,34.1576030000001],[-118.015154999,34.1583620000001],[-118.016054,34.1658620000001],[-118.012658,34.1679500000001],[-118.01264,34.1795290000001],[-117.99939,34.1797750000001],[-117.999462,34.1695040000001],[-117.999291,34.169362],[-117.999722,34.1692580000001],[-117.999857,34.168686],[-117.999417001,34.1664190000001],[-117.999498,34.165445],[-117.999839,34.165445],[-117.99957,34.16297],[-117.999632,34.1624130000001],[-118.001178,34.162294],[-118.001231,34.162071]]]},"properties":{"AlertID":143,"Identifier":"test-lac-951703-1736326280340","Sent":1736297460000,"Sender":"kharo@ceooem.lacounty.gov","Effective":"2025-01-08T09:51:20+01:00","Onset":null,"Expires":1736383860000,"Headline":"Alert from AlertLACounty","Description":"LA COUNTY OFFICE OF EMERGENCY MANAGEMENT: FAST MOVING WILDFIRE IN THE AREA. AN EVACUATION WARNING HAS BEEN ISSUED. PREPARE TO LEAVE. MORE INFO AT ALERTLA.ORG.","Instruction":"LA COUNTY OFFICE OF EMERGENCY MANAGEMENT: FAST MOVING WILDFIRE IN THE AREA. AN EVACUATION WARNING HAS BEEN ISSUED. PREPARE TO LEAVE. MORE INFORMATION AT ALERTLA.ORG.","Web":null,"CMAMtext":"LACo OEM: Fast moving wildfire. AN EVACUATION WARNING HAS BEEN ISSUED. Alertla.org","CMAMlongtext":"LA COUNTY OFFICE OF EMERGENCY MANAGEMENT: FAST MOVING WILDFIRE IN THE AREA. AN EVACUATION WARNING HAS BEEN ISSUED. PREPARE TO LEAVE. MORE INFO AT ALERTLA.ORG.","CMAMtextSpanish":"LACoOEM: Incendio avanza rapido. SE HA EMITIDO UNA ADVERTENCIA DE EVACUACION. Alertla.org","CMAMlongtextSpanish":"OFICINA DE MANEJO DE EMERGENCIAS DEL CONDADO DE LOS ANGELES: INCENDIOS SILVESTRES DE RAPIDO MOVIMIENTO EN EL AREA. SE HA EMITIDO UNA ADVERTENCIA DE EVACUACION. PREPARESE PARA SALIR. MAS INFORMACION AT ALERTLA.ORG.","SameCode":null,"Status":"Actual","MsgType":"Alert","Scope":"Public","Code":"IPAWSv1.0","Reference":null,"Language":"es-US","Category":"Fire","Event":"Fire Warning","ResponseType":"Prepare","Urgency":"Immediate","Severity":"Extreme","Certainty":"Observed","EventCode":"SAME:FRW, SAME:FRW","SenderName":"Public Alert System","Parameters":"LACo OEM: Fast moving wildfire. AN EVACUATION WARNING HAS BEEN ISSUED. Alertla.org, LA COUNTY OFFICE OF EMERGENCY MANAGEMENT: FAST MOVING WILDFIRE IN THE AREA. AN EVACUATION WARNING HAS BEEN ISSUED. PREPARE TO LEAVE. MORE INFO AT ALERTLA.ORG., EAS-ORG:CIV, timezone:EST, WEAHandling:Imminent Threat, BLOCKCHANNEL:EAS, BLOCKCHANNEL:NWEM, LACoOEM: Incendio avanza rapido. SE HA EMITIDO UNA ADVERTENCIA DE EVACUACION. Alertla.org, OFICINA DE MANEJO DE EMERGENCIAS DEL CONDADO DE LOS ANGELES: INCENDIOS SILVESTRES DE RAPIDO MOVIMIENTO EN EL AREA. SE HA EMITIDO UNA ADVERTENCIA DE EVACUACION. PREPARESE PARA SALIR. MAS INFORMACION AT ALERTLA.ORG., EAS-ORG:CIV, timezone:EST, WEAHandling:Imminent Threat, BLOCKCHANNEL:EAS, BLOCKCHANNEL:NWEM","Area":null,"Signature":null,"AreaDescription":"Los Angeles","FipsCode":"006037, 006037","GeoCodes":"","Circle":null,"CreateDate":1736298960000,"Shape__Area":0.00031124927022574411,"Shape__Length":0.076179720376440579,"DateRange":null}},{"type":"Feature","id":144,"geometry":{"type":"Polygon","coordinates":[[[-118.708125,34.069039],[-118.706804,34.070772],[-118.705735,34.0727440000001],[-118.704684,34.0742550000001],[-118.703373,34.0756240000001],[-118.702277001,34.0780720000001],[-118.704055,34.080855],[-118.704936,34.0831240000001],[-118.704909,34.0838830000001],[-118.703723,34.087045],[-118.70384,34.087967],[-118.709104,34.092929],[-118.71144,34.0961580000001],[-118.711772,34.0968940000001],[-118.711781,34.097742],[-118.711125,34.0996240000001],[-118.711134,34.103106],[-118.711386,34.1039010000001],[-118.711071,34.1041470000001],[-118.71108,34.1071890000001],[-118.706732,34.1071820000001],[-118.706723,34.1081780000001],[-118.654558,34.107583],[-118.654504,34.1181070000001],[-118.645665,34.1181],[-118.645683,34.1071820000001],[-118.641074,34.107197],[-118.641137,34.0926390000001],[-118.636951,34.0926390000001],[-118.636924,34.065504],[-118.639808,34.0654960000001],[-118.640688,34.06607],[-118.641012001,34.066925],[-118.643284,34.0665010000001],[-118.645297,34.067394],[-118.645306001,34.067282],[-118.643608,34.066084],[-118.643473,34.0655630000001],[-118.644066,34.0650430000001],[-118.646339001,34.065206],[-118.646186,34.0640230000001],[-118.646383999,34.0636880000001],[-118.647848,34.0632420000001],[-118.648917,34.0624010000001],[-118.649706999,34.0627950000001],[-118.651576,34.0653770000001],[-118.653076,34.06636],[-118.653247,34.067126],[-118.652905,34.0676020000001],[-118.652887,34.0679450000001],[-118.653525,34.0701250000001],[-118.653983,34.0704230000001],[-118.656391,34.0712560000001],[-118.657253,34.0720600000001],[-118.657603,34.0722230000001],[-118.65869,34.0717770000001],[-118.66002,34.0719930000001],[-118.660451,34.0718590000001],[-118.661071,34.070594],[-118.661556,34.070095],[-118.661466,34.0692990000001],[-118.661835,34.069016],[-118.663559,34.068726],[-118.664197,34.06956],[-118.664196999,34.061679],[-118.708277,34.0683470000001],[-118.708125,34.069039]]]},"properties":{"AlertID":144,"Identifier":"test-lac-951721-1736326868260","Sent":1736298060000,"Sender":"kharo@ceooem.lacounty.gov","Effective":"2025-01-08T10:01:08+01:00","Onset":null,"Expires":1736384460000,"Headline":"Alert from AlertLACounty","Description":"Los Angeles County Fire Dept:  Wind-driven fire. An EVACUATION ORDER for area of Monte Nido. LEAVE NOW.  Follow instructions from emergency personnel. Dial 9-1-1 for emergency help. Visit alertla.org for more information.","Instruction":"Los Angeles County Fire Dept:  Wind-driven fire. An EVACUATION ORDER for area of Monte Nido. LEAVE NOW.  Follow instructions from emergency personnel. Dial 9-1-1 for emergency help. Visit alertla.org for more information.","Web":null,"CMAMtext":"LACoFD: Wildfire in area of Monte Nido. EVACUATION ORDER. LEAVE NOW. Alertla.org","CMAMlongtext":"Los Angeles County Fire Dept:  Wind-driven fire. An EVACUATION ORDER for area of Monte Nido. LEAVE NOW.  Follow instructions from emergency personnel. Dial 9-1-1 for emergency help. Visit alertla.org for more information.","CMAMtextSpanish":"LACoFD: Incendio en area de Monte Nido. ORDEN DE EVACUACION. SALIR AHORA. Alertla.org","CMAMlongtextSpanish":"Departamento de Bomberos del Condado de Los Angeles: Incendio impulsado por el viento. Una ORDEN DE EVACUACION para la area de Monte Nido. SALIR AHORA.  Siga las instrucciones del personal de emergencia. Marque el 9-1-1 para obtener ayuda de emergencia. Visite alertla.org para obtener mas informacion.","SameCode":null,"Status":"Actual","MsgType":"Alert","Scope":"Public","Code":"IPAWSv1.0","Reference":null,"Language":"es-US","Category":"Fire","Event":"Evacuation Immediate","ResponseType":"Evacuate","Urgency":"Immediate","Severity":"Extreme","Certainty":"Observed","EventCode":"SAME:EVI, SAME:EVI","SenderName":"Public Alert System","Parameters":"LACoFD: Wildfire in area of Monte Nido. EVACUATION ORDER. LEAVE NOW. Alertla.org, Los Angeles County Fire Dept:  Wind-driven fire. An EVACUATION ORDER for area of Monte Nido. LEAVE NOW.  Follow instructions from emergency personnel. Dial 9-1-1 for emergency help. Visit alertla.org for more information., EAS-ORG:CIV, timezone:EST, WEAHandling:Imminent Threat, BLOCKCHANNEL:EAS, BLOCKCHANNEL:NWEM, LACoFD: Incendio en area de Monte Nido. ORDEN DE EVACUACION. SALIR AHORA. Alertla.org, Departamento de Bomberos del Condado de Los Angeles: Incendio impulsado por el viento. Una ORDEN DE EVACUACION para la area de Monte Nido. SALIR AHORA.  Siga las instrucciones del personal de emergencia. Marque el 9-1-1 para obtener ayuda de emergencia. Visite alertla.org para obtener mas informacion., EAS-ORG:CIV, timezone:EST, WEAHandling:Imminent Threat, BLOCKCHANNEL:EAS, BLOCKCHANNEL:NWEM","Area":null,"Signature":null,"AreaDescription":"Los Angeles","FipsCode":"006037, 006037","GeoCodes":"","Circle":null,"CreateDate":1736298960000,"Shape__Area":0.0029762038627723086,"Shape__Length":0.27900396221826157,"DateRange":null}},{"type":"Feature","id":145,"geometry":{"type":"Polygon","coordinates":[[[-118.751379001,34.070862],[-118.783727,34.0708100000001],[-118.783996,34.082209],[-118.784715,34.089686],[-118.784706,34.10042],[-118.767243,34.100331],[-118.763254,34.1010000000001],[-118.76161,34.10074],[-118.759787001,34.1000930000001],[-118.757784,34.1000480000001],[-118.756688,34.09923],[-118.754451,34.098531],[-118.754451001,34.104028],[-118.745782,34.1039680000001],[-118.745746,34.110484],[-118.745108,34.109986],[-118.743563,34.1100450000001],[-118.741883,34.109517],[-118.740401,34.1101200000001],[-118.73988,34.110082],[-118.739521,34.109882],[-118.737455,34.1077320000001],[-118.736934,34.1074570000001],[-118.735038,34.1069880000001],[-118.733781,34.10742],[-118.733242,34.107397],[-118.732873,34.1071370000001],[-118.731876,34.1054260000001],[-118.731526,34.105196],[-118.730834,34.1052780000001],[-118.729729,34.1061330000001],[-118.729181,34.106185],[-118.728346,34.105508],[-118.72681,34.1052700000001],[-118.726379001,34.104139],[-118.726091,34.103939],[-118.725516,34.104043],[-118.725112,34.1049800000001],[-118.724654,34.1052330000001],[-118.722947001,34.10466],[-118.720737,34.1051590000001],[-118.720477,34.1054710000001],[-118.720432,34.105806],[-118.721311999,34.1078360000001],[-118.721114,34.1082230000001],[-118.720647,34.1084090000001],[-118.720098999,34.108253],[-118.719623,34.107226],[-118.717934,34.1056570000001],[-118.717395,34.1042660000001],[-118.717072,34.103931],[-118.716272,34.103686],[-118.71329,34.103463],[-118.712329,34.103574],[-118.711341,34.103916],[-118.711134,34.103262],[-118.711116,34.0995570000001],[-118.7117,34.0976830000001],[-118.711690999,34.0968050000001],[-118.711413,34.096188],[-118.709176,34.0931],[-118.704073,34.0883690000001],[-118.703768,34.0879],[-118.70366,34.087074],[-118.704855,34.0838830000001],[-118.704891,34.083176],[-118.703948,34.080788],[-118.70225,34.0781170000001],[-118.702277,34.077797],[-118.703373,34.075453],[-118.704891,34.07392],[-118.705313,34.0733320000001],[-118.706732001,34.070839],[-118.708053,34.0690980000001],[-118.708224,34.0683540000001],[-118.727978,34.0702590000001],[-118.727978,34.0703780000001],[-118.746806,34.0709580000001],[-118.751379001,34.070862]]]},"properties":{"AlertID":145,"Identifier":"test-lac-951796-1736327539879","Sent":1736298720000,"Sender":"kharo@ceooem.lacounty.gov","Effective":"2025-01-08T10:12:19+01:00","Onset":null,"Expires":1736385120000,"Headline":"Alert from AlertLACounty","Description":"This is an emergency message from the Los Angeles County Fire Department. An EVACUATION WARNING has been issued in your area.  Remain vigilant of any threats and be ready to evacuate. Gather loved ones, pets, and supplies. Continue to monitor local weather, news, and the webpage alertla.org for more information.\n\n\n","Instruction":"This is an emergency message from the Los Angeles County Fire Department. An EVACUATION WARNING has been issued in your area.  Remain vigilant of any threats and be ready to evacuate. Gather loved ones, pets, and supplies. Continue to monitor local weather, news, and the webpage alertla.org for more information.","Web":null,"CMAMtext":"LACoFD: Evacuation warning in your area. Prepare to evacuate. More on alertla.org.","CMAMlongtext":"This is an emergency message from the Los Angeles County Fire Department. An EVACUATION WARNING has been issued in your area.  Remain vigilant of any threats and be ready to evacuate. Gather loved ones, pets, and supplies. Continue to monitor local weather, news, and the webpage alertla.org for more information.\n\n\n","CMAMtextSpanish":"LACoFD: Advertencia de evacuacion en su area. Mas informacion en alertla.org.","CMAMlongtextSpanish":"Este es un mensaje de emergencia del Departamento de Bomberos del Condado de Los Angeles. Se ha emitido una ADVERTENCIA DE EVACUACION en su area. Mantengase alerta y este listo para evacuar. Reuna a sus seres queridos, mascotas y suministros. Continue monitoreando el clima local, las noticias y la pagina web alertla.org para informacion.","SameCode":null,"Status":"Actual","MsgType":"Alert","Scope":"Public","Code":"IPAWSv1.0","Reference":null,"Language":"es-US","Category":"Fire","Event":"Fire Warning","ResponseType":"Prepare","Urgency":"Immediate","Severity":"Extreme","Certainty":"Observed","EventCode":"SAME:FRW, SAME:FRW","SenderName":"Public Alert System","Parameters":"LACoFD: Evacuation warning in your area. Prepare to evacuate. More on alertla.org., This is an emergency message from the Los Angeles County Fire Department. An EVACUATION WARNING has been issued in your area.  Remain vigilant of any threats and be ready to evacuate. Gather loved ones, pets, and supplies. Continue to monitor local weather, news, and the webpage alertla.org for more information.\n\n\n, EAS-ORG:CIV, timezone:EST, WEAHandling:Imminent Threat, BLOCKCHANNEL:EAS, BLOCKCHANNEL:NWEM, LACoFD: Advertencia de evacuacion en su area. Mas informacion en alertla.org., Este es un mensaje de emergencia del Departamento de Bomberos del Condado de Los Angeles. Se ha emitido una ADVERTENCIA DE EVACUACION en su area. Mantengase alerta y este listo para evacuar. Reuna a sus seres queridos, mascotas y suministros. Continue monitoreando el clima local, las noticias y la pagina web alertla.org para informacion., EAS-ORG:CIV, timezone:EST, WEAHandling:Imminent Threat, BLOCKCHANNEL:EAS, BLOCKCHANNEL:NWEM","Area":null,"Signature":null,"AreaDescription":"Los Angeles","FipsCode":"006037, 006037","GeoCodes":"","Circle":null,"CreateDate":1736299020000,"Shape__Area":0.0025797105702167755,"Shape__Length":0.24402323438444914,"DateRange":null}},{"type":"Feature","id":146,"geometry":{"type":"Polygon","coordinates":[[[-118.521374,34.3409],[-118.525677,34.3415160000001],[-118.527635,34.3421090000001],[-118.529818,34.343348],[-118.532845,34.3462850000001],[-118.534418,34.3473010000001],[-118.544056,34.351076],[-118.54438,34.3508610000001],[-118.546114,34.351521],[-118.547578,34.352315],[-118.552429,34.356594],[-118.553516,34.35787],[-118.554118,34.3588560000001],[-118.55374,34.3588560000001],[-118.554127,34.3596640000001],[-118.555555,34.363995],[-118.556408,34.3656260000001],[-118.55763,34.367191],[-118.555654,34.367146],[-118.555995,34.3693490000001],[-118.554082001,34.368926],[-118.553102,34.3676360000001],[-118.55277,34.3677470000001],[-118.552626,34.3673840000001],[-118.551171,34.367762],[-118.549321,34.3677020000001],[-118.545952,34.3664420000001],[-118.546159,34.3692740000001],[-118.535019,34.3699340000001],[-118.535145,34.371588],[-118.533941,34.37204],[-118.53325,34.3727670000001],[-118.532387,34.3731300000001],[-118.530016,34.3749990000001],[-118.529809001,34.3762810000001],[-118.529028,34.377593],[-118.52609,34.376474],[-118.525183,34.375977],[-118.524581,34.3760960000001],[-118.524222001,34.3756060000001],[-118.519434,34.3736050000001],[-118.517673,34.3706240000001],[-118.517152,34.3686740000001],[-118.514187,34.3659230000001],[-118.512301,34.3647810000001],[-118.504396,34.363298],[-118.505833001,34.3605910000001],[-118.506336,34.358322],[-118.50613,34.3563720000001],[-118.503938,34.349994],[-118.503659,34.3480950000001],[-118.50392,34.3461],[-118.505797,34.340967],[-118.506615,34.3379780000001],[-118.506561,34.336821],[-118.505986,34.3356640000001],[-118.506525,34.3352330000001],[-118.507854,34.3359600000001],[-118.507998,34.3358860000001],[-118.508555,34.336153],[-118.51098,34.3367240000001],[-118.519523,34.34047],[-118.520709,34.340826],[-118.521374,34.3409]]]},"properties":{"AlertID":146,"Identifier":"test-lac-951538-1736331358880","Sent":1736302560000,"Sender":"kharo@ceooem.lacounty.gov","Effective":"2025-01-08T11:15:58+01:00","Onset":null,"Expires":1736388960000,"Headline":"Alert from AlertLACounty","Description":"Los Angeles County Fire Dept: FAST MOVING WILDFIRE IN THE AREA. An EVACUATION WARNING has been issued in your area. Remain vigilant of any threats and be ready to evacuate. Gather loved ones, pets, and supplies. Continue to monitor local weather, news, and the webpage alertla.org for more information.","Instruction":"Los Angeles County Fire Dept: FAST MOVING WILDFIRE IN THE AREA. AN EVACUATION WARNING HAS BEEN ISSUED. PREPARE TO LEAVE. MORE INFO AT ALERTLA.ORG.","Web":null,"CMAMtext":"LACoFD:  Fast moving wildfire. AN EVACUATION WARNING HAS BEEN ISSUED. Alertla.org","CMAMlongtext":"Los Angeles County Fire Dept: FAST MOVING WILDFIRE IN THE AREA. An EVACUATION WARNING has been issued in your area. Remain vigilant of any threats and be ready to evacuate. Gather loved ones, pets, and supplies. Continue to monitor local weather, news, and the webpage alertla.org for more information.","CMAMtextSpanish":"LACoFD: Incendio avanza rapido. SE HA EMITIDO UNA ADVERTENCIA DE EVACUACION. Alertla.org","CMAMlongtextSpanish":"Este es un mensaje de emergencia del Departamento de Bomberos del Condado de Los Angeles. Se ha emitido una ADVERTENCIA DE EVACUACION en su area. Mantengase alerta y este listo para evacuar. Reuna a sus seres queridos, mascotas y suministros. Continue monitoreando el clima local, las noticias y la pagina web alertla.org para informacion.","SameCode":null,"Status":"Actual","MsgType":"Alert","Scope":"Public","Code":"IPAWSv1.0","Reference":null,"Language":"es-US","Category":"Fire","Event":"Fire Warning","ResponseType":"Prepare","Urgency":"Immediate","Severity":"Extreme","Certainty":"Observed","EventCode":"SAME:FRW, SAME:FRW","SenderName":"Public Alert System","Parameters":"LACoFD:  Fast moving wildfire. AN EVACUATION WARNING HAS BEEN ISSUED. Alertla.org, Los Angeles County Fire Dept: FAST MOVING WILDFIRE IN THE AREA. An EVACUATION WARNING has been issued in your area. Remain vigilant of any threats and be ready to evacuate. Gather loved ones, pets, and supplies. Continue to monitor local weather, news, and the webpage alertla.org for more information., EAS-ORG:CIV, timezone:EST, WEAHandling:Imminent Threat, BLOCKCHANNEL:EAS, BLOCKCHANNEL:NWEM, LACoFD: Incendio avanza rapido. SE HA EMITIDO UNA ADVERTENCIA DE EVACUACION. Alertla.org, Este es un mensaje de emergencia del Departamento de Bomberos del Condado de Los Angeles. Se ha emitido una ADVERTENCIA DE EVACUACION en su area. Mantengase alerta y este listo para evacuar. Reuna a sus seres queridos, mascotas y suministros. Continue monitoreando el clima local, las noticias y la pagina web alertla.org para informacion., EAS-ORG:CIV, timezone:EST, WEAHandling:Imminent Threat, BLOCKCHANNEL:EAS, BLOCKCHANNEL:NWEM","Area":null,"Signature":null,"AreaDescription":"Los Angeles","FipsCode":"006037, 006037","GeoCodes":"","Circle":null,"CreateDate":1736302560000,"Shape__Area":0.001242207835730369,"Shape__Length":0.1645314251106248,"DateRange":null}},{"type":"Feature","id":147,"geometry":{"type":"Polygon","coordinates":[[[-118.152157,34.1814910000001],[-118.164195,34.181432],[-118.164222,34.18303],[-118.167321,34.1829930000001],[-118.167186,34.1814170000001],[-118.169189,34.181425],[-118.169531,34.1816030000001],[-118.170456,34.1839810000001],[-118.170663,34.184873],[-118.170267,34.1860540000001],[-118.169684,34.1855410000001],[-118.168677,34.1855120000001],[-118.168713,34.1891230000001],[-118.172001,34.1892350000001],[-118.170636,34.1902150000001],[-118.170537,34.191129],[-118.169315,34.1924220000001],[-118.168543001,34.1908250000001],[-118.168534,34.1888260000001],[-118.167501001,34.188833],[-118.167509999,34.1905420000001],[-118.166782,34.1903120000001],[-118.166468,34.191204],[-118.167357,34.1914860000001],[-118.167285,34.1916790000001],[-118.168552,34.1920730000001],[-118.168471,34.1932100000001],[-118.168201,34.194079],[-118.170384,34.194778],[-118.172585,34.1962940000001],[-118.172091,34.197014],[-118.173681,34.197014],[-118.173124,34.198448],[-118.17502,34.1984410000001],[-118.175091001,34.1979650000001],[-118.175765,34.1970890000001],[-118.175882,34.196539],[-118.17661,34.195974],[-118.177005,34.195075],[-118.177472,34.1945920000001],[-118.177481,34.1940940000001],[-118.178343,34.194488],[-118.178379,34.2031880000001],[-118.177553,34.2031220000001],[-118.175118,34.2048150000001],[-118.174696,34.205722],[-118.173672,34.206153],[-118.173734999,34.2065170000001],[-118.173349,34.206896],[-118.173897,34.206688],[-118.174229,34.206933],[-118.174741,34.2065240000001],[-118.174993,34.206896],[-118.174894,34.207497],[-118.175118,34.2076010000001],[-118.175154,34.2079880000001],[-118.175388,34.20775],[-118.175819,34.2076530000001],[-118.175819,34.208225],[-118.166036,34.2081590000001],[-118.166045,34.210023],[-118.16715,34.2111820000001],[-118.167258,34.211806],[-118.165902,34.2118140000001],[-118.16477,34.2130320000001],[-118.164985,34.2133440000001],[-118.164401,34.2143840000001],[-118.163422,34.215223],[-118.161859,34.2151640000001],[-118.161886,34.2187440000001],[-118.153056,34.2183650000001],[-118.15302,34.2225470000001],[-118.135359,34.2226220000001],[-118.135548,34.2109370000001],[-118.130858,34.210922],[-118.130822,34.2074450000001],[-118.131074,34.2074450000001],[-118.131074,34.2041390000001],[-118.130688,34.204035],[-118.131281,34.190282],[-118.132448001,34.1900450000001],[-118.133481,34.1900890000001],[-118.147351,34.1944810000001],[-118.15081,34.1870950000001],[-118.150747,34.1815060000001],[-118.152157,34.1814910000001]]]},"properties":{"AlertID":147,"Identifier":"test-lac-951886-1736335511577","Sent":1736306700000,"Sender":"kharo@ceooem.lacounty.gov","Effective":"2025-01-08T12:25:11+01:00","Onset":null,"Expires":1736393100000,"Headline":"Alert from AlertLACounty","Description":"LA COUNTY OFFICE OF EMERGENCY MANAGEMENT: FAST MOVING WILDFIRE IN YOUR AREA. AN EVACUATION ORDER HAS BEEN ISSUED FOR THE YOUR AREA. LEAVE NOW. Follow instructions from emergency personnel. Dial 9-1-1 for emergency help. MORE INFO AT ALERTLA.ORG.","Instruction":"LA COUNTY OFFICE OF EMERGENCY MANAGEMENT: FAST MOVING WILDFIRE IN YOUR AREA. AN EVACUATION ORDER HAS BEEN ISSUED FOR THE YOUR AREA. LEAVE NOW. Follow instructions from emergency personnel. Dial 9-1-1 for emergency help. MORE INFO AT ALERTLA.ORG.","Web":null,"CMAMtext":"LACo OEM: Fast moving wildfire. EVACUATION ORDER. LEAVE NOW. Alertla.org","CMAMlongtext":"LA COUNTY OFFICE OF EMERGENCY MANAGEMENT: FAST MOVING WILDFIRE IN YOUR AREA. AN EVACUATION ORDER HAS BEEN ISSUED FOR THE YOUR AREA. LEAVE NOW. Follow instructions from emergency personnel. Dial 9-1-1 for emergency help. MORE INFO AT ALERTLA.ORG.","CMAMtextSpanish":"LACoOEM: Incendio avanza rapidamente. ORDEN DE EVACUACION. SALIR AHORA. Alertla.org","CMAMlongtextSpanish":"Oficina de Manejo de Emergencias del Condado de Los Angeles: Incendio forestal de rapido avance en su area. Se emitio una orden de evacuacion para el area. Vete ahora. Siga las instrucciones del personal de emergencia. Marque 9-1-1 para obtener ayuda de emergencia. Mas informacion en alertla.org.","SameCode":null,"Status":"Actual","MsgType":"Alert","Scope":"Public","Code":"IPAWSv1.0","Reference":null,"Language":"es-US","Category":"Fire","Event":"Evacuation Immediate","ResponseType":"Evacuate","Urgency":"Immediate","Severity":"Extreme","Certainty":"Observed","EventCode":"SAME:EVI, SAME:EVI","SenderName":"Public Alert System","Parameters":"LACo OEM: Fast moving wildfire. EVACUATION ORDER. LEAVE NOW. Alertla.org, LA COUNTY OFFICE OF EMERGENCY MANAGEMENT: FAST MOVING WILDFIRE IN YOUR AREA. AN EVACUATION ORDER HAS BEEN ISSUED FOR THE YOUR AREA. LEAVE NOW. Follow instructions from emergency personnel. Dial 9-1-1 for emergency help. MORE INFO AT ALERTLA.ORG., EAS-ORG:CIV, timezone:EST, WEAHandling:Imminent Threat, BLOCKCHANNEL:EAS, BLOCKCHANNEL:NWEM, LACoOEM: Incendio avanza rapidamente. ORDEN DE EVACUACION. SALIR AHORA. Alertla.org, Oficina de Manejo de Emergencias del Condado de Los Angeles: Incendio forestal de rapido avance en su area. Se emitio una orden de evacuacion para el area. Vete ahora. Siga las instrucciones del personal de emergencia. Marque 9-1-1 para obtener ayuda de emergencia. Mas informacion en alertla.org., EAS-ORG:CIV, timezone:EST, WEAHandling:Imminent Threat, BLOCKCHANNEL:EAS, BLOCKCHANNEL:NWEM","Area":null,"Signature":null,"AreaDescription":"Los Angeles","FipsCode":"006037, 006037","GeoCodes":"","Circle":null,"CreateDate":1736306760000,"Shape__Area":0.0012914417811771273,"Shape__Length":0.2135596553419217,"DateRange":null}},{"type":"Feature","id":148,"geometry":{"type":"Polygon","coordinates":[[[-118.189294,34.178348],[-118.189213,34.178482],[-118.190857,34.1798860000001],[-118.192905,34.1803770000001],[-118.196417,34.1799080000001],[-118.197154,34.180488],[-118.196795,34.1810530000001],[-118.195007,34.1866860000001],[-118.195061,34.1869610000001],[-118.194486,34.1875920000001],[-118.198573,34.188521],[-118.197945,34.1894500000001],[-118.198879,34.1898590000001],[-118.200181,34.191449],[-118.198924,34.192772],[-118.200693,34.1939380000001],[-118.199858,34.1951720000001],[-118.198322,34.1951490000001],[-118.194046,34.1935810000001],[-118.193794,34.1944060000001],[-118.193902,34.2041840000001],[-118.200244,34.2067920000001],[-118.200101,34.217994],[-118.198852,34.2190560000001],[-118.196292001,34.219205],[-118.194172,34.2186850000001],[-118.192303,34.2171920000001],[-118.190201001,34.2174150000001],[-118.189518,34.2180460000001],[-118.189581,34.2189750000001],[-118.192887,34.221121],[-118.193228001,34.2219240000001],[-118.192644,34.2226810000001],[-118.189626,34.22358],[-118.188988,34.223461],[-118.188791,34.222651],[-118.184802,34.2226220000001],[-118.18482,34.2210020000001],[-118.181505,34.2200810000001],[-118.18076,34.2180680000001],[-118.183131,34.2187740000001],[-118.183733,34.218306],[-118.184021,34.216241],[-118.181047,34.2153720000001],[-118.179906,34.215446],[-118.179574,34.2148520000001],[-118.17767,34.214206],[-118.17775,34.213671],[-118.178002,34.2137000000001],[-118.177364,34.212111],[-118.176744,34.212118],[-118.176151,34.2114790000001],[-118.175819,34.212163],[-118.174588,34.2112270000001],[-118.175109,34.210246],[-118.176107,34.2108630000001],[-118.176394,34.210491],[-118.175666,34.2077430000001],[-118.174993,34.2081140000001],[-118.174696,34.206806],[-118.172648,34.2073560000001],[-118.1744,34.205298],[-118.177517,34.203114],[-118.178298,34.203181],[-118.178298,34.189673],[-118.178819,34.1871540000001],[-118.180257001,34.1878820000001],[-118.18005,34.187466],[-118.181128,34.1867300000001],[-118.177508,34.1855410000001],[-118.176035,34.185913],[-118.174031,34.1825170000001],[-118.1812,34.179961],[-118.181622,34.1797],[-118.182799,34.1800200000001],[-118.187569,34.1790980000001],[-118.188881,34.177872],[-118.189294,34.178348]]]},"properties":{"AlertID":148,"Identifier":"test-lac-952012-1736336168166","Sent":1736307360000,"Sender":"kharo@ceooem.lacounty.gov","Effective":"2025-01-08T12:36:08+01:00","Onset":null,"Expires":1736393760000,"Headline":"Alert from AlertLACounty","Description":"LA COUNTY OFFICE OF EMERGENCY MANAGEMENT: An EVACUATION WARNING has been issued in your area. Remain vigilant of any threats and be ready to evacuate. Gather loved ones, pets, and supplies. Continue to monitor local weather, news, and the webpage alertla.org for more information.","Instruction":"LA COUNTY OFFICE OF EMERGENCY MANAGEMENT: An EVACUATION WARNING has been issued in your area. Remain vigilant of any threats and be ready to evacuate. Gather loved ones, pets, and supplies. Continue to monitor local weather, news, and the webpage alertla.org for more information.","Web":null,"CMAMtext":"LACo OEM: Fast moving wildfire. AN EVACUATION WARNING HAS BEEN ISSUED. Alertla.org","CMAMlongtext":"LA COUNTY OFFICE OF EMERGENCY MANAGEMENT: An EVACUATION WARNING has been issued in your area. Remain vigilant of any threats and be ready to evacuate. Gather loved ones, pets, and supplies. Continue to monitor local weather, news, and the webpage alertla.org for more information.","CMAMtextSpanish":"LACoOEM: Incendio avanza rapido. SE HA EMITIDO UNA ADVERTENCIA DE EVACUACION. Alertla.org","CMAMlongtextSpanish":"OFICINA DE MANEJO DE EMERGENCIAS DEL CONDADO DE LOS ANGELES: Se ha emitido una ADVERTENCIA DE EVACUACION en su area. Mantengase alerta y este listo para evacuar. Reuna a sus seres queridos, mascotas y suministros. Continue monitoreando el clima local, las noticias y la pagina web alertla.org para informacion.","SameCode":null,"Status":"Actual","MsgType":"Alert","Scope":"Public","Code":"IPAWSv1.0","Reference":null,"Language":"es-US","Category":"Fire","Event":"Fire Warning","ResponseType":"Prepare","Urgency":"Immediate","Severity":"Extreme","Certainty":"Observed","EventCode":"SAME:FRW, SAME:FRW","SenderName":"Public Alert System","Parameters":"LACo OEM: Fast moving wildfire. AN EVACUATION WARNING HAS BEEN ISSUED. Alertla.org, LA COUNTY OFFICE OF EMERGENCY MANAGEMENT: An EVACUATION WARNING has been issued in your area. Remain vigilant of any threats and be ready to evacuate. Gather loved ones, pets, and supplies. Continue to monitor local weather, news, and the webpage alertla.org for more information., EAS-ORG:CIV, timezone:EST, WEAHandling:Imminent Threat, BLOCKCHANNEL:EAS, BLOCKCHANNEL:NWEM, LACoOEM: Incendio avanza rapido. SE HA EMITIDO UNA ADVERTENCIA DE EVACUACION. Alertla.org, OFICINA DE MANEJO DE EMERGENCIAS DEL CONDADO DE LOS ANGELES: Se ha emitido una ADVERTENCIA DE EVACUACION en su area. Mantengase alerta y este listo para evacuar. Reuna a sus seres queridos, mascotas y suministros. Continue monitoreando el clima local, las noticias y la pagina web alertla.org para informacion., EAS-ORG:CIV, timezone:EST, WEAHandling:Imminent Threat, BLOCKCHANNEL:EAS, BLOCKCHANNEL:NWEM","Area":null,"Signature":null,"AreaDescription":"Los Angeles","FipsCode":"006037, 006037","GeoCodes":"","Circle":null,"CreateDate":1736307420000,"Shape__Area":0.0007950553267619398,"Shape__Length":0.18060839875405971,"DateRange":null}},{"type":"Feature","id":149,"geometry":{"type":"Polygon","coordinates":[[[-118.200248,34.206782],[-118.200128,34.2179980000001],[-118.198866,34.219073],[-118.196298,34.2192220000001],[-118.194174,34.2187000000001],[-118.192309,34.2172100000001],[-118.190223,34.217432],[-118.189538,34.2180500000001],[-118.189608999,34.2189690000001],[-118.192903,34.2211140000001],[-118.193256,34.2219260000001],[-118.192665,34.222698],[-118.189636,34.2235900000001],[-118.18898,34.223467],[-118.188785,34.2226690000001],[-118.1848,34.222632],[-118.18481,34.2210150000001],[-118.181499,34.220089],[-118.180752,34.218062],[-118.183129,34.218763],[-118.183724,34.2183010000001],[-118.184009,34.2162500000001],[-118.18106,34.2153910000001],[-118.179914,34.2154640000001],[-118.179568,34.214862],[-118.177672,34.2142210000001],[-118.177986,34.213687],[-118.177358,34.212121],[-118.176749,34.212135],[-118.176168,34.211512],[-118.175834,34.21218],[-118.174578,34.2112280000001],[-118.175107,34.2102360000001],[-118.176106,34.2108470000001],[-118.176383,34.2104890000001],[-118.175663,34.207768],[-118.174988,34.2081230000001],[-118.174691,34.206828],[-118.172637999,34.2073590000001],[-118.174394,34.20529],[-118.177514,34.2031040000001],[-118.178288,34.2031700000001],[-118.178288001,34.189673],[-118.178811,34.187148],[-118.180231,34.1878540000001],[-118.180042,34.18746],[-118.181104,34.1867350000001],[-118.177516001,34.1855590000001],[-118.176037,34.185928],[-118.174023,34.182511],[-118.181618,34.179691],[-118.182799,34.18001],[-118.187559,34.17909],[-118.188878999,34.1778620000001],[-118.19087,34.179877],[-118.192906,34.180367],[-118.196429,34.179899],[-118.197169,34.18048],[-118.195089,34.18697],[-118.194518,34.1875890000001],[-118.1986,34.188523],[-118.197978,34.1894530000001],[-118.198903,34.1898580000001],[-118.200209,34.191446],[-118.198947999,34.1927700000001],[-118.200721,34.193942],[-118.199871,34.195188],[-118.198338,34.195167],[-118.19406,34.1935970000001],[-118.193812999,34.1944080000001],[-118.193921,34.2041770000001],[-118.200248,34.206782]]]},"properties":{"AlertID":149,"Identifier":"test-lac-952048-1736339740457","Sent":1736310960000,"Sender":"kharo@ceooem.lacounty.gov","Effective":"2025-01-08T13:35:40+01:00","Onset":null,"Expires":1736397360000,"Headline":"Alert from AlertLACounty","Description":"LA COUNTY OFFICE OF EMERGENCY MANAGEMENT: FAST MOVING WILDFIRE IN YOUR AREA. AN EVACUATION ORDER HAS BEEN ISSUED FOR THE YOUR AREA. LEAVE NOW. Follow instructions from emergency personnel. Dial 9-1-1 for emergency help. MORE INFO AT ALERTLA.ORG.","Instruction":"LA COUNTY OFFICE OF EMERGENCY MANAGEMENT: FAST MOVING WILDFIRE IN YOUR AREA. AN EVACUATION ORDER HAS BEEN ISSUED FOR THE YOUR AREA. LEAVE NOW. Follow instructions from emergency personnel. Dial 9-1-1 for emergency help. MORE INFO AT ALERTLA.ORG.","Web":null,"CMAMtext":"LACo OEM: Fast moving wildfire. EVACUATION ORDER. LEAVE NOW. Alertla.org","CMAMlongtext":"LA COUNTY OFFICE OF EMERGENCY MANAGEMENT: FAST MOVING WILDFIRE IN YOUR AREA. AN EVACUATION ORDER HAS BEEN ISSUED FOR THE YOUR AREA. LEAVE NOW. Follow instructions from emergency personnel. Dial 9-1-1 for emergency help. MORE INFO AT ALERTLA.ORG.","CMAMtextSpanish":"LACoOEM: Incendio avanza rapidamente. ORDEN DE EVACUACION. SALIR AHORA. Alertla.org","CMAMlongtextSpanish":"Oficina de Manejo de Emergencias del Condado de Los Angeles: Incendio forestal de rapido avance en su area. Se emitio una orden de evacuacion para el area. Vete ahora. Siga las instrucciones del personal de emergencia. Marque 9-1-1 para obtener ayuda de emergencia. Mas informacion en alertla.org.","SameCode":null,"Status":"Actual","MsgType":"Alert","Scope":"Public","Code":"IPAWSv1.0","Reference":null,"Language":"es-US","Category":"Fire","Event":"Evacuation Immediate","ResponseType":"Evacuate","Urgency":"Immediate","Severity":"Extreme","Certainty":"Observed","EventCode":"SAME:EVI, SAME:EVI","SenderName":"Public Alert System","Parameters":"LACo OEM: Fast moving wildfire. EVACUATION ORDER. LEAVE NOW. Alertla.org, LA COUNTY OFFICE OF EMERGENCY MANAGEMENT: FAST MOVING WILDFIRE IN YOUR AREA. AN EVACUATION ORDER HAS BEEN ISSUED FOR THE YOUR AREA. LEAVE NOW. Follow instructions from emergency personnel. Dial 9-1-1 for emergency help. MORE INFO AT ALERTLA.ORG., EAS-ORG:CIV, timezone:EST, WEAHandling:Imminent Threat, BLOCKCHANNEL:EAS, BLOCKCHANNEL:NWEM, LACoOEM: Incendio avanza rapidamente. ORDEN DE EVACUACION. SALIR AHORA. Alertla.org, Oficina de Manejo de Emergencias del Condado de Los Angeles: Incendio forestal de rapido avance en su area. Se emitio una orden de evacuacion para el area. Vete ahora. Siga las instrucciones del personal de emergencia. Marque 9-1-1 para obtener ayuda de emergencia. Mas informacion en alertla.org., EAS-ORG:CIV, timezone:EST, WEAHandling:Imminent Threat, BLOCKCHANNEL:EAS, BLOCKCHANNEL:NWEM","Area":null,"Signature":null,"AreaDescription":"Los Angeles","FipsCode":"006037, 006037","GeoCodes":"","Circle":null,"CreateDate":1736310960000,"Shape__Area":0.000798890505620875,"Shape__Length":0.18007142912844781,"DateRange":null}},{"type":"Feature","id":150,"geometry":{"type":"Polygon","coordinates":[[[-117.997611,34.1598930000001],[-118.001222,34.1598480000001],[-118.013493,34.154883],[-118.020797,34.154749],[-118.021255,34.1545180000001],[-118.0213,34.1547640000001],[-118.021884,34.1547560000001],[-118.021911,34.1570530000001],[-118.021282,34.1570610000001],[-118.021291,34.1579310000001],[-118.020653,34.1574620000001],[-118.020384,34.157655],[-118.021264,34.158555],[-118.021192,34.159789],[-118.021363,34.159811],[-118.021426,34.1732640000001],[-118.020509,34.1747290000001],[-118.019934,34.174899],[-118.019602,34.1754490000001],[-118.018425,34.1754050000001],[-118.018246,34.1757170000001],[-118.016368,34.176683],[-118.017509,34.178162],[-118.017383,34.179039],[-118.017581,34.1794330000001],[-117.99939,34.1798190000001],[-117.999489,34.176074],[-117.994988,34.1761700000001],[-117.994925,34.1799080000001],[-117.977525,34.17979],[-117.977525,34.1777900000001],[-117.97713,34.177664],[-117.977184,34.167155],[-117.977525,34.1651180000001],[-117.977552,34.155894],[-117.981621,34.157224],[-117.981675,34.1570980000001],[-117.982978,34.157522],[-117.983005,34.1577080000001],[-117.984002,34.1577970000001],[-117.984756,34.1586140000001],[-117.985206,34.1587850000001],[-117.987011,34.1588600000001],[-117.987829,34.160577],[-117.988772,34.160673],[-117.987811,34.157655],[-117.987083,34.1562650000001],[-117.987218,34.1561090000001],[-117.990533,34.15608],[-117.991799,34.1564960000001],[-117.991602,34.1566520000001],[-117.992671,34.1569720000001],[-117.992644,34.1570310000001],[-117.996785,34.156979],[-117.996839,34.1599150000001],[-117.997611,34.1598930000001]]]},"properties":{"AlertID":150,"Identifier":"test-lac-952081-1736340437108","Sent":1736311620000,"Sender":"kharo@ceooem.lacounty.gov","Effective":"2025-01-08T13:47:17+01:00","Onset":null,"Expires":1736398020000,"Headline":"Alert from AlertLACounty","Description":"LA COUNTY OFFICE OF EMERGENCY MANAGEMENT: FAST MOVING WILDFIRE IN YOUR AREA. AN EVACUATION ORDER HAS BEEN ISSUED FOR THE YOUR AREA. LEAVE NOW. Follow instructions from emergency personnel. Dial 9-1-1 for emergency help. Visit alertla.org for more information.","Instruction":"LA COUNTY OFFICE OF EMERGENCY MANAGEMENT: FAST MOVING WILDFIRE IN YOUR AREA. AN EVACUATION ORDER HAS BEEN ISSUED FOR THE YOUR AREA. LEAVE NOW. Follow instructions from emergency personnel. Dial 9-1-1 for emergency help. Visit alertla.org for more information.","Web":null,"CMAMtext":"LACo OEM: Fast moving wildfire. EVACUATION ORDER. LEAVE NOW. Alertla.org","CMAMlongtext":"LA COUNTY OFFICE OF EMERGENCY MANAGEMENT: FAST MOVING WILDFIRE IN YOUR AREA. AN EVACUATION ORDER HAS BEEN ISSUED FOR THE YOUR AREA. LEAVE NOW. Follow instructions from emergency personnel. Dial 9-1-1 for emergency help. Visit alertla.org for more information.","CMAMtextSpanish":"LACoOEM: Incendio avanza rapidamente. ORDEN DE EVACUACION. SALIR AHORA. Alertla.org","CMAMlongtextSpanish":"Oficina de Manejo de Emergencias del Condado de Los Angeles: Incendio forestal de rapido avance en su area. Se emitio una orden de evacuacion para el area. Vete ahora. Siga las instrucciones del personal de emergencia. Marque el 9-1-1 para obtener ayuda de emergencia. Visite alertla.org para obtener mas informacion.","SameCode":null,"Status":"Actual","MsgType":"Alert","Scope":"Public","Code":"IPAWSv1.0","Reference":null,"Language":"es-US","Category":"Fire","Event":"Evacuation Immediate","ResponseType":"Evacuate","Urgency":"Immediate","Severity":"Extreme","Certainty":"Observed","EventCode":"SAME:EVI, SAME:EVI","SenderName":"Public Alert System","Parameters":"LACo OEM: Fast moving wildfire. EVACUATION ORDER. LEAVE NOW. Alertla.org, LA COUNTY OFFICE OF EMERGENCY MANAGEMENT: FAST MOVING WILDFIRE IN YOUR AREA. AN EVACUATION ORDER HAS BEEN ISSUED FOR THE YOUR AREA. LEAVE NOW. Follow instructions from emergency personnel. Dial 9-1-1 for emergency help. Visit alertla.org for more information., EAS-ORG:CIV, timezone:EST, WEAHandling:Imminent Threat, BLOCKCHANNEL:EAS, BLOCKCHANNEL:NWEM, LACoOEM: Incendio avanza rapidamente. ORDEN DE EVACUACION. SALIR AHORA. Alertla.org, Oficina de Manejo de Emergencias del Condado de Los Angeles: Incendio forestal de rapido avance en su area. Se emitio una orden de evacuacion para el area. Vete ahora. Siga las instrucciones del personal de emergencia. Marque el 9-1-1 para obtener ayuda de emergencia. Visite alertla.org para obtener mas informacion., EAS-ORG:CIV, timezone:EST, WEAHandling:Imminent Threat, BLOCKCHANNEL:EAS, BLOCKCHANNEL:NWEM","Area":null,"Signature":null,"AreaDescription":"Los Angeles","FipsCode":"006037, 006037","GeoCodes":"","Circle":null,"CreateDate":1736311680000,"Shape__Area":0.00096278376759073581,"Shape__Length":0.16024993476416019,"DateRange":null}},{"type":"Feature","id":151,"geometry":{"type":"Polygon","coordinates":[[[-117.951653,34.1492400000001],[-117.951671,34.1489730000001],[-117.951285,34.1489280000001],[-117.951303,34.146482],[-117.953558,34.146527],[-117.953575999,34.1470550000001],[-117.960258999,34.146958],[-117.960286,34.14559],[-117.966718,34.145568],[-117.96697,34.1460060000001],[-117.967581,34.1459320000001],[-117.967697,34.1462000000001],[-117.96741,34.1471740000001],[-117.968659,34.147233],[-117.969943,34.1481920000001],[-117.970096001,34.1485270000001],[-117.972063,34.1484970000001],[-117.972063,34.1499020000001],[-117.972827,34.1478430000001],[-117.981981,34.1477760000001],[-117.982115001,34.149396],[-117.98287,34.149619],[-117.983283,34.1500130000001],[-117.983741,34.151508],[-117.985727,34.1514930000001],[-117.985206,34.151686],[-117.985143,34.153448],[-117.985412,34.15434],[-117.985924,34.155135],[-117.985718,34.155247],[-117.985134,34.156756],[-117.983274,34.157157],[-117.982996001,34.1575290000001],[-117.981675,34.1571050000001],[-117.981612,34.1572320000001],[-117.97757,34.1559090000001],[-117.977534,34.165104],[-117.943461,34.165237],[-117.944099,34.149619],[-117.944988,34.149567],[-117.944997,34.1497460000001],[-117.9455,34.1497460000001],[-117.945508999,34.149486],[-117.946901,34.1495380000001],[-117.948195,34.1493],[-117.951653,34.1492400000001]]]},"properties":{"AlertID":151,"Identifier":"test-lac-952159-1736341250196","Sent":1736312460000,"Sender":"kharo@ceooem.lacounty.gov","Effective":"2025-01-08T14:00:50+01:00","Onset":null,"Expires":1736398860000,"Headline":"Alert from AlertLACounty","Description":"LA COUNTY OFFICE OF EMERGENCY MANAGEMENT: An EVACUATION WARNING has been issued in your area. Remain vigilant of any threats and be ready to evacuate. Gather loved ones, pets, and supplies. Continue to monitor local weather, news, and the webpage alertla.org for more information.","Instruction":"LA COUNTY OFFICE OF EMERGENCY MANAGEMENT: An EVACUATION WARNING has been issued in your area. Remain vigilant of any threats and be ready to evacuate. Gather loved ones, pets, and supplies. Continue to monitor local weather, news, and the webpage alertla.org for more information.","Web":null,"CMAMtext":"LACo OEM: Fast moving wildfire. AN EVACUATION WARNING HAS BEEN ISSUED. Alertla.org","CMAMlongtext":"LA COUNTY OFFICE OF EMERGENCY MANAGEMENT: An EVACUATION WARNING has been issued in your area. Remain vigilant of any threats and be ready to evacuate. Gather loved ones, pets, and supplies. Continue to monitor local weather, news, and the webpage alertla.org for more information.","CMAMtextSpanish":"LACoOEM: Incendio avanza rapido. SE HA EMITIDO UNA ADVERTENCIA DE EVACUACION. Alertla.org","CMAMlongtextSpanish":"OFICINA DE MANEJO DE EMERGENCIAS DEL CONDADO DE LOS ANGELES: Se ha emitido una ADVERTENCIA DE EVACUACION en su area. Mantengase alerta y este listo para evacuar. Reuna a sus seres queridos, mascotas y suministros. Continue monitoreando el clima local, las noticias y la pagina web alertla.org para informacion.","SameCode":null,"Status":"Actual","MsgType":"Alert","Scope":"Public","Code":"IPAWSv1.0","Reference":null,"Language":"es-US","Category":"Fire","Event":"Fire Warning","ResponseType":"Prepare","Urgency":"Immediate","Severity":"Extreme","Certainty":"Observed","EventCode":"SAME:FRW, SAME:FRW","SenderName":"Public Alert System","Parameters":"LACo OEM: Fast moving wildfire. AN EVACUATION WARNING HAS BEEN ISSUED. Alertla.org, LA COUNTY OFFICE OF EMERGENCY MANAGEMENT: An EVACUATION WARNING has been issued in your area. Remain vigilant of any threats and be ready to evacuate. Gather loved ones, pets, and supplies. Continue to monitor local weather, news, and the webpage alertla.org for more information., EAS-ORG:CIV, timezone:EST, WEAHandling:Imminent Threat, BLOCKCHANNEL:EAS, BLOCKCHANNEL:NWEM, LACoOEM: Incendio avanza rapido. SE HA EMITIDO UNA ADVERTENCIA DE EVACUACION. Alertla.org, OFICINA DE MANEJO DE EMERGENCIAS DEL CONDADO DE LOS ANGELES: Se ha emitido una ADVERTENCIA DE EVACUACION en su area. Mantengase alerta y este listo para evacuar. Reuna a sus seres queridos, mascotas y suministros. Continue monitoreando el clima local, las noticias y la pagina web alertla.org para informacion., EAS-ORG:CIV, timezone:EST, WEAHandling:Imminent Threat, BLOCKCHANNEL:EAS, BLOCKCHANNEL:NWEM","Area":null,"Signature":null,"AreaDescription":"Los Angeles","FipsCode":"006037, 006037","GeoCodes":"","Circle":null,"CreateDate":1736312460000,"Shape__Area":0.00065773665073720622,"Shape__Length":0.128372700278552,"DateRange":null}},{"type":"Feature","id":152,"geometry":{"type":"Polygon","coordinates":[[[-118.189042,34.1642640000001],[-118.194037,34.161662],[-118.200208,34.1614020000001],[-118.202230001,34.1591720000001],[-118.205337999,34.1588750000001],[-118.206541,34.1572090000001],[-118.208509,34.1577820000001],[-118.211024,34.1565400000001],[-118.215686,34.157001],[-118.217124,34.1562880000001],[-118.2176,34.1546230000001],[-118.223249999,34.1533590000001],[-118.223609,34.15182],[-118.22458,34.152117],[-118.224283,34.154169],[-118.225765,34.162584],[-118.217833,34.1855190000001],[-118.220573,34.195573],[-118.217734,34.2055580000001],[-118.220268,34.205023],[-118.220268,34.2061820000001],[-118.222091,34.2060490000001],[-118.22201,34.212906],[-118.226349,34.2140200000001],[-118.226574,34.2157950000001],[-118.23288,34.2179870000001],[-118.228909,34.2214480000001],[-118.227293,34.224932],[-118.227894,34.2283340000001],[-118.226933,34.2289500000001],[-118.228317,34.233599],[-118.224975,34.2377060000001],[-118.224948,34.2401350000001],[-118.223142,34.242741],[-118.221669,34.242734],[-118.221867,34.2339260000001],[-118.21751,34.2338590000001],[-118.217429,34.2376840000001],[-118.198205,34.2370230000001],[-118.196238,34.2339930000001],[-118.189375,34.2314450000001],[-118.191019,34.226076],[-118.190273,34.2246940000001],[-118.188243,34.222651],[-118.184802,34.2226220000001],[-118.184811,34.221545],[-118.18129,34.2199180000001],[-118.18111,34.2181800000001],[-118.183715,34.218417],[-118.184039,34.216167],[-118.179996,34.2154090000001],[-118.177337,34.2139750000001],[-118.177957,34.2135890000001],[-118.177562,34.212586],[-118.174337,34.2116950000001],[-118.175109,34.210246],[-118.176107,34.2108630000001],[-118.176304,34.210023],[-118.174364,34.206896],[-118.172648,34.2073560000001],[-118.175289,34.2042510000001],[-118.178306999,34.2027430000001],[-118.178262,34.1944510000001],[-118.177706,34.1942060000001],[-118.175244,34.1984410000001],[-118.173124,34.198448],[-118.173681,34.1970220000001],[-118.172091,34.197014],[-118.172585,34.1962940000001],[-118.168174,34.194064],[-118.168507,34.1921850000001],[-118.165677,34.1910110000001],[-118.167501,34.189851],[-118.167492,34.1888260000001],[-118.168552,34.1888260000001],[-118.169207,34.191924],[-118.171265,34.1892940000001],[-118.168713,34.1892050000001],[-118.168677,34.185207],[-118.170339,34.185757],[-118.170609,34.1849540000001],[-118.169513,34.181588],[-118.174984,34.1840330000001],[-118.174022,34.1828360000001],[-118.176654,34.1815810000001],[-118.181622,34.1797],[-118.18738,34.179269],[-118.190974,34.1731980000001],[-118.190641,34.17128],[-118.187371,34.166709],[-118.189042,34.1642640000001]]]},"properties":{"AlertID":152,"Identifier":"test-lac-952204-1736342120378","Sent":1736313300000,"Sender":"kharo@ceooem.lacounty.gov","Effective":"2025-01-08T14:15:20+01:00","Onset":null,"Expires":1736399700000,"Headline":"Alert from AlertLACounty","Description":"LA COUNTY OFFICE OF EMERGENCY MANAGEMENT: FAST MOVING WILDFIRE IN YOUR AREA. AN EVACUATION ORDER HAS BEEN ISSUED FOR THE YOUR AREA. LEAVE NOW. Follow instructions from emergency personnel. Dial 9-1-1 for emergency help. MORE INFO AT ALERTLA.ORG.","Instruction":"LA COUNTY OFFICE OF EMERGENCY MANAGEMENT: FAST MOVING WILDFIRE IN YOUR AREA. AN EVACUATION ORDER HAS BEEN ISSUED FOR THE YOUR AREA. LEAVE NOW. Follow instructions from emergency personnel. Dial 9-1-1 for emergency help. MORE INFO AT ALERTLA.ORG.","Web":null,"CMAMtext":"LACo OEM: Fast moving wildfire. EVACUATION ORDER. LEAVE NOW. Alertla.org","CMAMlongtext":"LA COUNTY OFFICE OF EMERGENCY MANAGEMENT: FAST MOVING WILDFIRE IN YOUR AREA. AN EVACUATION ORDER HAS BEEN ISSUED FOR THE YOUR AREA. LEAVE NOW. Follow instructions from emergency personnel. Dial 9-1-1 for emergency help. MORE INFO AT ALERTLA.ORG.","CMAMtextSpanish":"LACoOEM: Incendio avanza rapidamente. ORDEN DE EVACUACION. SALIR AHORA. Alertla.org","CMAMlongtextSpanish":"Oficina de Manejo de Emergencias del Condado de Los Angeles: Incendio forestal de rapido avance en su area. Se emitio una orden de evacuacion para el area. Vete ahora. Siga las instrucciones del personal de emergencia. Marque 9-1-1 para obtener ayuda de emergencia. Mas informacion en alertla.org.","SameCode":null,"Status":"Actual","MsgType":"Alert","Scope":"Public","Code":"IPAWSv1.0","Reference":null,"Language":"es-US","Category":"Fire","Event":"Evacuation Immediate","ResponseType":"Evacuate","Urgency":"Immediate","Severity":"Extreme","Certainty":"Observed","EventCode":"SAME:EVI, SAME:EVI","SenderName":"Public Alert System","Parameters":"LACo OEM: Fast moving wildfire. EVACUATION ORDER. LEAVE NOW. Alertla.org, LA COUNTY OFFICE OF EMERGENCY MANAGEMENT: FAST MOVING WILDFIRE IN YOUR AREA. AN EVACUATION ORDER HAS BEEN ISSUED FOR THE YOUR AREA. LEAVE NOW. Follow instructions from emergency personnel. Dial 9-1-1 for emergency help. MORE INFO AT ALERTLA.ORG., EAS-ORG:CIV, timezone:EST, WEAHandling:Imminent Threat, BLOCKCHANNEL:EAS, BLOCKCHANNEL:NWEM, LACoOEM: Incendio avanza rapidamente. ORDEN DE EVACUACION. SALIR AHORA. Alertla.org, Oficina de Manejo de Emergencias del Condado de Los Angeles: Incendio forestal de rapido avance en su area. Se emitio una orden de evacuacion para el area. Vete ahora. Siga las instrucciones del personal de emergencia. Marque 9-1-1 para obtener ayuda de emergencia. Mas informacion en alertla.org., EAS-ORG:CIV, timezone:EST, WEAHandling:Imminent Threat, BLOCKCHANNEL:EAS, BLOCKCHANNEL:NWEM","Area":null,"Signature":null,"AreaDescription":"Los Angeles","FipsCode":"006037, 006037","GeoCodes":"","Circle":null,"CreateDate":1736313360000,"Shape__Area":0.0032446059531139326,"Shape__Length":0.34676367488365395,"DateRange":null}},{"type":"Feature","id":153,"geometry":{"type":"Polygon","coordinates":[[[-118.2224,34.2454000000001],[-118.1837,34.2397],[-118.1782,34.2308],[-118.1705,34.2258],[-118.1712,34.2224000000001],[-118.1705,34.2213],[-118.162,34.2044000000001],[-118.1682,34.1924000000001],[-118.166600001,34.1804000000001],[-118.2,34.1713],[-118.2088,34.186],[-118.2167,34.1992000000001],[-118.2375,34.2183000000001],[-118.2224,34.2454000000001]]]},"properties":{"AlertID":153,"Identifier":"1899717185246783","Sent":1736314440000,"Sender":"201723_La_Canada_Flintridge_-_Citizen_Alert_City_of_La_Canada_Flintridge","Effective":null,"Onset":null,"Expires":1736318040000,"Headline":null,"Description":null,"Instruction":null,"Web":null,"CMAMtext":"La Canada Flintridge: An evacuation order has been issued for all of LCF.","CMAMlongtext":null,"CMAMtextSpanish":null,"CMAMlongtextSpanish":null,"SameCode":null,"Status":"Actual","MsgType":"Alert","Scope":"Public","Code":"IPAWSv1.0","Reference":null,"Language":"en-US","Category":"Safety","Event":"Local Area Emergency","ResponseType":null,"Urgency":"Immediate","Severity":"Extreme","Certainty":"Observed","EventCode":"SAME:LAE","SenderName":"201723,La Canada Flintridge - Citizen Alert,City of La Canada Flintridge","Parameters":"BLOCKCHANNEL:CAPEXCH, BLOCKCHANNEL:NWEM, BLOCKCHANNEL:EAS, EAS-ORG:CIV, La Canada Flintridge: An evacuation order has been issued for all of LCF., WEAHandling:Public Safety, timezone:PST","Area":null,"Signature":null,"AreaDescription":"Los Angeles County","FipsCode":"006037","GeoCodes":"","Circle":null,"CreateDate":1736314440000,"Shape__Area":0.0035061649896306335,"Shape__Length":0.23446204042727109,"DateRange":null}},{"type":"Feature","id":154,"geometry":{"type":"Polygon","coordinates":[[[-118.150792001,34.1824570000001],[-118.150864,34.1870500000001],[-118.147351,34.194555],[-118.133437,34.1901490000001],[-118.132197,34.190097],[-118.131272,34.1902900000001],[-118.131882,34.176928],[-118.142213,34.1815580000001],[-118.15081,34.1815060000001],[-118.150792001,34.1824570000001]]]},"properties":{"AlertID":154,"Identifier":"test-lac-952387-1736343764464","Sent":1736314980000,"Sender":"kharo@ceooem.lacounty.gov","Effective":"2025-01-08T14:42:44+01:00","Onset":null,"Expires":1736401380000,"Headline":"Alert from AlertLACounty","Description":"LA COUNTY OFFICE OF EMERGENCY MANAGEMENT: FAST MOVING WILDFIRE IN YOUR AREA. AN EVACUATION ORDER HAS BEEN ISSUED FOR THE YOUR AREA. LEAVE NOW. Follow instructions from emergency personnel. Dial 9-1-1 for emergency help. MORE INFO AT ALERTLA.ORG.","Instruction":"LA COUNTY OFFICE OF EMERGENCY MANAGEMENT: FAST MOVING WILDFIRE IN YOUR AREA. AN EVACUATION ORDER HAS BEEN ISSUED FOR THE YOUR AREA. LEAVE NOW. Follow instructions from emergency personnel. Dial 9-1-1 for emergency help. MORE INFO AT ALERTLA.ORG.","Web":null,"CMAMtext":"LACo OEM: Fast moving wildfire. EVACUATION ORDER. LEAVE NOW. Alertla.org","CMAMlongtext":"LA COUNTY OFFICE OF EMERGENCY MANAGEMENT: FAST MOVING WILDFIRE IN YOUR AREA. AN EVACUATION ORDER HAS BEEN ISSUED FOR THE YOUR AREA. LEAVE NOW. Follow instructions from emergency personnel. Dial 9-1-1 for emergency help. MORE INFO AT ALERTLA.ORG.","CMAMtextSpanish":"LACoOEM: Incendio avanza rapidamente. ORDEN DE EVACUACION. SALIR AHORA. Alertla.org","CMAMlongtextSpanish":"Oficina de Manejo de Emergencias del Condado de Los Angeles: Incendio forestal de rapido avance en su area. Se emitio una orden de evacuacion para el area. Vete ahora. Siga las instrucciones del personal de emergencia. Marque 9-1-1 para obtener ayuda de emergencia. Mas informacion en alertla.org.","SameCode":null,"Status":"Actual","MsgType":"Alert","Scope":"Public","Code":"IPAWSv1.0","Reference":null,"Language":"es-US","Category":"Fire","Event":"Evacuation Immediate","ResponseType":"Evacuate","Urgency":"Immediate","Severity":"Extreme","Certainty":"Observed","EventCode":"SAME:EVI, SAME:EVI","SenderName":"Public Alert System","Parameters":"LACo OEM: Fast moving wildfire. EVACUATION ORDER. LEAVE NOW. Alertla.org, LA COUNTY OFFICE OF EMERGENCY MANAGEMENT: FAST MOVING WILDFIRE IN YOUR AREA. AN EVACUATION ORDER HAS BEEN ISSUED FOR THE YOUR AREA. LEAVE NOW. Follow instructions from emergency personnel. Dial 9-1-1 for emergency help. MORE INFO AT ALERTLA.ORG., EAS-ORG:CIV, timezone:EST, WEAHandling:Imminent Threat, BLOCKCHANNEL:EAS, BLOCKCHANNEL:NWEM, LACoOEM: Incendio avanza rapidamente. ORDEN DE EVACUACION. SALIR AHORA. Alertla.org, Oficina de Manejo de Emergencias del Condado de Los Angeles: Incendio forestal de rapido avance en su area. Se emitio una orden de evacuacion para el area. Vete ahora. Siga las instrucciones del personal de emergencia. Marque 9-1-1 para obtener ayuda de emergencia. Mas informacion en alertla.org., EAS-ORG:CIV, timezone:EST, WEAHandling:Imminent Threat, BLOCKCHANNEL:EAS, BLOCKCHANNEL:NWEM","Area":null,"Signature":null,"AreaDescription":"Los Angeles","FipsCode":"006037, 006037","GeoCodes":"","Circle":null,"CreateDate":1736314980000,"Shape__Area":0.00022393830863620678,"Shape__Length":0.063906326407816127,"DateRange":null}},{"type":"Feature","id":155,"geometry":{"type":"Polygon","coordinates":[[[-118.131927,34.1763120000001],[-118.132224,34.168909],[-118.155293,34.16882],[-118.156972,34.169452],[-118.157709,34.169541],[-118.157835,34.171005],[-118.158374,34.172581],[-118.159236,34.173933],[-118.160323,34.1750410000001],[-118.169207,34.181432],[-118.167249,34.181425],[-118.167393,34.183007],[-118.164213,34.183045],[-118.164194999,34.1814390000001],[-118.142204,34.181566],[-118.1319,34.1769430000001],[-118.131927,34.1763120000001]]]},"properties":{"AlertID":155,"Identifier":"test-lac-952441-1736344537659","Sent":1736315760000,"Sender":"kharo@ceooem.lacounty.gov","Effective":"2025-01-08T14:55:37+01:00","Onset":null,"Expires":1736402160000,"Headline":"Alert from AlertLACounty","Description":"LA COUNTY OFFICE OF EMERGENCY MANAGEMENT: FAST MOVING WILDFIRE IN YOUR AREA. AN EVACUATION ORDER HAS BEEN ISSUED FOR THE YOUR AREA. LEAVE NOW. Follow instructions from emergency personnel. Dial 9-1-1 for emergency help. Visit alertla.org for more information.","Instruction":"LA COUNTY OFFICE OF EMERGENCY MANAGEMENT: FAST MOVING WILDFIRE IN YOUR AREA. AN EVACUATION ORDER HAS BEEN ISSUED FOR THE YOUR AREA. LEAVE NOW. Follow instructions from emergency personnel. Dial 9-1-1 for emergency help. Visit alertla.org for more information.","Web":null,"CMAMtext":"LACo OEM: Fast moving wildfire. EVACUATION ORDER. LEAVE NOW. Alertla.org","CMAMlongtext":"LA COUNTY OFFICE OF EMERGENCY MANAGEMENT: FAST MOVING WILDFIRE IN YOUR AREA. AN EVACUATION ORDER HAS BEEN ISSUED FOR THE YOUR AREA. LEAVE NOW. Follow instructions from emergency personnel. Dial 9-1-1 for emergency help. Visit alertla.org for more information.","CMAMtextSpanish":"LACoOEM: Incendio avanza rapidamente. ORDEN DE EVACUACION. SALIR AHORA. Alertla.org","CMAMlongtextSpanish":"Oficina de Manejo de Emergencias del Condado de Los Angeles: Incendio forestal de rapido avance en su area. Se emitio una orden de evacuacion para el area. Vete ahora. Siga las instrucciones del personal de emergencia. Marque el 9-1-1 para obtener ayuda de emergencia. Visite alertla.org para obtener mas informacion.","SameCode":null,"Status":"Actual","MsgType":"Alert","Scope":"Public","Code":"IPAWSv1.0","Reference":null,"Language":"es-US","Category":"Fire","Event":"Evacuation Immediate","ResponseType":"Evacuate","Urgency":"Immediate","Severity":"Extreme","Certainty":"Observed","EventCode":"SAME:EVI, SAME:EVI","SenderName":"Public Alert System","Parameters":"LACo OEM: Fast moving wildfire. EVACUATION ORDER. LEAVE NOW. Alertla.org, LA COUNTY OFFICE OF EMERGENCY MANAGEMENT: FAST MOVING WILDFIRE IN YOUR AREA. AN EVACUATION ORDER HAS BEEN ISSUED FOR THE YOUR AREA. LEAVE NOW. Follow instructions from emergency personnel. Dial 9-1-1 for emergency help. Visit alertla.org for more information., EAS-ORG:CIV, timezone:EST, WEAHandling:Imminent Threat, BLOCKCHANNEL:EAS, BLOCKCHANNEL:NWEM, LACoOEM: Incendio avanza rapidamente. ORDEN DE EVACUACION. SALIR AHORA. Alertla.org, Oficina de Manejo de Emergencias del Condado de Los Angeles: Incendio forestal de rapido avance en su area. Se emitio una orden de evacuacion para el area. Vete ahora. Siga las instrucciones del personal de emergencia. Marque el 9-1-1 para obtener ayuda de emergencia. Visite alertla.org para obtener mas informacion., EAS-ORG:CIV, timezone:EST, WEAHandling:Imminent Threat, BLOCKCHANNEL:EAS, BLOCKCHANNEL:NWEM","Area":null,"Signature":null,"AreaDescription":"Los Angeles","FipsCode":"006037, 006037","GeoCodes":"","Circle":null,"CreateDate":1736315760000,"Shape__Area":0.00035577431071942556,"Shape__Length":0.09249846097582308,"DateRange":null}},{"type":"Feature","id":156,"geometry":{"type":"Polygon","coordinates":[[[-118.245232,34.2212700000001],[-118.257458,34.2284300000001],[-118.257413,34.234996],[-118.266100001,34.240395],[-118.266082,34.2477680000001],[-118.266693,34.2477680000001],[-118.266675,34.250776],[-118.2653,34.2502630000001],[-118.265264,34.2523870000001],[-118.256497,34.2522680000001],[-118.256684999,34.267229],[-118.238486,34.2670580000001],[-118.238737,34.2522240000001],[-118.221561,34.251585],[-118.221624,34.242734],[-118.222343,34.242734],[-118.22352,34.2416720000001],[-118.223403,34.241026],[-118.224571,34.239994],[-118.224598,34.237335],[-118.227598,34.2334880000001],[-118.226206,34.2292170000001],[-118.227391,34.22846],[-118.226682,34.2247980000001],[-118.228559,34.2220130000001],[-118.228568,34.2210920000001],[-118.229107,34.220965],[-118.231506,34.218328],[-118.230482,34.2173030000001],[-118.228963,34.21734],[-118.228963,34.21711],[-118.226376,34.2166570000001],[-118.226053,34.214094],[-118.222001,34.2130540000001],[-118.222082,34.20622],[-118.220268,34.2063460000001],[-118.220268,34.205135],[-118.217079,34.2058040000001],[-118.218139,34.2041390000001],[-118.220142,34.1951720000001],[-118.219756,34.1927420000001],[-118.217456,34.1875700000001],[-118.217249,34.1847540000001],[-118.220798,34.176743],[-118.225289,34.162227],[-118.225253,34.1601380000001],[-118.223906,34.155314],[-118.2244,34.151984],[-118.230329,34.1537680000001],[-118.232179,34.157559],[-118.237426,34.1576700000001],[-118.240209999,34.158756],[-118.234012,34.1630220000001],[-118.22714,34.170619],[-118.225604001,34.178051],[-118.226681999,34.1858980000001],[-118.225783,34.1878600000001],[-118.227239,34.1898360000001],[-118.227266,34.191271],[-118.22961,34.196554],[-118.2289,34.1994510000001],[-118.224957,34.205633],[-118.22572,34.2056620000001],[-118.225577,34.2063680000001],[-118.227212,34.2064800000001],[-118.227652,34.2059080000001],[-118.228604,34.206286],[-118.228353,34.206784],[-118.229233,34.206175],[-118.229395,34.206665],[-118.230931,34.2067250000001],[-118.230814,34.2072000000001],[-118.231479,34.2069550000001],[-118.232413,34.208203],[-118.233132,34.207817],[-118.23527,34.209147],[-118.235234,34.2130470000001],[-118.237677,34.2145550000001],[-118.237578,34.215402],[-118.239537,34.2166050000001],[-118.239528,34.217519],[-118.239842,34.21766],[-118.239977,34.2166940000001],[-118.243121,34.2188110000001],[-118.244352,34.218284],[-118.244352,34.2210400000001],[-118.245142,34.2214260000001],[-118.245232,34.2212700000001]]]},"properties":{"AlertID":156,"Identifier":"test-lac-952465-1736344826465","Sent":1736316000000,"Sender":"kharo@ceooem.lacounty.gov","Effective":"2025-01-08T15:00:26+01:00","Onset":null,"Expires":1736402400000,"Headline":"Alert from AlertLACounty","Description":"LA COUNTY OFFICE OF EMERGENCY MANAGEMENT: An EVACUATION WARNING has been issued in your area. Remain vigilant of any threats and be ready to evacuate. Gather loved ones, pets, and supplies. Continue to monitor local weather, news, and the webpage alertla.org for more information.","Instruction":"LA COUNTY OFFICE OF EMERGENCY MANAGEMENT: An EVACUATION WARNING has been issued in your area. Remain vigilant of any threats and be ready to evacuate. Gather loved ones, pets, and supplies. Continue to monitor local weather, news, and the webpage alertla.org for more information.","Web":null,"CMAMtext":"LACo OEM: Fast moving wildfire. AN EVACUATION WARNING HAS BEEN ISSUED. Alertla.org","CMAMlongtext":"LA COUNTY OFFICE OF EMERGENCY MANAGEMENT: An EVACUATION WARNING has been issued in your area. Remain vigilant of any threats and be ready to evacuate. Gather loved ones, pets, and supplies. Continue to monitor local weather, news, and the webpage alertla.org for more information.","CMAMtextSpanish":"LACoOEM: Incendio avanza rapido. SE HA EMITIDO UNA ADVERTENCIA DE EVACUACION. Alertla.org","CMAMlongtextSpanish":"OFICINA DE MANEJO DE EMERGENCIAS DEL CONDADO DE LOS ANGELES: Se ha emitido una ADVERTENCIA DE EVACUACION en su area. Mantengase alerta y este listo para evacuar. Reuna a sus seres queridos, mascotas y suministros. Continue monitoreando el clima local, las noticias y la pagina web alertla.org para informacion.","SameCode":null,"Status":"Actual","MsgType":"Alert","Scope":"Public","Code":"IPAWSv1.0","Reference":null,"Language":"es-US","Category":"Fire","Event":"Fire Warning","ResponseType":"Prepare","Urgency":"Immediate","Severity":"Extreme","Certainty":"Observed","EventCode":"SAME:FRW, SAME:FRW","SenderName":"Public Alert System","Parameters":"LACo OEM: Fast moving wildfire. AN EVACUATION WARNING HAS BEEN ISSUED. Alertla.org, LA COUNTY OFFICE OF EMERGENCY MANAGEMENT: An EVACUATION WARNING has been issued in your area. Remain vigilant of any threats and be ready to evacuate. Gather loved ones, pets, and supplies. Continue to monitor local weather, news, and the webpage alertla.org for more information., EAS-ORG:CIV, timezone:EST, WEAHandling:Imminent Threat, BLOCKCHANNEL:EAS, BLOCKCHANNEL:NWEM, LACoOEM: Incendio avanza rapido. SE HA EMITIDO UNA ADVERTENCIA DE EVACUACION. Alertla.org, OFICINA DE MANEJO DE EMERGENCIAS DEL CONDADO DE LOS ANGELES: Se ha emitido una ADVERTENCIA DE EVACUACION en su area. Mantengase alerta y este listo para evacuar. Reuna a sus seres queridos, mascotas y suministros. Continue monitoreando el clima local, las noticias y la pagina web alertla.org para informacion., EAS-ORG:CIV, timezone:EST, WEAHandling:Imminent Threat, BLOCKCHANNEL:EAS, BLOCKCHANNEL:NWEM","Area":null,"Signature":null,"AreaDescription":"Los Angeles","FipsCode":"006037, 006037","GeoCodes":"","Circle":null,"CreateDate":1736316060000,"Shape__Area":0.001962728284752302,"Shape__Length":0.3504844791594347,"DateRange":null}},{"type":"Feature","id":157,"geometry":{"type":"Polygon","coordinates":[[[-118.150549,34.1532990000001],[-118.150702,34.1688500000001],[-118.132152,34.1689910000001],[-118.132493,34.1583840000001],[-118.132377,34.1572090000001],[-118.132447999,34.151998],[-118.148151,34.152006],[-118.15046,34.151842],[-118.150549,34.1532990000001]]]},"properties":{"AlertID":157,"Identifier":"test-lac-952486-1736345015229","Sent":1736316240000,"Sender":"kharo@ceooem.lacounty.gov","Effective":"2025-01-08T15:03:35+01:00","Onset":null,"Expires":1736402640000,"Headline":"Alert from AlertLACounty","Description":"LA COUNTY OFFICE OF EMERGENCY MANAGEMENT: An EVACUATION WARNING has been issued in your area. Remain vigilant of any threats and be ready to evacuate. Gather loved ones, pets, and supplies. Continue to monitor local weather, news, and the webpage alertla.org for more information.","Instruction":"LA COUNTY OFFICE OF EMERGENCY MANAGEMENT: An EVACUATION WARNING has been issued in your area. Remain vigilant of any threats and be ready to evacuate. Gather loved ones, pets, and supplies. Continue to monitor local weather, news, and the webpage alertla.org for more information.","Web":null,"CMAMtext":"LACo OEM: Fast moving wildfire. AN EVACUATION WARNING HAS BEEN ISSUED. Alertla.org","CMAMlongtext":"LA COUNTY OFFICE OF EMERGENCY MANAGEMENT: An EVACUATION WARNING has been issued in your area. Remain vigilant of any threats and be ready to evacuate. Gather loved ones, pets, and supplies. Continue to monitor local weather, news, and the webpage alertla.org for more information.","CMAMtextSpanish":"LACoOEM: Incendio avanza rapido. SE HA EMITIDO UNA ADVERTENCIA DE EVACUACION. Alertla.org","CMAMlongtextSpanish":"OFICINA DE MANEJO DE EMERGENCIAS DEL CONDADO DE LOS ANGELES: Se ha emitido una ADVERTENCIA DE EVACUACION en su area. Mantengase alerta y este listo para evacuar. Reuna a sus seres queridos, mascotas y suministros. Continue monitoreando el clima local, las noticias y la pagina web alertla.org para informacion.","SameCode":null,"Status":"Actual","MsgType":"Alert","Scope":"Public","Code":"IPAWSv1.0","Reference":null,"Language":"es-US","Category":"Fire","Event":"Fire Warning","ResponseType":"Prepare","Urgency":"Immediate","Severity":"Extreme","Certainty":"Observed","EventCode":"SAME:FRW, SAME:FRW","SenderName":"Public Alert System","Parameters":"LACo OEM: Fast moving wildfire. AN EVACUATION WARNING HAS BEEN ISSUED. Alertla.org, LA COUNTY OFFICE OF EMERGENCY MANAGEMENT: An EVACUATION WARNING has been issued in your area. Remain vigilant of any threats and be ready to evacuate. Gather loved ones, pets, and supplies. Continue to monitor local weather, news, and the webpage alertla.org for more information., EAS-ORG:CIV, timezone:EST, WEAHandling:Imminent Threat, BLOCKCHANNEL:EAS, BLOCKCHANNEL:NWEM, LACoOEM: Incendio avanza rapido. SE HA EMITIDO UNA ADVERTENCIA DE EVACUACION. Alertla.org, OFICINA DE MANEJO DE EMERGENCIAS DEL CONDADO DE LOS ANGELES: Se ha emitido una ADVERTENCIA DE EVACUACION en su area. Mantengase alerta y este listo para evacuar. Reuna a sus seres queridos, mascotas y suministros. Continue monitoreando el clima local, las noticias y la pagina web alertla.org para informacion., EAS-ORG:CIV, timezone:EST, WEAHandling:Imminent Threat, BLOCKCHANNEL:EAS, BLOCKCHANNEL:NWEM","Area":null,"Signature":null,"AreaDescription":"Los Angeles","FipsCode":"006037, 006037","GeoCodes":"","Circle":null,"CreateDate":1736316240000,"Shape__Area":0.00030908229064152692,"Shape__Length":0.070584499748737761,"DateRange":null}},{"type":"Feature","id":158,"geometry":{"type":"Polygon","coordinates":[[[-118.038413,34.157269],[-118.067967,34.156823],[-118.068039,34.1619220000001],[-118.06618,34.1618110000001],[-118.03844,34.161952],[-118.038413,34.157269]]]},"properties":{"AlertID":158,"Identifier":"test-lac-952516-1736345969640","Sent":1736317140000,"Sender":"kharo@ceooem.lacounty.gov","Effective":"2025-01-08T15:19:29+01:00","Onset":null,"Expires":1736403540000,"Headline":"Alert from AlertLACounty","Description":"LA COUNTY OFFICE OF EMERGENCY MANAGEMENT: FAST MOVING WILDFIRE IN YOUR AREA. AN EVACUATION ORDER HAS BEEN ISSUED FOR THE YOUR AREA. LEAVE NOW. Follow instructions from emergency personnel. Dial 9-1-1 for emergency help. Visit alertla.org for more information.","Instruction":"LA COUNTY OFFICE OF EMERGENCY MANAGEMENT: FAST MOVING WILDFIRE IN YOUR AREA. AN EVACUATION ORDER HAS BEEN ISSUED FOR THE YOUR AREA. LEAVE NOW. Follow instructions from emergency personnel. Dial 9-1-1 for emergency help. Visit alertla.org for more information.","Web":null,"CMAMtext":"LACo OEM: Fast moving wildfire. EVACUATION ORDER. LEAVE NOW. Alertla.org","CMAMlongtext":"LA COUNTY OFFICE OF EMERGENCY MANAGEMENT: FAST MOVING WILDFIRE IN YOUR AREA. AN EVACUATION ORDER HAS BEEN ISSUED FOR THE YOUR AREA. LEAVE NOW. Follow instructions from emergency personnel. Dial 9-1-1 for emergency help. Visit alertla.org for more information.","CMAMtextSpanish":"LACoOEM: Incendio avanza rapidamente. ORDEN DE EVACUACION. SALIR AHORA. Alertla.org","CMAMlongtextSpanish":"Oficina de Manejo de Emergencias del Condado de Los Angeles: Incendio forestal de rapido avance en su area. Se emitio una orden de evacuacion para el area. Vete ahora. Siga las instrucciones del personal de emergencia. Marque el 9-1-1 para obtener ayuda de emergencia. Visite alertla.org para obtener mas informacion.","SameCode":null,"Status":"Actual","MsgType":"Alert","Scope":"Public","Code":"IPAWSv1.0","Reference":null,"Language":"es-US","Category":"Fire","Event":"Evacuation Immediate","ResponseType":"Evacuate","Urgency":"Immediate","Severity":"Extreme","Certainty":"Observed","EventCode":"SAME:EVI, SAME:EVI","SenderName":"Public Alert System","Parameters":"LACo OEM: Fast moving wildfire. EVACUATION ORDER. LEAVE NOW. Alertla.org, LA COUNTY OFFICE OF EMERGENCY MANAGEMENT: FAST MOVING WILDFIRE IN YOUR AREA. AN EVACUATION ORDER HAS BEEN ISSUED FOR THE YOUR AREA. LEAVE NOW. Follow instructions from emergency personnel. Dial 9-1-1 for emergency help. Visit alertla.org for more information., EAS-ORG:CIV, timezone:EST, WEAHandling:Imminent Threat, BLOCKCHANNEL:EAS, BLOCKCHANNEL:NWEM, LACoOEM: Incendio avanza rapidamente. ORDEN DE EVACUACION. SALIR AHORA. Alertla.org, Oficina de Manejo de Emergencias del Condado de Los Angeles: Incendio forestal de rapido avance en su area. Se emitio una orden de evacuacion para el area. Vete ahora. Siga las instrucciones del personal de emergencia. Marque el 9-1-1 para obtener ayuda de emergencia. Visite alertla.org para obtener mas informacion., EAS-ORG:CIV, timezone:EST, WEAHandling:Imminent Threat, BLOCKCHANNEL:EAS, BLOCKCHANNEL:NWEM","Area":null,"Signature":null,"AreaDescription":"Los Angeles","FipsCode":"006037, 006037","GeoCodes":"","Circle":null,"CreateDate":1736317200000,"Shape__Area":0.000142999813078859,"Shape__Length":0.0689426205225367,"DateRange":null}},{"type":"Feature","id":159,"geometry":{"type":"Polygon","coordinates":[[[-118.214249,34.147255],[-118.216207,34.147226],[-118.216791,34.147523],[-118.219181,34.1475160000001],[-118.219432001,34.1482740000001],[-118.221983,34.1488610000001],[-118.222343,34.149144],[-118.225360999,34.149396],[-118.22458,34.1521250000001],[-118.223609,34.151827],[-118.223538,34.153084],[-118.223223,34.15353],[-118.222657,34.1535220000001],[-118.220771,34.154407],[-118.219728999,34.1541470000001],[-118.21928,34.1544740000001],[-118.217555,34.154794],[-118.217124,34.1562880000001],[-118.215686,34.157001],[-118.211437,34.156578],[-118.209308,34.1573950000001],[-118.20894,34.1579310000001],[-118.208392,34.1580940000001],[-118.207071,34.157432],[-118.206532,34.15747],[-118.206146,34.1577600000001],[-118.205895,34.1585920000001],[-118.205517,34.1589490000001],[-118.20417,34.1591940000001],[-118.20223,34.159231],[-118.202032,34.1594020000001],[-118.201592,34.160666],[-118.200298,34.161484],[-118.198978,34.1617880000001],[-118.194738,34.1616690000001],[-118.191629,34.1629780000001],[-118.190057,34.163892],[-118.189878,34.1644640000001],[-118.189114,34.1643310000001],[-118.189204,34.1646650000001],[-118.188809,34.1649330000001],[-118.188584,34.1656980000001],[-118.187192,34.1652080000001],[-118.185835,34.163528],[-118.184775,34.159767],[-118.184155,34.159729],[-118.181586,34.149909],[-118.181838,34.1490620000001],[-118.198169,34.1490470000001],[-118.198142,34.1516270000001],[-118.198906,34.151129],[-118.202715,34.1506450000001],[-118.203568,34.1497160000001],[-118.204215,34.1493],[-118.205401,34.147434],[-118.2077,34.1472400000001],[-118.208751,34.146504],[-118.21097,34.146215],[-118.211617,34.1471740000001],[-118.214249,34.147255]]]},"properties":{"AlertID":159,"Identifier":"test-lac-952585-1736348807951","Sent":1736320020000,"Sender":"kharo@ceooem.lacounty.gov","Effective":"2025-01-08T16:06:47+01:00","Onset":null,"Expires":1736406420000,"Headline":"Alert from AlertLACounty","Description":"LA COUNTY OFFICE OF EMERGENCY MANAGEMENT: An EVACUATION WARNING has been issued in your area. Remain vigilant of any threats and be ready to evacuate. Gather loved ones, pets, and supplies. Continue to monitor local weather, news, and the webpage alertla.org for more information.","Instruction":"LA COUNTY OFFICE OF EMERGENCY MANAGEMENT: An EVACUATION WARNING has been issued in your area. Remain vigilant of any threats and be ready to evacuate. Gather loved ones, pets, and supplies. Continue to monitor local weather, news, and the webpage alertla.org for more information.","Web":null,"CMAMtext":"LACo OEM: Fast moving wildfire. AN EVACUATION WARNING HAS BEEN ISSUED. Alertla.org","CMAMlongtext":"LA COUNTY OFFICE OF EMERGENCY MANAGEMENT: An EVACUATION WARNING has been issued in your area. Remain vigilant of any threats and be ready to evacuate. Gather loved ones, pets, and supplies. Continue to monitor local weather, news, and the webpage alertla.org for more information.","CMAMtextSpanish":"LACoOEM: Incendio avanza rapido. SE HA EMITIDO UNA ADVERTENCIA DE EVACUACION. Alertla.org","CMAMlongtextSpanish":"OFICINA DE MANEJO DE EMERGENCIAS DEL CONDADO DE LOS ANGELES: Se ha emitido una ADVERTENCIA DE EVACUACION en su area. Mantengase alerta y este listo para evacuar. Reuna a sus seres queridos, mascotas y suministros. Continue monitoreando el clima local, las noticias y la pagina web alertla.org para informacion.","SameCode":null,"Status":"Actual","MsgType":"Alert","Scope":"Public","Code":"IPAWSv1.0","Reference":null,"Language":"es-US","Category":"Fire","Event":"Fire Warning","ResponseType":"Prepare","Urgency":"Immediate","Severity":"Extreme","Certainty":"Observed","EventCode":"SAME:FRW, SAME:FRW","SenderName":"Public Alert System","Parameters":"LACo OEM: Fast moving wildfire. AN EVACUATION WARNING HAS BEEN ISSUED. Alertla.org, LA COUNTY OFFICE OF EMERGENCY MANAGEMENT: An EVACUATION WARNING has been issued in your area. Remain vigilant of any threats and be ready to evacuate. Gather loved ones, pets, and supplies. Continue to monitor local weather, news, and the webpage alertla.org for more information., EAS-ORG:CIV, timezone:EST, WEAHandling:Imminent Threat, BLOCKCHANNEL:EAS, BLOCKCHANNEL:NWEM, LACoOEM: Incendio avanza rapido. SE HA EMITIDO UNA ADVERTENCIA DE EVACUACION. Alertla.org, OFICINA DE MANEJO DE EMERGENCIAS DEL CONDADO DE LOS ANGELES: Se ha emitido una ADVERTENCIA DE EVACUACION en su area. Mantengase alerta y este listo para evacuar. Reuna a sus seres queridos, mascotas y suministros. Continue monitoreando el clima local, las noticias y la pagina web alertla.org para informacion., EAS-ORG:CIV, timezone:EST, WEAHandling:Imminent Threat, BLOCKCHANNEL:EAS, BLOCKCHANNEL:NWEM","Area":null,"Signature":null,"AreaDescription":"Los Angeles","FipsCode":"006037, 006037","GeoCodes":"","Circle":null,"CreateDate":1736320020000,"Shape__Area":0.00044136544897810381,"Shape__Length":0.115364635490156,"DateRange":null}},{"type":"Feature","id":160,"geometry":{"type":"Polygon","coordinates":[[[-118.184676,34.1490840000001],[-118.181838,34.1490690000001],[-118.181586,34.1499020000001],[-118.184155,34.159722],[-118.184775,34.1597590000001],[-118.184847,34.1600270000001],[-118.184524,34.1602050000001],[-118.183571999,34.1599380000001],[-118.180284,34.1609260000001],[-118.180167,34.1606590000001],[-118.180347,34.160153],[-118.180248,34.1595510000001],[-118.179242,34.159098],[-118.179242,34.1586960000001],[-118.178918,34.1583910000001],[-118.17837,34.1585620000001],[-118.178119001,34.157492],[-118.177598,34.1568150000001],[-118.177023,34.156481],[-118.175972001,34.1570160000001],[-118.175765,34.157366],[-118.175451,34.1574620000001],[-118.174705,34.1561390000001],[-118.176232,34.155671],[-118.174508,34.1535890000001],[-118.173214,34.1539980000001],[-118.173007,34.153671],[-118.171884,34.15295],[-118.17122,34.1544000000001],[-118.170887,34.154295],[-118.17069,34.154727],[-118.171247,34.155225],[-118.171633,34.1559090000001],[-118.172046,34.1568080000001],[-118.172316,34.1579310000001],[-118.173654,34.1604360000001],[-118.176708,34.1672960000001],[-118.176816,34.1759030000001],[-118.174957,34.1766460000001],[-118.174157,34.177582],[-118.173924,34.178169],[-118.174777,34.180235],[-118.174049,34.1825840000001],[-118.174202,34.1829030000001],[-118.174741,34.18332],[-118.174894,34.183884],[-118.175379,34.1841820000001],[-118.175325,34.1842780000001],[-118.168955999,34.1813500000001],[-118.16026,34.1750260000001],[-118.159173,34.1739180000001],[-118.158311001,34.172581],[-118.157781001,34.171005],[-118.157655,34.1695330000001],[-118.156856,34.1694370000001],[-118.155095,34.1688500000001],[-118.150657,34.168842],[-118.150441999,34.151842],[-118.152759,34.151121],[-118.160386001,34.1471510000001],[-118.161984999,34.1465860000001],[-118.166251999,34.145583],[-118.170052,34.1436870000001],[-118.17528,34.1417690000001],[-118.177355,34.1413220000001],[-118.180185001,34.1413150000001],[-118.182089,34.1415900000001],[-118.18411,34.142296],[-118.18721,34.1437310000001],[-118.186967,34.144415],[-118.186626,34.1445790000001],[-118.185907,34.145739],[-118.185171,34.1460290000001],[-118.185063001,34.1466830000001],[-118.184425,34.1462960000001],[-118.184479,34.1472180000001],[-118.184955,34.147367],[-118.184676,34.1490620000001],[-118.185045,34.149077],[-118.184676,34.1490840000001]]]},"properties":{"AlertID":160,"Identifier":"test-lac-952612-1736348989535","Sent":1736320200000,"Sender":"kharo@ceooem.lacounty.gov","Effective":"2025-01-08T16:09:49+01:00","Onset":null,"Expires":1736406600000,"Headline":"Alert from AlertLACounty","Description":"LA COUNTY OFFICE OF EMERGENCY MANAGEMENT: An EVACUATION WARNING has been issued in your area. Remain vigilant of any threats and be ready to evacuate. Gather loved ones, pets, and supplies. Continue to monitor local weather, news, and the webpage alertla.org for more information.","Instruction":"LA COUNTY OFFICE OF EMERGENCY MANAGEMENT: An EVACUATION WARNING has been issued in your area. Remain vigilant of any threats and be ready to evacuate. Gather loved ones, pets, and supplies. Continue to monitor local weather, news, and the webpage alertla.org for more information.","Web":null,"CMAMtext":"LACo OEM: Fast moving wildfire. AN EVACUATION WARNING HAS BEEN ISSUED. Alertla.org","CMAMlongtext":"LA COUNTY OFFICE OF EMERGENCY MANAGEMENT: An EVACUATION WARNING has been issued in your area. Remain vigilant of any threats and be ready to evacuate. Gather loved ones, pets, and supplies. Continue to monitor local weather, news, and the webpage alertla.org for more information.","CMAMtextSpanish":"LACoOEM: Incendio avanza rapido. SE HA EMITIDO UNA ADVERTENCIA DE EVACUACION. Alertla.org","CMAMlongtextSpanish":"OFICINA DE MANEJO DE EMERGENCIAS DEL CONDADO DE LOS ANGELES: Se ha emitido una ADVERTENCIA DE EVACUACION en su area. Mantengase alerta y este listo para evacuar. Reuna a sus seres queridos, mascotas y suministros. Continue monitoreando el clima local, las noticias y la pagina web alertla.org para informacion.","SameCode":null,"Status":"Actual","MsgType":"Alert","Scope":"Public","Code":"IPAWSv1.0","Reference":null,"Language":"es-US","Category":"Fire","Event":"Fire Warning","ResponseType":"Prepare","Urgency":"Immediate","Severity":"Extreme","Certainty":"Observed","EventCode":"SAME:FRW, SAME:FRW","SenderName":"Public Alert System","Parameters":"LACo OEM: Fast moving wildfire. AN EVACUATION WARNING HAS BEEN ISSUED. Alertla.org, LA COUNTY OFFICE OF EMERGENCY MANAGEMENT: An EVACUATION WARNING has been issued in your area. Remain vigilant of any threats and be ready to evacuate. Gather loved ones, pets, and supplies. Continue to monitor local weather, news, and the webpage alertla.org for more information., EAS-ORG:CIV, timezone:EST, WEAHandling:Imminent Threat, BLOCKCHANNEL:EAS, BLOCKCHANNEL:NWEM, LACoOEM: Incendio avanza rapido. SE HA EMITIDO UNA ADVERTENCIA DE EVACUACION. Alertla.org, OFICINA DE MANEJO DE EMERGENCIAS DEL CONDADO DE LOS ANGELES: Se ha emitido una ADVERTENCIA DE EVACUACION en su area. Mantengase alerta y este listo para evacuar. Reuna a sus seres queridos, mascotas y suministros. Continue monitoreando el clima local, las noticias y la pagina web alertla.org para informacion., EAS-ORG:CIV, timezone:EST, WEAHandling:Imminent Threat, BLOCKCHANNEL:EAS, BLOCKCHANNEL:NWEM","Area":null,"Signature":null,"AreaDescription":"Los Angeles","FipsCode":"006037, 006037","GeoCodes":"","Circle":null,"CreateDate":1736320200000,"Shape__Area":0.00086510562618968834,"Shape__Length":0.16889814856682975,"DateRange":null}},{"type":"Feature","id":161,"geometry":{"type":"Polygon","coordinates":[[[-118.204,33.8821],[-118.1648,33.8817],[-118.1648,33.8818000000001],[-118.1641,33.8601],[-118.1686,33.8598000000001],[-118.1672,33.833],[-118.1405,33.833],[-118.1401,33.8458000000001],[-118.1267,33.8456],[-118.1271,33.8310000000001],[-118.084799999,33.8302],[-118.0814,33.8262],[-118.0704,33.8199000000001],[-118.0838,33.8053],[-118.0996,33.7788],[-118.0996,33.76],[-118.1185,33.7457000000001],[-118.183400001,33.7317],[-118.1981,33.7314000000001],[-118.2143,33.7434000000001],[-118.2174,33.823],[-118.1995,33.8644],[-118.204,33.8821]]]},"properties":{"AlertID":161,"Identifier":"OnSolve-3bd4dd9d01f349b59ac676d76b2a33f8","Sent":1736320860000,"Sender":"Luis.Valdez@longbeach.gov","Effective":"2025-01-08T10:21:22-05:00","Onset":null,"Expires":1736364060000,"Headline":"Local Area Emergency","Description":null,"Instruction":null,"Web":null,"CMAMtext":"LB City: AIR QUALITY may be unhealthy due to LA fires. Avoid unneeded outdoor activity.","CMAMlongtext":"LB City: AIR QUALITY has reached potentially unhealthy levels in certain parts of LB due to smoke from LA wildfires. Smoke and ash rising into the atmosphere may be visible over portions of LB, potentially creating unhealthy conditions. All people are urged to exercise caution and STAY indoors as much as possible. CHECK www.aqmd.gov for air quality data.","CMAMtextSpanish":"LB: Calidad del aire puede ser perjudicial para la salud. Evite actividades al aire libre.","CMAMlongtextSpanish":"Ciudad de Long Beach: CALIDAD DEL AIRE ha alcanzado niveles potencialmente insalubres en partes de LB debido al humo de los incendios forestales. Es posible que se vean humo y cenizas en partes de LB. Todas las personas deben tener precaucion y PERMANECER en interiores tanto como sea posible. CONSULTE www.aqmd.gov para obtener datos sobre la calidad del aire","SameCode":null,"Status":"Actual","MsgType":"Alert","Scope":"Public","Code":"IPAWSv1.0","Reference":null,"Language":"es-US","Category":"Health","Event":"Local Area Emergency","ResponseType":"Avoid","Urgency":"Immediate","Severity":"Severe","Certainty":"Observed","EventCode":"SAME:LAE, SAME:LAE","SenderName":"201406,CA City of Long Beach,","Parameters":"EAS-ORG:CIV, BLOCKCHANNEL:EAS, BLOCKCHANNEL:NWEM, WEAHandling:Public Safety, LB City: AIR QUALITY may be unhealthy due to LA fires. Avoid unneeded outdoor activity., LB City: AIR QUALITY has reached potentially unhealthy levels in certain parts of LB due to smoke from LA wildfires. Smoke and ash rising into the atmosphere may be visible over portions of LB, potentially creating unhealthy conditions. All people are urged to exercise caution and STAY indoors as much as possible. CHECK www.aqmd.gov for air quality data., timezone:PST, EAS-ORG:CIV, BLOCKCHANNEL:EAS, BLOCKCHANNEL:NWEM, WEAHandling:Public Safety, LB: Calidad del aire puede ser perjudicial para la salud. Evite actividades al aire libre., Ciudad de Long Beach: CALIDAD DEL AIRE ha alcanzado niveles potencialmente insalubres en partes de LB debido al humo de los incendios forestales. Es posible que se vean humo y cenizas en partes de LB. Todas las personas deben tener precaucion y PERMANECER en interiores tanto como sea posible. CONSULTE www.aqmd.gov para obtener datos sobre la calidad del aire, timezone:PST","Area":null,"Signature":null,"AreaDescription":"CA City of Long Beach","FipsCode":"006037, 006037","GeoCodes":"","Circle":null,"CreateDate":1736320860000,"Shape__Area":0.013544354995246977,"Shape__Length":0.55756052500917974,"DateRange":null}},{"type":"Feature","id":162,"geometry":{"type":"Polygon","coordinates":[[[-118.214249,34.147255],[-118.216207,34.147226],[-118.216791,34.147523],[-118.219181,34.1475160000001],[-118.219432001,34.1482740000001],[-118.221983,34.1488610000001],[-118.222343,34.149144],[-118.225360999,34.149396],[-118.22458,34.1521250000001],[-118.223609,34.151827],[-118.223538,34.153084],[-118.223223,34.15353],[-118.222657,34.1535220000001],[-118.220771,34.154407],[-118.219728999,34.1541470000001],[-118.21928,34.1544740000001],[-118.217555,34.154794],[-118.217124,34.1562880000001],[-118.215686,34.157001],[-118.211437,34.156578],[-118.209308,34.1573950000001],[-118.20894,34.1579310000001],[-118.208392,34.1580940000001],[-118.207071,34.157432],[-118.206532,34.15747],[-118.206146,34.1577600000001],[-118.205895,34.1585920000001],[-118.205517,34.1589490000001],[-118.20417,34.1591940000001],[-118.20223,34.159231],[-118.202032,34.1594020000001],[-118.201592,34.160666],[-118.200298,34.161484],[-118.198978,34.1617880000001],[-118.194738,34.1616690000001],[-118.191629,34.1629780000001],[-118.190057,34.163892],[-118.189878,34.1644640000001],[-118.189114,34.1643310000001],[-118.189204,34.1646650000001],[-118.188809,34.1649330000001],[-118.188584,34.1656980000001],[-118.187192,34.1652080000001],[-118.185835,34.163528],[-118.184775,34.159767],[-118.184155,34.159729],[-118.181586,34.149909],[-118.181838,34.1490620000001],[-118.198169,34.1490470000001],[-118.198142,34.1516270000001],[-118.198906,34.151129],[-118.202715,34.1506450000001],[-118.203568,34.1497160000001],[-118.204215,34.1493],[-118.205401,34.147434],[-118.2077,34.1472400000001],[-118.208751,34.146504],[-118.21097,34.146215],[-118.211617,34.1471740000001],[-118.214249,34.147255]]]},"properties":{"AlertID":162,"Identifier":"test-lac-952753-1736353342840","Sent":1736324520000,"Sender":"gwollela@ceooem.lacounty.gov","Effective":"2025-01-08T17:22:22+01:00","Onset":null,"Expires":1736410920000,"Headline":"Alert from AlertLACounty","Description":"LA COUNTY OFFICE OF EMERGENCY MANAGEMENT: FAST MOVING WILDFIRE IN YOUR AREA. AN EVACUATION ORDER HAS BEEN ISSUED FOR THE YOUR AREA. LEAVE NOW. Follow instructions from emergency personnel. Dial 9-1-1 for emergency help. Visit alertla.org for more information.","Instruction":"LA COUNTY OFFICE OF EMERGENCY MANAGEMENT: FAST MOVING WILDFIRE IN YOUR AREA. AN EVACUATION ORDER HAS BEEN ISSUED FOR THE YOUR AREA. LEAVE NOW. Follow instructions from emergency personnel. Dial 9-1-1 for emergency help. Visit alertla.org for more information.","Web":null,"CMAMtext":"LACo OEM: Fast moving wildfire. EVACUATION ORDER. LEAVE NOW. Alertla.org","CMAMlongtext":"LA COUNTY OFFICE OF EMERGENCY MANAGEMENT: FAST MOVING WILDFIRE IN YOUR AREA. AN EVACUATION ORDER HAS BEEN ISSUED FOR THE YOUR AREA. LEAVE NOW. Follow instructions from emergency personnel. Dial 9-1-1 for emergency help. Visit alertla.org for more information.","CMAMtextSpanish":"LACoOEM: Incendio avanza rapidamente. ORDEN DE EVACUACION. SALIR AHORA. Alertla.org","CMAMlongtextSpanish":"Oficina de Manejo de Emergencias del Condado de Los Angeles: Incendio forestal de rapido avance en su area. Se emitio una orden de evacuacion para el area. Vete ahora. Siga las instrucciones del personal de emergencia. Marque el 9-1-1 para obtener ayuda de emergencia. Visite alertla.org para obtener mas informacion.","SameCode":null,"Status":"Actual","MsgType":"Alert","Scope":"Public","Code":"IPAWSv1.0","Reference":null,"Language":"es-US","Category":"Fire","Event":"Evacuation Immediate","ResponseType":"Evacuate","Urgency":"Immediate","Severity":"Extreme","Certainty":"Observed","EventCode":"SAME:EVI, SAME:EVI","SenderName":"Public Alert System","Parameters":"LACo OEM: Fast moving wildfire. EVACUATION ORDER. LEAVE NOW. Alertla.org, LA COUNTY OFFICE OF EMERGENCY MANAGEMENT: FAST MOVING WILDFIRE IN YOUR AREA. AN EVACUATION ORDER HAS BEEN ISSUED FOR THE YOUR AREA. LEAVE NOW. Follow instructions from emergency personnel. Dial 9-1-1 for emergency help. Visit alertla.org for more information., EAS-ORG:CIV, timezone:EST, WEAHandling:Imminent Threat, BLOCKCHANNEL:EAS, BLOCKCHANNEL:NWEM, LACoOEM: Incendio avanza rapidamente. ORDEN DE EVACUACION. SALIR AHORA. Alertla.org, Oficina de Manejo de Emergencias del Condado de Los Angeles: Incendio forestal de rapido avance en su area. Se emitio una orden de evacuacion para el area. Vete ahora. Siga las instrucciones del personal de emergencia. Marque el 9-1-1 para obtener ayuda de emergencia. Visite alertla.org para obtener mas informacion., EAS-ORG:CIV, timezone:EST, WEAHandling:Imminent Threat, BLOCKCHANNEL:EAS, BLOCKCHANNEL:NWEM","Area":null,"Signature":null,"AreaDescription":"Los Angeles","FipsCode":"006037, 006037","GeoCodes":"","Circle":null,"CreateDate":1736324580000,"Shape__Area":0.00044136544897810381,"Shape__Length":0.115364635490156,"DateRange":null}},{"type":"Feature","id":163,"geometry":{"type":"Polygon","coordinates":[[[-118.5176,34.025],[-118.494,34.0507000000001],[-118.4772,34.0363],[-118.5029,34.0141],[-118.5176,34.025]]]},"properties":{"AlertID":163,"Identifier":"1899717185247502","Sent":1736346720000,"Sender":"202138_City_of_Santa_Monica__CA_Notification_System_City_of_Santa_Monica","Effective":null,"Onset":null,"Expires":1736353920000,"Headline":"SMAlert | New Santa Monica Evacuation Order","Description":null,"Instruction":null,"Web":null,"CMAMtext":"SMFD: New Evacuation Order - North of Montana between 11th/PCH. LEAVE NOW. santamonica.gov","CMAMlongtext":"City of Santa Monica is issuing an Evacuation ORDER for areas of the city north of Montana Ave between 11th St/PCH (SAN-Q1388-B). Existing Evacuation Orders north of San Vicente remain in effect. Immediate threat to life. LEAVE NOW. Evacuation Warning has been issued for north of Wilshire between 10th St/PCH. Map/Updates: santamonica.gov","CMAMtextSpanish":null,"CMAMlongtextSpanish":null,"SameCode":null,"Status":"Actual","MsgType":"Alert","Scope":"Public","Code":"IPAWSv1.0","Reference":null,"Language":"en-US","Category":"Safety","Event":"Evacuation Immediate","ResponseType":null,"Urgency":"Immediate","Severity":"Extreme","Certainty":"Observed","EventCode":"SAME:EVI","SenderName":"202138,City of Santa Monica, CA Notification System,City of Santa Monica","Parameters":"BLOCKCHANNEL:CAPEXCH, BLOCKCHANNEL:NWEM, BLOCKCHANNEL:EAS, EAS-ORG:CIV, SMFD: New Evacuation Order - North of Montana between 11th/PCH. LEAVE NOW. santamonica.gov, City of Santa Monica is issuing an Evacuation ORDER for areas of the city north of Montana Ave between 11th St/PCH (SAN-Q1388-B). Existing Evacuation Orders north of San Vicente remain in effect. Immediate threat to life. LEAVE NOW. Evacuation Warning has been issued for north of Wilshire between 10th St/PCH. Map/Updates: santamonica.gov, WEAHandling:Imminent Threat, timezone:PST","Area":null,"Signature":null,"AreaDescription":"Los Angeles, CA","FipsCode":"006037","GeoCodes":"","Circle":null,"CreateDate":1736346720000,"Shape__Area":0.00068903500005035312,"Shape__Length":0.10927986867007433,"DateRange":null}},{"type":"Feature","id":164,"geometry":{"type":"Polygon","coordinates":[[[-118.465607,34.3300110000001],[-118.46637,34.3655220000001],[-118.49747,34.3669090000001],[-118.496931,34.36134],[-118.506471,34.3636460000001],[-118.491406001,34.381582],[-118.449895,34.406526],[-118.443445,34.416145],[-118.418337,34.4277270000001],[-118.404782,34.4286090000001],[-118.390229,34.4345070000001],[-118.383159,34.433299],[-118.365903,34.44019],[-118.361977,34.434018],[-118.353964,34.4317290000001],[-118.337785,34.438345],[-118.331641,34.4369520000001],[-118.32546,34.4277940000001],[-118.310198001,34.422896],[-118.29658,34.409794],[-118.298565,34.4072820000001],[-118.297289,34.404324],[-118.280652,34.3949930000001],[-118.272999001,34.396779],[-118.269675,34.3932510000001],[-118.270079,34.3988170000001],[-118.263953,34.3998700000001],[-118.252868,34.394844],[-118.253793,34.3935030000001],[-118.250406,34.3949260000001],[-118.25134,34.382568],[-118.247154,34.37895],[-118.251143,34.379239],[-118.256164,34.376496],[-118.241252,34.3759480000001],[-118.232566,34.3808560000001],[-118.227733,34.376177],[-118.220492,34.379959],[-118.213036,34.3755320000001],[-118.210225,34.37789],[-118.204772001,34.3763700000001],[-118.192483,34.381805],[-118.183706,34.379603],[-118.180445,34.374828],[-118.183688,34.3698380000001],[-118.18208,34.3644550000001],[-118.197486,34.356498],[-118.200181,34.35873],[-118.211042,34.356609],[-118.218264,34.350402],[-118.225622,34.3482730000001],[-118.215605,34.3380740000001],[-118.217546,34.32559],[-118.206604,34.32214],[-118.193956,34.312599],[-118.198977999,34.3019580000001],[-118.194872,34.2986110000001],[-118.188863,34.2988710000001],[-118.184946,34.289928],[-118.192679999,34.2832260000001],[-118.206236,34.2813110000001],[-118.208392,34.2831880000001],[-118.214411,34.2787050000001],[-118.217896,34.283619],[-118.258832,34.3032040000001],[-118.237947,34.304585],[-118.237902,34.3106920000001],[-118.272774,34.310706],[-118.273098,34.3006960000001],[-118.286887,34.291479],[-118.295807,34.278037],[-118.358491,34.278898],[-118.364753,34.280739],[-118.36654,34.2898980000001],[-118.360099,34.29375],[-118.338926,34.2955160000001],[-118.338746,34.306432],[-118.343022,34.3091930000001],[-118.342735,34.3149730000001],[-118.346616,34.3077010000001],[-118.361663,34.307872],[-118.361725,34.3126060000001],[-118.366199,34.3125240000001],[-118.369244,34.304266],[-118.369954,34.318794],[-118.376664,34.3188240000001],[-118.382683,34.3131920000001],[-118.377679001,34.3249740000001],[-118.380213,34.3269030000001],[-118.383141,34.317481],[-118.396373,34.311382],[-118.396284,34.3184230000001],[-118.404683,34.3205740000001],[-118.406084,34.3297440000001],[-118.465607,34.3300110000001]]]},"properties":{"AlertID":164,"Identifier":"test-lac-953371-1736376933759","Sent":1736348160000,"Sender":"bcummings@ceooem.lacounty.gov","Effective":"2025-01-08T23:55:33+01:00","Onset":null,"Expires":1736434560000,"Headline":"Alert from AlertLACounty","Description":"LA County Fire Emergency Message: Fast moving wildfire in your area. BE AWARE of your surroundings and MONITOR the situation closely. Follow all instructions from first responders in the field. More information will be posted on alertla.org when available. ","Instruction":"LA County Fire Emergency Message: Fast moving wildfire in your area. BE AWARE of your surroundings and MONITOR the situation closely. Follow all instructions from first responders in the field. More information will be posted on alertla.org when available. ","Web":null,"CMAMtext":"LACoFD: Fast moving wildfire. BE AWARE and MONITOR. More on alertla.org. ","CMAMlongtext":"LA County Fire Emergency Message: Fast moving wildfire in your area. BE AWARE of your surroundings and MONITOR the situation closely. Follow all instructions from first responders in the field. More information will be posted on alertla.org when available. ","CMAMtextSpanish":"LACoFD: Vida silvestre en rapido movimiento. TENGA CUENTA y SUPERVISE. Mas en alertla.org.","CMAMlongtextSpanish":"Mensaje de emergencia de incendios del condado de Los Angeles: Incendio forestal de rapido avance en el area. TENGA EN CUENTA su entorno y MONITOREE la situacion de cerca. Siga todas las instrucciones de los socorristas en el campo. Se publicara mas informacion en alertla.org cuando este disponible.","SameCode":null,"Status":"Actual","MsgType":"Alert","Scope":"Public","Code":"IPAWSv1.0","Reference":null,"Language":"es-US","Category":"Fire","Event":"Local Area Emergency","ResponseType":"Monitor","Urgency":"Expected","Severity":"Severe","Certainty":"Observed","EventCode":"SAME:LAE, SAME:LAE","SenderName":"Public Alert System","Parameters":"LACoFD: Fast moving wildfire. BE AWARE and MONITOR. More on alertla.org. , LA County Fire Emergency Message: Fast moving wildfire in your area. BE AWARE of your surroundings and MONITOR the situation closely. Follow all instructions from first responders in the field. More information will be posted on alertla.org when available. , EAS-ORG:CIV, timezone:EST, WEAHandling:Public Safety, BLOCKCHANNEL:EAS, BLOCKCHANNEL:NWEM, LACoFD: Vida silvestre en rapido movimiento. TENGA CUENTA y SUPERVISE. Mas en alertla.org., Mensaje de emergencia de incendios del condado de Los Angeles: Incendio forestal de rapido avance en el area. TENGA EN CUENTA su entorno y MONITOREE la situacion de cerca. Siga todas las instrucciones de los socorristas en el campo. Se publicara mas informacion en alertla.org cuando este disponible., EAS-ORG:CIV, timezone:EST, WEAHandling:Public Safety, BLOCKCHANNEL:EAS, BLOCKCHANNEL:NWEM","Area":null,"Signature":null,"AreaDescription":"Los Angeles","FipsCode":"006037, 006037","GeoCodes":"","Circle":null,"CreateDate":1736348160000,"Shape__Area":0.029551127764307239,"Shape__Length":1.1776800909971981,"DateRange":null}},{"type":"Feature","id":165,"geometry":{"type":"Polygon","coordinates":[[[-118.184048,34.451961],[-118.153253,34.4520130000001],[-118.146336,34.4369],[-118.132853001,34.434448],[-118.127813,34.430239],[-118.127849,34.419362],[-118.123518999,34.4193540000001],[-118.123546,34.4157300000001],[-118.119144,34.4157230000001],[-118.119144,34.4193470000001],[-118.114913,34.419339],[-118.114841,34.429128],[-118.110826001,34.4289200000001],[-118.090138,34.4165750000001],[-118.084209,34.4191690000001],[-118.084963,34.416686],[-118.06856,34.39881],[-118.073312,34.397075],[-118.077948,34.3893],[-118.08146,34.3917240000001],[-118.081334,34.3988840000001],[-118.090066,34.4010040000001],[-118.102022,34.3984760000001],[-118.118237,34.3851040000001],[-118.120366,34.37895],[-118.128469,34.3816640000001],[-118.142294,34.3743910000001],[-118.150217,34.375658],[-118.154053,34.379358],[-118.16247,34.3783270000001],[-118.163934,34.373923],[-118.171031,34.3762070000001],[-118.171471,34.370572],[-118.181272,34.374331],[-118.18403,34.378809],[-118.190686,34.3804850000001],[-118.195124,34.3794540000001],[-118.194791,34.377823],[-118.204673,34.3755400000001],[-118.209918999,34.3770000000001],[-118.21274,34.374628],[-118.220366,34.377037],[-118.220699,34.3785570000001],[-118.227697,34.3749020000001],[-118.232233,34.3792990000001],[-118.242797,34.373323],[-118.256479,34.3738270000001],[-118.257844,34.3773340000001],[-118.253109999,34.379914],[-118.248942,34.3796180000001],[-118.252023,34.3822720000001],[-118.253218,34.391731],[-118.252364,34.393065],[-118.256578,34.3912940000001],[-118.254413,34.394459],[-118.256236,34.3941330000001],[-118.263089999,34.3988620000001],[-118.268938,34.397861],[-118.26839,34.3903],[-118.273493,34.395726],[-118.281694,34.393807],[-118.297487,34.4026640000001],[-118.299409,34.407089],[-118.297316,34.4097350000001],[-118.306506,34.4158560000001],[-118.309569,34.4204580000001],[-118.326035,34.4257420000001],[-118.330931,34.434803],[-118.336204,34.437886],[-118.333824,34.4389150000001],[-118.333653,34.4442720000001],[-118.324733,34.444694],[-118.324814,34.4413450000001],[-118.323286,34.4409600000001],[-118.298538,34.4437600000001],[-118.289519,34.4409380000001],[-118.281820001,34.4426490000001],[-118.275936,34.4399450000001],[-118.265605999,34.4408790000001],[-118.265678,34.444961],[-118.256847001,34.445049],[-118.255473001,34.4473830000001],[-118.253811,34.446946],[-118.253604,34.442345],[-118.247145,34.4386630000001],[-118.241432,34.439352],[-118.241432,34.4449530000001],[-118.223879,34.4451980000001],[-118.223843,34.4414340000001],[-118.21945,34.4414790000001],[-118.219405,34.438589],[-118.212677,34.447702],[-118.206281,34.449331],[-118.199265,34.4559540000001],[-118.184739001,34.455702],[-118.184048,34.451961]]]},"properties":{"AlertID":165,"Identifier":"test-lac-953362-1736377110596","Sent":1736348340000,"Sender":"gwollela@ceooem.lacounty.gov","Effective":"2025-01-08T23:58:30+01:00","Onset":null,"Expires":1736434740000,"Headline":"Alert from AlertLACounty","Description":"LA COUNTY FIRE DEPARTMENT: FAST MOVING WILDFIRE IN YOUR AREA. AN EVACUATION ORDER HAS BEEN ISSUED FOR THE YOUR AREA. LEAVE NOW. Follow instructions from emergency personnel. Dial 9-1-1 for emergency help. Visit alertla.org for more information","Instruction":"LA COUNTY OFFICE OF EMERGENCY MANAGEMENT: FAST MOVING WILDFIRE IN YOUR AREA. AN EVACUATION ORDER HAS BEEN ISSUED FOR THE YOUR AREA. LEAVE NOW. Follow instructions from emergency personnel. Dial 9-1-1 for emergency help. Visit alertla.org for more information.","Web":null,"CMAMtext":"LACoFD: Fast moving wildfire. EVACUATION ORDER. LEAVE NOW. Alertla.org","CMAMlongtext":"LA COUNTY FIRE DEPARTMENT: FAST MOVING WILDFIRE IN YOUR AREA. AN EVACUATION ORDER HAS BEEN ISSUED FOR THE YOUR AREA. LEAVE NOW. Follow instructions from emergency personnel. Dial 9-1-1 for emergency help. Visit alertla.org for more information","CMAMtextSpanish":"LACoFD: Incendio de rapido movimiento. ORDEN DE EVACUACION. SALIR AHORA. Alertla.org","CMAMlongtextSpanish":"DEPARTAMENTO DE BOMBEROS DEL CONDADO DE LA: INCENDIO DE RAPIDO MOVIMIENTO EN SU AREA. SE HA EMITIDO UNA ORDEN DE EVACUACION PARA SU AREA. SALIR AHORA. Siga las instrucciones del personal de emergencia. Marque el 9-1-1 para obtener ayuda de emergencia. Visite alertla.org para obtener más informacion","SameCode":null,"Status":"Actual","MsgType":"Alert","Scope":"Public","Code":"IPAWSv1.0","Reference":null,"Language":"es-US","Category":"Fire","Event":"Evacuation Immediate","ResponseType":"Evacuate","Urgency":"Immediate","Severity":"Extreme","Certainty":"Observed","EventCode":"SAME:EVI, SAME:EVI","SenderName":"Public Alert System","Parameters":"LACoFD: Fast moving wildfire. EVACUATION ORDER. LEAVE NOW. Alertla.org, LA COUNTY FIRE DEPARTMENT: FAST MOVING WILDFIRE IN YOUR AREA. AN EVACUATION ORDER HAS BEEN ISSUED FOR THE YOUR AREA. LEAVE NOW. Follow instructions from emergency personnel. Dial 9-1-1 for emergency help. Visit alertla.org for more information, EAS-ORG:CIV, timezone:EST, WEAHandling:Imminent Threat, BLOCKCHANNEL:EAS, BLOCKCHANNEL:NWEM, LACoFD: Incendio de rapido movimiento. ORDEN DE EVACUACION. SALIR AHORA. Alertla.org, DEPARTAMENTO DE BOMBEROS DEL CONDADO DE LA: INCENDIO DE RAPIDO MOVIMIENTO EN SU AREA. SE HA EMITIDO UNA ORDEN DE EVACUACION PARA SU AREA. SALIR AHORA. Siga las instrucciones del personal de emergencia. Marque el 9-1-1 para obtener ayuda de emergencia. Visite alertla.org para obtener más informacion, EAS-ORG:CIV, timezone:EST, WEAHandling:Imminent Threat, BLOCKCHANNEL:EAS, BLOCKCHANNEL:NWEM","Area":null,"Signature":null,"AreaDescription":"Los Angeles","FipsCode":"006037, 006037","GeoCodes":"","Circle":null,"CreateDate":1736348340000,"Shape__Area":0.013024881654473575,"Shape__Length":0.75494500439828716,"DateRange":null}},{"type":"Feature","id":166,"geometry":{"type":"Polygon","coordinates":[[[-118.109856,34.3541470000001],[-118.108814,34.334892],[-118.126259,34.3245140000001],[-118.139222,34.3085400000001],[-118.150963,34.3059430000001],[-118.14763,34.2976090000001],[-118.158373999,34.300867],[-118.160673,34.2970300000001],[-118.173537,34.2946410000001],[-118.175199,34.2963550000001],[-118.186347,34.288421],[-118.189896,34.2965330000001],[-118.201376,34.3002060000001],[-118.196058,34.3119970000001],[-118.207853,34.3208270000001],[-118.219621,34.3245360000001],[-118.217528,34.337993],[-118.226008,34.3466260000001],[-118.24808,34.3506760000001],[-118.264851,34.3455210000001],[-118.290866,34.351685],[-118.298502,34.3473310000001],[-118.32387,34.347672],[-118.338639,34.3517220000001],[-118.352015,34.3426880000001],[-118.353533,34.351499],[-118.382845,34.3515810000001],[-118.389735,34.357721],[-118.392304,34.3575950000001],[-118.393553,34.3608580000001],[-118.391082,34.360302],[-118.392313,34.3607910000001],[-118.387651,34.362623],[-118.395664,34.365374],[-118.398098,34.3690520000001],[-118.398062,34.3785800000001],[-118.393984,34.3764810000001],[-118.39808,34.380544],[-118.397748,34.4092830000001],[-118.387031,34.4091270000001],[-118.386734,34.4237850000001],[-118.397631,34.4237630000001],[-118.397972,34.4322770000001],[-118.372092,34.438656],[-118.353012,34.452205],[-118.341307,34.465649],[-118.329736001,34.4673300000001],[-118.328191,34.460901],[-118.333321,34.454961],[-118.33253,34.4393670000001],[-118.333985,34.4385080000001],[-118.322954,34.4269870000001],[-118.310198001,34.422896],[-118.296858,34.410061],[-118.296562,34.4039090000001],[-118.280652,34.3949930000001],[-118.272999001,34.396779],[-118.269675,34.3932510000001],[-118.270079,34.3988170000001],[-118.263953,34.3998700000001],[-118.252868,34.394844],[-118.253793,34.3935030000001],[-118.250406,34.3949260000001],[-118.25134,34.382568],[-118.247154,34.37895],[-118.253191001,34.3793880000001],[-118.255365001,34.376467],[-118.241252,34.3759480000001],[-118.232566,34.3808560000001],[-118.227733,34.376177],[-118.220492,34.379959],[-118.213036,34.3755320000001],[-118.210225,34.37789],[-118.204772001,34.3763700000001],[-118.189932,34.382931],[-118.172584999,34.373167],[-118.172172,34.3785280000001],[-118.164527,34.376066],[-118.164437,34.378861],[-118.155095,34.380589],[-118.143471,34.3757620000001],[-118.129511,34.38325],[-118.121157,34.380633],[-118.119369,34.3861860000001],[-118.102579,34.400026],[-118.090506,34.402583],[-118.079636,34.3999370000001],[-118.07978,34.391694],[-118.081217,34.391716],[-118.08261,34.392094],[-118.08685,34.3860230000001],[-118.098645,34.385118],[-118.095366,34.3782160000001],[-118.109649,34.3577950000001],[-118.109856,34.3541470000001]]]},"properties":{"AlertID":166,"Identifier":"test-lac-953437-1736378677038","Sent":1736349900000,"Sender":"jfahey@ceooem.lacounty.gov","Effective":"2025-01-09T00:24:37+01:00","Onset":null,"Expires":1736436300000,"Headline":"Lidia Fire Evacuation Warnings","Description":"LA COUNTY FIRE DEPARTMENT: FAST MOVING WILDFIRE IN YOUR AREA. AN EVACUATION ORDER HAS BEEN ISSUED FOR YOUR AREA. LEAVE NOW. Follow instructions from emergency personnel. Dial 9-1-1 for emergency help. Visit alertla.org for more information.","Instruction":"LA COUNTY FIRE DEPARTMENT: FAST MOVING WILDFIRE IN YOUR AREA. AN EVACUATION ORDER HAS BEEN ISSUED FOR YOUR AREA. LEAVE NOW. Follow instructions from emergency personnel. Dial 9-1-1 for emergency help. Visit alertla.org for more information.","Web":null,"CMAMtext":"LACoFD: Fast Wildfire. EVACUATION WARNING. Prepare to leave. Alertla.org","CMAMlongtext":"LA COUNTY FIRE DEPARTMENT: FAST MOVING WILDFIRE IN YOUR AREA. AN EVACUATION ORDER HAS BEEN ISSUED FOR YOUR AREA. LEAVE NOW. Follow instructions from emergency personnel. Dial 9-1-1 for emergency help. Visit alertla.org for more information.","CMAMtextSpanish":"LACoFD: Incendio rapido. ADVERTENCIA DE EVACUACION. Preparate a salir. Alertla.org","CMAMlongtextSpanish":"DEPARTAMENTO DE BOMBEROS DEL CONDADO DE LA: INCENDIO DE RAPIDO MOVIMIENTO EN SU AREA. SE HA EMITIDO UNA ORDEN DE EVACUACION PARA SU AREA. SALIR AHORA. Siga las instrucciones del personal de emergencia. Marque el 9-1-1 para obtener ayuda de emergencia. Visite alertla.org para obtener mas informacion.","SameCode":null,"Status":"Actual","MsgType":"Alert","Scope":"Public","Code":"IPAWSv1.0","Reference":null,"Language":"es-US","Category":"Fire","Event":"Fire Warning","ResponseType":"Prepare","Urgency":"Immediate","Severity":"Extreme","Certainty":"Observed","EventCode":"SAME:FRW, SAME:FRW","SenderName":"Public Alert System","Parameters":"LACoFD: Fast Wildfire. EVACUATION WARNING. Prepare to leave. Alertla.org, LA COUNTY FIRE DEPARTMENT: FAST MOVING WILDFIRE IN YOUR AREA. AN EVACUATION ORDER HAS BEEN ISSUED FOR YOUR AREA. LEAVE NOW. Follow instructions from emergency personnel. Dial 9-1-1 for emergency help. Visit alertla.org for more information., EAS-ORG:CIV, timezone:EST, WEAHandling:Imminent Threat, BLOCKCHANNEL:EAS, BLOCKCHANNEL:NWEM, LACoFD: Incendio rapido. ADVERTENCIA DE EVACUACION. Preparate a salir. Alertla.org, DEPARTAMENTO DE BOMBEROS DEL CONDADO DE LA: INCENDIO DE RAPIDO MOVIMIENTO EN SU AREA. SE HA EMITIDO UNA ORDEN DE EVACUACION PARA SU AREA. SALIR AHORA. Siga las instrucciones del personal de emergencia. Marque el 9-1-1 para obtener ayuda de emergencia. Visite alertla.org para obtener mas informacion., EAS-ORG:CIV, timezone:EST, WEAHandling:Imminent Threat, BLOCKCHANNEL:EAS, BLOCKCHANNEL:NWEM","Area":null,"Signature":null,"AreaDescription":"Los Angeles","FipsCode":"006037, 006037","GeoCodes":"","Circle":null,"CreateDate":1736349900000,"Shape__Area":0.020348951487676459,"Shape__Length":1.0406012335130919,"DateRange":null}},{"type":"Feature","id":167,"geometry":{"type":"Polygon","coordinates":[[[-118.335899999,34.1014000000001],[-118.366,34.102],[-118.3816,34.1289],[-118.3563,34.1340000000001],[-118.3362,34.1137000000001],[-118.335899999,34.1014000000001]]]},"properties":{"AlertID":167,"Identifier":"1891677006756677","Sent":1736359140000,"Sender":"200277_LA_City_Public_Alerts_City_of_Los_Angeles","Effective":null,"Onset":null,"Expires":1736373540000,"Headline":"Wildfire Alert: Sunset Fire","Description":null,"Instruction":"Wildfire Alert- Sunset Fire\n\nLAFD: A wildfire is burning at Runyon Canyon. Those nearby should get set for a potential evacuation. Monitor local news, LAFD social media, and lafd.org/alerts for updates. Evacuation preparation info here: lafd.org/ready-set-go\n\nLAFD: Hay un incendio forestal a Runyon Canyon. Si estas en esta area preparese por posible evacuaciones. Escuche las noticias locales, los canales de redes sociales de LAFD y lafd.org/alerts. Para obtener recursos sobre como prepararse: lafd.org/ready-set-go","Web":"https://www.lafd.org/alerts","CMAMtext":"LAFD:Wildfire- Runyon Canyon. Get set for possible evacuation. lafd.org/alerts","CMAMlongtext":"LAFD: A wildfire is burning at Runyon Canyon. Those nearby should get set for a potential evacuation. Monitor local news, LAFD social media, and lafd.org/alerts for updates. Evacuation preparation info here: lafd.org/ready-set-go","CMAMtextSpanish":"LAFD:Incendio- Runyon Canyon. Prepararse-posible evacuaciones lafd.org/alerts","CMAMlongtextSpanish":"LAFD: Hay un incendio forestal a Runyon Canyon. Si estas en esta area preparese por posible evacuaciones. Escuche las noticias locales, los canales de redes sociales de LAFD y lafd.org/alerts. Para obtener recursos sobre como prepararse: lafd.org/ready-set-go","SameCode":null,"Status":"Actual","MsgType":"Alert","Scope":"Public","Code":"IPAWSv1.0","Reference":null,"Language":"es-US","Category":"Geo","Event":"Fire Warning","ResponseType":null,"Urgency":"Immediate","Severity":"Extreme","Certainty":"Observed","EventCode":"SAME:FRW, SAME:FRW","SenderName":"200277,LA City Public Alerts,City of Los Angeles","Parameters":"BLOCKCHANNEL:CAPEXCH, BLOCKCHANNEL:NWEM, BLOCKCHANNEL:EAS, EAS-ORG:CIV, LAFD:Wildfire- Runyon Canyon. Get set for possible evacuation. lafd.org/alerts, LAFD: A wildfire is burning at Runyon Canyon. Those nearby should get set for a potential evacuation. Monitor local news, LAFD social media, and lafd.org/alerts for updates. Evacuation preparation info here: lafd.org/ready-set-go, WEAHandling:Imminent Threat, timezone:PST, BLOCKCHANNEL:CAPEXCH, BLOCKCHANNEL:NWEM, BLOCKCHANNEL:EAS, EAS-ORG:CIV, LAFD:Incendio- Runyon Canyon. Prepararse-posible evacuaciones lafd.org/alerts, LAFD: Hay un incendio forestal a Runyon Canyon. Si estas en esta area preparese por posible evacuaciones. Escuche las noticias locales, los canales de redes sociales de LAFD y lafd.org/alerts. Para obtener recursos sobre como prepararse: lafd.org/ready-set-go, WEAHandling:Imminent Threat, timezone:PST","Area":null,"Signature":null,"AreaDescription":"Los Angeles","FipsCode":"006037, 006037","GeoCodes":"","Circle":null,"CreateDate":1736359140000,"Shape__Area":0.00098514500587043585,"Shape__Length":0.1278821569288017,"DateRange":null}},{"type":"Feature","id":168,"geometry":{"type":"Polygon","coordinates":[[[-118.3656,34.1015],[-118.375,34.1126],[-118.3783,34.1274000000001],[-118.3736,34.1340000000001],[-118.3521,34.1324000000001],[-118.325600001,34.1016000000001],[-118.3259,34.1016000000001],[-118.3656,34.1015]]]},"properties":{"AlertID":168,"Identifier":"1892054963867730","Sent":1736359980000,"Sender":"200277_LA_City_Public_Alerts_Los_Angeles_Fire_Department","Effective":null,"Onset":null,"Expires":1736374380000,"Headline":"Wildfire Evacuate Order: Sunset Fire Fire","Description":null,"Instruction":"LAFD: Evacuate now. Evacuation order for Sunset Fire Fire for Runyon Canyon. All in that area must evacuate now. Gather people and pets and leave immediately.  All others shelter in place. Info & map: www.lafd.org/alerts\n\nLAFD: Evacue ahora. Orden de evacuacion para el incendio Sunset Fire. Runyon Canyon evacuan inmediatamente. Reuna personas y mascotas y salga inmediatamente. Todos afuera del area peligrosa deben refugiarse en lugar. Informacion y mapa: www.lafd.org/alerts","Web":"https://www.lafd.org/alerts","CMAMtext":"LAFD: Evacuate now from wildfire: Runyon Canyon. Map: lafd.org/alerts","CMAMlongtext":"LAFD: Evacuate now. Evacuation order for Sunset Fire Fire for Runyon Canyon. All in that area must evacuate now. Gather people and pets and leave immediately.  All others shelter in place. Info & map: www.lafd.org/alerts","CMAMtextSpanish":"LAFD:Evacue inmediatamente. Runyon Canyon Incendio Mapa:lafd.org/alerts","CMAMlongtextSpanish":"LAFD: Evacue ahora. Orden de evacuacion para el incendio Sunset Fire. Runyon Canyon evacuan inmediatamente. Reuna personas y mascotas y salga inmediatamente. Todos afuera del area peligrosa deben refugiarse en lugar. Informacion y mapa: www.lafd.org/alerts","SameCode":null,"Status":"Actual","MsgType":"Alert","Scope":"Public","Code":"IPAWSv1.0","Reference":null,"Language":"es-US","Category":"Geo","Event":"Fire Warning","ResponseType":null,"Urgency":"Immediate","Severity":"Extreme","Certainty":"Observed","EventCode":"SAME:FRW, SAME:FRW","SenderName":"200277,LA City Public Alerts,Los Angeles Fire Department","Parameters":"BLOCKCHANNEL:CAPEXCH, BLOCKCHANNEL:NWEM, BLOCKCHANNEL:EAS, EAS-ORG:CIV, LAFD: Evacuate now from wildfire: Runyon Canyon. Map: lafd.org/alerts, LAFD: Evacuate now. Evacuation order for Sunset Fire Fire for Runyon Canyon. All in that area must evacuate now. Gather people and pets and leave immediately.  All others shelter in place. Info & map: www.lafd.org/alerts, WEAHandling:Imminent Threat, timezone:PST, BLOCKCHANNEL:CAPEXCH, BLOCKCHANNEL:NWEM, BLOCKCHANNEL:EAS, EAS-ORG:CIV, LAFD:Evacue inmediatamente. Runyon Canyon Incendio Mapa:lafd.org/alerts, LAFD: Evacue ahora. Orden de evacuacion para el incendio Sunset Fire. Runyon Canyon evacuan inmediatamente. Reuna personas y mascotas y salga inmediatamente. Todos afuera del area peligrosa deben refugiarse en lugar. Informacion y mapa: www.lafd.org/alerts, WEAHandling:Imminent Threat, timezone:PST","Area":null,"Signature":null,"AreaDescription":"Los Angeles","FipsCode":"006037, 006037","GeoCodes":"","Circle":null,"CreateDate":1736360040000,"Shape__Area":0.0011143049841848551,"Shape__Length":0.14000208032757888,"DateRange":null}},{"type":"Feature","id":169,"geometry":{"type":"Polygon","coordinates":[[[-118.392300001,34.0904],[-118.4128,34.0871000000001],[-118.4036,34.1266000000001],[-118.3784,34.1249],[-118.3748,34.1165],[-118.372900001,34.1103000000001],[-118.3666,34.1044000000001],[-118.3658,34.0980000000001],[-118.392300001,34.0904]]]},"properties":{"AlertID":169,"Identifier":"1891642646991604","Sent":1736360760000,"Sender":"200277_LA_City_Public_Alerts_City_of_Los_Angeles","Effective":null,"Onset":null,"Expires":1736375160000,"Headline":"Wildfire Evacuation Warning-Sunset Fire","Description":null,"Instruction":"LAFD:  Evacuation Warning for Sunset Fire at Sunset Fire burning area. Prepare to evacuate by gathering supplies, pets, and loved ones. Monitor local news, LAFD social media, and www.lafd.org/alerts for maps and info.\n\nLAFD: Preparese para evacuar el incendio Sunset Fire. Area con potencial de evacuacion de parte de Sunset Fire. Se aconseja que todos los presentes preparen para evacuar. Junten suministros y su familia. Escuche las noticias locales, las redes sociales de LAFD, y www.lafd.org/alerts para obtener mapas y informacion.","Web":"https://www.lafd.org/alerts","CMAMtext":"LAFD: Wildfire evacuation warning for Sunset Fire. lafd.org/alerts","CMAMlongtext":"LAFD: Evacuation Warning for Sunset Fire at Sunset Fire burning area. Prepare to evacuate by gathering supplies, pets, and loved ones. Monitor local news, LAFD social media, and www.lafd.org/alerts for maps and info.","CMAMtextSpanish":"LAFD: Preparese para evacuar el area Sunset Fire. lafd.org/alerts","CMAMlongtextSpanish":"LAFD: Preparese para evacuar el incendio Sunset Fire. Area con potencial de evacuacion de parte de Sunset Fire. Se aconseja que todos los presentes preparen para evacuar. Junten suministros y su familia. Escuche las noticias locales, las redes sociales de LAFD, y www.lafd.org/alerts para obtener mapas y informacion.","SameCode":null,"Status":"Actual","MsgType":"Alert","Scope":"Public","Code":"IPAWSv1.0","Reference":null,"Language":"es-US","Category":"Geo","Event":"Fire Warning","ResponseType":null,"Urgency":"Immediate","Severity":"Extreme","Certainty":"Observed","EventCode":"SAME:FRW, SAME:FRW","SenderName":"200277,LA City Public Alerts,City of Los Angeles","Parameters":"BLOCKCHANNEL:CAPEXCH, BLOCKCHANNEL:NWEM, BLOCKCHANNEL:EAS, EAS-ORG:CIV, LAFD: Wildfire evacuation warning for Sunset Fire. lafd.org/alerts, LAFD: Evacuation Warning for Sunset Fire at Sunset Fire burning area. Prepare to evacuate by gathering supplies, pets, and loved ones. Monitor local news, LAFD social media, and www.lafd.org/alerts for maps and info., WEAHandling:Imminent Threat, timezone:PST, BLOCKCHANNEL:CAPEXCH, BLOCKCHANNEL:NWEM, BLOCKCHANNEL:EAS, EAS-ORG:CIV, LAFD: Preparese para evacuar el area Sunset Fire. lafd.org/alerts, LAFD: Preparese para evacuar el incendio Sunset Fire. Area con potencial de evacuacion de parte de Sunset Fire. Se aconseja que todos los presentes preparen para evacuar. Junten suministros y su familia. Escuche las noticias locales, las redes sociales de LAFD, y www.lafd.org/alerts para obtener mapas y informacion., WEAHandling:Imminent Threat, timezone:PST","Area":null,"Signature":null,"AreaDescription":"Los Angeles","FipsCode":"006037, 006037","GeoCodes":"","Circle":null,"CreateDate":1736360820000,"Shape__Area":0.0012434899886102357,"Shape__Length":0.14485137926971522,"DateRange":null}},{"type":"Feature","id":170,"geometry":{"type":"Polygon","coordinates":[[[-118.4139,34.1448],[-118.4098,34.1448],[-118.4057,34.1428000000001],[-118.3952,34.1436],[-118.3912,34.1335],[-118.4077,34.1297000000001],[-118.41,34.131],[-118.4111,34.1323],[-118.4128,34.1337],[-118.4141,34.1344],[-118.4139,34.1448]]]},"properties":{"AlertID":170,"Identifier":"1892089323606409","Sent":1736372220000,"Sender":"200277_LA_City_Public_Alerts_City_of_Los_Angeles","Effective":null,"Onset":null,"Expires":1736386620000,"Headline":"Wildfire Alert: Sunswept Fire","Description":null,"Instruction":"Wildfire Alert- Sunswept Fire\n\nLAFD: A wildfire is burning at Laurel Cyn/Mulholland/Coldwater Cyn/Ventura Blvd. Those nearby should get set for a potential evacuation. Monitor local news, LAFD social media, and lafd.org/alerts for updates. Evacuation preparation info here: lafd.org/ready-set-go\n\nLAFD: Hay un incendio forestal a Laurel Cyn/Mulholland/Coldwater Cyn/Ventura Blvd. Si estas en esta area preparese por posible evacuaciones. Escuche las noticias locales, los canales de redes sociales de LAFD y lafd.org/alerts. Para obtener recursos sobre como prepararse: lafd.org/ready-set-go","Web":"https://www.lafd.org/alerts","CMAMtext":"LAFD-Fire Laurel/Mulholland/Coldwater/Ventura. Prep for possible evacuation lafd.org/alert","CMAMlongtext":"LAFD: A fire is burning near Laurel Cyn/Mulholland/Coldwater Cyn/Ventura Blvd. Those nearby should get set for a potential evacuation. Monitor local news, LAFD social media, and lafd.org/alerts for updates. Evacuation preparation info here: lafd.org/ready-set-go","CMAMtextSpanish":"LAFD:Incendio- Laurel Cyn/Mulholland. Prepararse-posible evacuaciones lafd.org/alerts","CMAMlongtextSpanish":"LAFD: Hay un incendio forestal a Laurel Cyn/Mulholland/Coldwater Cyn/Ventura Blvd. Si estas en esta area preparese por posible evacuaciones. Escuche las noticias locales, los canales de redes sociales de LAFD y lafd.org/alerts. Para obtener recursos sobre como prepararse: lafd.org/ready-set-go","SameCode":null,"Status":"Actual","MsgType":"Alert","Scope":"Public","Code":"IPAWSv1.0","Reference":null,"Language":"es-US","Category":"Geo","Event":"Fire Warning","ResponseType":null,"Urgency":"Immediate","Severity":"Extreme","Certainty":"Observed","EventCode":"SAME:FRW, SAME:FRW","SenderName":"200277,LA City Public Alerts,City of Los Angeles","Parameters":"BLOCKCHANNEL:CAPEXCH, BLOCKCHANNEL:NWEM, BLOCKCHANNEL:EAS, EAS-ORG:CIV, LAFD-Fire Laurel/Mulholland/Coldwater/Ventura. Prep for possible evacuation lafd.org/alert, LAFD: A fire is burning near Laurel Cyn/Mulholland/Coldwater Cyn/Ventura Blvd. Those nearby should get set for a potential evacuation. Monitor local news, LAFD social media, and lafd.org/alerts for updates. Evacuation preparation info here: lafd.org/ready-set-go, WEAHandling:Imminent Threat, timezone:PST, BLOCKCHANNEL:CAPEXCH, BLOCKCHANNEL:NWEM, BLOCKCHANNEL:EAS, EAS-ORG:CIV, LAFD:Incendio- Laurel Cyn/Mulholland. Prepararse-posible evacuaciones lafd.org/alerts, LAFD: Hay un incendio forestal a Laurel Cyn/Mulholland/Coldwater Cyn/Ventura Blvd. Si estas en esta area preparese por posible evacuaciones. Escuche las noticias locales, los canales de redes sociales de LAFD y lafd.org/alerts. Para obtener recursos sobre como prepararse: lafd.org/ready-set-go, WEAHandling:Imminent Threat, timezone:PST","Area":null,"Signature":null,"AreaDescription":"Los Angeles","FipsCode":"006037, 006037","GeoCodes":"","Circle":null,"CreateDate":1736372280000,"Shape__Area":0.00025259499943786068,"Shape__Length":0.0654129776222433,"DateRange":null}},{"type":"Feature","id":171,"geometry":{"type":"Polygon","coordinates":[[[-118.204,33.8821],[-118.1648,33.8817],[-118.1648,33.8818000000001],[-118.1641,33.8601],[-118.1686,33.8598000000001],[-118.1672,33.833],[-118.1405,33.833],[-118.1401,33.8458000000001],[-118.1267,33.8456],[-118.1271,33.8310000000001],[-118.084799999,33.8302],[-118.0814,33.8262],[-118.0704,33.8199000000001],[-118.0838,33.8053],[-118.0996,33.7788],[-118.0996,33.76],[-118.1185,33.7457000000001],[-118.183400001,33.7317],[-118.1981,33.7314000000001],[-118.2143,33.7434000000001],[-118.2174,33.823],[-118.1995,33.8644],[-118.204,33.8821]]]},"properties":{"AlertID":171,"Identifier":"OnSolve-07acd93c463c4767be3d15f06ac115cd","Sent":1736420940000,"Sender":"Luis.Valdez@longbeach.gov","Effective":"2025-01-09T14:09:26-05:00","Onset":null,"Expires":1736453340000,"Headline":"Local Area Emergency","Description":null,"Instruction":null,"Web":null,"CMAMtext":"LB City: Air quality may be unhealthy due to fires. Use caution and avoid outdoor activity","CMAMlongtext":"Long Beach City: AIR QUALITY has reached potentially unhealthy levels in certain parts of Long Beach due to smoke from LA County wildfires. Smoke and ash may be visible in some areas, potentially creating unhealthy conditions. All people are urged to exercise caution and STAY indoors as much as possible. CHECK www.aqmd.gov for real-time air quality data.","CMAMtextSpanish":"LB: Calidad del aire puede ser perjudicial para la salud. Evite actividades al aire libre.","CMAMlongtextSpanish":"Ciudad de Long Beach: CALIDAD DEL AIRE ha alcanzado niveles potencialmente insalubres en partes de LB debido al humo de los incendios forestales. Es posible que se vean humo y cenizas en partes de LB. Todas las personas deben tener precaucion y PERMANECER en interiores tanto como sea posible. CONSULTE www.aqmd.gov para obtener datos sobre la calidad del aire","SameCode":null,"Status":"Actual","MsgType":"Alert","Scope":"Public","Code":"IPAWSv1.0","Reference":null,"Language":"es-US","Category":"Health","Event":"Local Area Emergency","ResponseType":"Avoid","Urgency":"Immediate","Severity":"Severe","Certainty":"Observed","EventCode":"SAME:LAE, SAME:LAE","SenderName":"201406,CA City of Long Beach,","Parameters":"EAS-ORG:CIV, BLOCKCHANNEL:EAS, BLOCKCHANNEL:NWEM, WEAHandling:Public Safety, LB City: Air quality may be unhealthy due to fires. Use caution and avoid outdoor activity, Long Beach City: AIR QUALITY has reached potentially unhealthy levels in certain parts of Long Beach due to smoke from LA County wildfires. Smoke and ash may be visible in some areas, potentially creating unhealthy conditions. All people are urged to exercise caution and STAY indoors as much as possible. CHECK www.aqmd.gov for real-time air quality data., timezone:PST, EAS-ORG:CIV, BLOCKCHANNEL:EAS, BLOCKCHANNEL:NWEM, WEAHandling:Public Safety, LB: Calidad del aire puede ser perjudicial para la salud. Evite actividades al aire libre., Ciudad de Long Beach: CALIDAD DEL AIRE ha alcanzado niveles potencialmente insalubres en partes de LB debido al humo de los incendios forestales. Es posible que se vean humo y cenizas en partes de LB. Todas las personas deben tener precaucion y PERMANECER en interiores tanto como sea posible. CONSULTE www.aqmd.gov para obtener datos sobre la calidad del aire, timezone:PST","Area":null,"Signature":null,"AreaDescription":"CA City of Long Beach","FipsCode":"006037, 006037","GeoCodes":"","Circle":null,"CreateDate":1736421000000,"Shape__Area":0.013544354995246977,"Shape__Length":0.55756052500917974,"DateRange":null}},{"type":"Feature","id":172,"geometry":{"type":"Polygon","coordinates":[[[-118.047901,34.230622],[-118.047898,34.2304270000001],[-118.047896,34.2303180000001],[-118.047772,34.2230670000001],[-118.048519,34.2230650000001],[-118.048739,34.223063],[-118.056515,34.223008],[-118.05647,34.219816],[-118.06257,34.2197820000001],[-118.066016,34.2197630000001],[-118.066134999,34.2229380000001],[-118.070212,34.2229140000001],[-118.074408,34.2228890000001],[-118.078625,34.2228640000001],[-118.083031,34.222837],[-118.082989,34.226501],[-118.082985999,34.2267110000001],[-118.082947,34.230128],[-118.082905,34.233757],[-118.082875,34.2363],[-118.082875,34.2363790000001],[-118.082874,34.2364840000001],[-118.082862,34.237376],[-118.078454999,34.23742],[-118.074284,34.2374560000001],[-118.065422,34.237532],[-118.05729,34.2375890000001],[-118.05672,34.2375930000001],[-118.04802,34.2376540000001],[-118.047901,34.230622]]]},"properties":{"AlertID":172,"Identifier":"test-lac-954436-1736452044098","Sent":1736423220000,"Sender":"jfahey@ceooem.lacounty.gov","Effective":"2025-01-09T20:47:24+01:00","Onset":null,"Expires":1736509620000,"Headline":"Mt Wilson - Eaton Fire Evac Order","Description":"LA COUNTY OFFICE OF EMERGENCY MANAGEMENT: FAST MOVING WILDFIRE IN YOUR AREA. AN EVACUATION ORDER HAS BEEN ISSUED FOR THE YOUR AREA. LEAVE NOW. Follow instructions from emergency personnel. Dial 9-1-1 for emergency help. Visit alertla.org for more information.","Instruction":"LA COUNTY OFFICE OF EMERGENCY MANAGEMENT: FAST MOVING WILDFIRE IN YOUR AREA. AN EVACUATION ORDER HAS BEEN ISSUED FOR THE YOUR AREA. LEAVE NOW. Follow instructions from emergency personnel. Dial 9-1-1 for emergency help. Visit alertla.org for more information.","Web":null,"CMAMtext":"LACo OEM: Fast moving wildfire. EVACUATION ORDER. LEAVE NOW. Alertla.org","CMAMlongtext":"LA COUNTY OFFICE OF EMERGENCY MANAGEMENT: FAST MOVING WILDFIRE IN YOUR AREA. AN EVACUATION ORDER HAS BEEN ISSUED FOR THE YOUR AREA. LEAVE NOW. Follow instructions from emergency personnel. Dial 9-1-1 for emergency help. Visit alertla.org for more information.","CMAMtextSpanish":"LACoOEM: Incendio avanza rapidamente. ORDEN DE EVACUACION. SALIR AHORA. Alertla.org","CMAMlongtextSpanish":"Oficina de Manejo de Emergencias del Condado de Los Angeles: Incendio forestal de rapido avance en su area. Se emitio una orden de evacuacion para el area. Vete ahora. Siga las instrucciones del personal de emergencia. Marque el 9-1-1 para obtener ayuda de emergencia. Visite alertla.org para obtener mas informacion.","SameCode":null,"Status":"Actual","MsgType":"Alert","Scope":"Public","Code":"IPAWSv1.0","Reference":null,"Language":"es-US","Category":"Fire","Event":"Evacuation Immediate","ResponseType":"Evacuate","Urgency":"Immediate","Severity":"Extreme","Certainty":"Observed","EventCode":"SAME:EVI, SAME:EVI","SenderName":"Public Alert System","Parameters":"LACo OEM: Fast moving wildfire. EVACUATION ORDER. LEAVE NOW. Alertla.org, LA COUNTY OFFICE OF EMERGENCY MANAGEMENT: FAST MOVING WILDFIRE IN YOUR AREA. AN EVACUATION ORDER HAS BEEN ISSUED FOR THE YOUR AREA. LEAVE NOW. Follow instructions from emergency personnel. Dial 9-1-1 for emergency help. Visit alertla.org for more information., EAS-ORG:CIV, timezone:EST, WEAHandling:Imminent Threat, BLOCKCHANNEL:EAS, BLOCKCHANNEL:NWEM, LACoOEM: Incendio avanza rapidamente. ORDEN DE EVACUACION. SALIR AHORA. Alertla.org, Oficina de Manejo de Emergencias del Condado de Los Angeles: Incendio forestal de rapido avance en su area. Se emitio una orden de evacuacion para el area. Vete ahora. Siga las instrucciones del personal de emergencia. Marque el 9-1-1 para obtener ayuda de emergencia. Visite alertla.org para obtener mas informacion., EAS-ORG:CIV, timezone:EST, WEAHandling:Imminent Threat, BLOCKCHANNEL:EAS, BLOCKCHANNEL:NWEM","Area":null,"Signature":null,"AreaDescription":"Los Angeles","FipsCode":"006037, 006037","GeoCodes":"","Circle":null,"CreateDate":1736423280000,"Shape__Area":0.00054142389876687957,"Shape__Length":0.10552742991924491,"DateRange":null}},{"type":"Feature","id":173,"geometry":{"type":"Polygon","coordinates":[[[-118.064814,34.179136],[-118.07801,34.1789870000001],[-118.077894,34.1796110000001],[-118.078585,34.1799980000001],[-118.078612001,34.1824950000001],[-118.079608999,34.182487],[-118.079618,34.1833120000001],[-118.082439,34.1823610000001],[-118.082439,34.183609],[-118.08332,34.1839660000001],[-118.083472,34.1936410000001],[-118.085502,34.1936190000001],[-118.08544,34.197326],[-118.091764,34.197326],[-118.106379,34.2520460000001],[-118.082807,34.2522090000001],[-118.082745,34.2552830000001],[-118.079726,34.2553500000001],[-118.079088,34.2559880000001],[-118.078055,34.254696],[-118.076582,34.2551940000001],[-118.075728999,34.2548],[-118.077355,34.254102],[-118.073672,34.253679],[-118.073097,34.254399],[-118.071399,34.252825],[-118.070626,34.2530330000001],[-118.070294,34.2527880000001],[-118.069539,34.2521120000001],[-118.070078,34.2517930000001],[-118.070033,34.2517110000001],[-118.065066,34.2510130000001],[-118.06538,34.2495210000001],[-118.064239,34.2495060000001],[-118.063817,34.2486740000001],[-118.06141,34.250033],[-118.060323,34.2496770000001],[-118.059838,34.2488670000001],[-118.057484,34.248318],[-118.056092,34.247301],[-118.055831001,34.2477910000001],[-118.0539,34.2469590000001],[-118.053208,34.246068],[-118.050603,34.245095],[-118.049227999,34.2454520000001],[-118.048573,34.244672],[-118.046794,34.2441890000001],[-118.045554,34.244924],[-118.044818,34.243751],[-118.044979,34.242778],[-118.043515,34.241226],[-118.045312,34.239355],[-118.044952,34.2388050000001],[-118.043578,34.239451],[-118.042222001,34.2380400000001],[-118.041332,34.2377660000001],[-118.040937,34.2388280000001],[-118.040182,34.239154],[-118.039904,34.2381820000001],[-118.038997,34.2384190000001],[-118.038476,34.2375500000001],[-118.036823,34.236659],[-118.035035,34.2375060000001],[-118.034541,34.236481],[-118.032655001,34.2372980000001],[-118.031846,34.2366670000001],[-118.031639,34.23585],[-118.030373,34.2359460000001],[-118.029897,34.2348920000001],[-118.027633,34.23432],[-118.027498,34.234424],[-118.027687,34.2354260000001],[-118.026429,34.2367190000001],[-118.025351,34.236414],[-118.02474,34.23553],[-118.022989,34.2355380000001],[-118.022683,34.235954],[-118.022261,34.235619],[-118.022216,34.234832],[-118.024094,34.2340300000001],[-118.064814,34.179136]]]},"properties":{"AlertID":173,"Identifier":"test-lac-954457-1736452623213","Sent":1736423820000,"Sender":"jfahey@ceooem.lacounty.gov","Effective":"2025-01-09T20:57:03+01:00","Onset":null,"Expires":1736510220000,"Headline":"Mt Wilson - Eaton Fire Evac Order","Description":"LA COUNTY OFFICE OF EMERGENCY MANAGEMENT: FAST MOVING WILDFIRE IN YOUR AREA. AN EVACUATION ORDER HAS BEEN ISSUED FOR THE YOUR AREA. LEAVE NOW. Follow instructions from emergency personnel. Dial 9-1-1 for emergency help. Visit alertla.org for more information.","Instruction":"LA COUNTY OFFICE OF EMERGENCY MANAGEMENT: FAST MOVING WILDFIRE IN YOUR AREA. AN EVACUATION ORDER HAS BEEN ISSUED FOR THE YOUR AREA. LEAVE NOW. Follow instructions from emergency personnel. Dial 9-1-1 for emergency help. Visit alertla.org for more information.","Web":null,"CMAMtext":"LACo OEM: Fast moving wildfire. EVACUATION ORDER. LEAVE NOW. Alertla.org","CMAMlongtext":"LA COUNTY OFFICE OF EMERGENCY MANAGEMENT: FAST MOVING WILDFIRE IN YOUR AREA. AN EVACUATION ORDER HAS BEEN ISSUED FOR THE YOUR AREA. LEAVE NOW. Follow instructions from emergency personnel. Dial 9-1-1 for emergency help. Visit alertla.org for more information.","CMAMtextSpanish":"LACoOEM: Incendio avanza rapidamente. ORDEN DE EVACUACION. SALIR AHORA. Alertla.org","CMAMlongtextSpanish":"Oficina de Manejo de Emergencias del Condado de Los Angeles: Incendio forestal de rapido avance en su area. Se emitio una orden de evacuacion para el area. Vete ahora. Siga las instrucciones del personal de emergencia. Marque el 9-1-1 para obtener ayuda de emergencia. Visite alertla.org para obtener mas informacion.","SameCode":null,"Status":"Actual","MsgType":"Alert","Scope":"Public","Code":"IPAWSv1.0","Reference":null,"Language":"es-US","Category":"Fire","Event":"Evacuation Immediate","ResponseType":"Evacuate","Urgency":"Immediate","Severity":"Extreme","Certainty":"Observed","EventCode":"SAME:EVI, SAME:EVI","SenderName":"Public Alert System","Parameters":"LACo OEM: Fast moving wildfire. EVACUATION ORDER. LEAVE NOW. Alertla.org, LA COUNTY OFFICE OF EMERGENCY MANAGEMENT: FAST MOVING WILDFIRE IN YOUR AREA. AN EVACUATION ORDER HAS BEEN ISSUED FOR THE YOUR AREA. LEAVE NOW. Follow instructions from emergency personnel. Dial 9-1-1 for emergency help. Visit alertla.org for more information., EAS-ORG:CIV, timezone:EST, WEAHandling:Imminent Threat, BLOCKCHANNEL:EAS, BLOCKCHANNEL:NWEM, LACoOEM: Incendio avanza rapidamente. ORDEN DE EVACUACION. SALIR AHORA. Alertla.org, Oficina de Manejo de Emergencias del Condado de Los Angeles: Incendio forestal de rapido avance en su area. Se emitio una orden de evacuacion para el area. Vete ahora. Siga las instrucciones del personal de emergencia. Marque el 9-1-1 para obtener ayuda de emergencia. Visite alertla.org para obtener mas informacion., EAS-ORG:CIV, timezone:EST, WEAHandling:Imminent Threat, BLOCKCHANNEL:EAS, BLOCKCHANNEL:NWEM","Area":null,"Signature":null,"AreaDescription":"Los Angeles","FipsCode":"006037, 006037","GeoCodes":"","Circle":null,"CreateDate":1736423880000,"Shape__Area":0.0036726669720792415,"Shape__Length":0.28870336159516413,"DateRange":null}},{"type":"Feature","id":174,"geometry":{"type":"Polygon","coordinates":[[[-118.6563,34.1956000000001],[-118.6557,34.1899000000001],[-118.655400001,34.1878],[-118.6563,34.1807000000001],[-118.6518,34.1769],[-118.6454,34.1715],[-118.6542,34.1691000000001],[-118.6587,34.1691000000001],[-118.659,34.1764000000001],[-118.6686,34.1774],[-118.6683,34.1914],[-118.667799999,34.1961000000001],[-118.6565,34.1967000000001],[-118.6563,34.1956000000001]]]},"properties":{"AlertID":174,"Identifier":"1891642647005950","Sent":1736435940000,"Sender":"200277_LA_City_Public_Alerts_Los_Angeles_Fire_Department","Effective":null,"Onset":null,"Expires":1736450340000,"Headline":"Wildfire Evacuate Order: Kenneth Fire Fire","Description":null,"Instruction":"LAFD: Evacuate now. Evacuation order for Kenneth Fire Fire for Van Owen/City Border/Burbank/Valley Circle. All in that area must evacuate now. Gather people and pets and leave immediately.  All others shelter in place. Info & map: www.lafd.org/alerts\n\nLAFD: Evacue ahora. Orden de evacuacion para el incendio Kenneth Fire. Van Owen/City Border/Burbank/Valley Circle evacuan inmediatamente. Reuna personas y mascotas y salga inmediatamente. Todos afuera del area peligrosa deben refugiarse en lugar. Informacion y mapa: www.lafd.org/alerts","Web":"https://www.lafd.org/alerts","CMAMtext":"LAFD: Evacuate now from wildfire: Van Owen/Burbank/Valley Circle. Map: lafd.org/alerts","CMAMlongtext":"LAFD: Evacuate now. Evacuation order for Kenneth Fire Fire for Van Owen/City Border/Burbank/Valley Circle. All in that area must evacuate now. Gather people and pets and leave immediately.  All others shelter in place. Info & map: www.lafd.org/alerts","CMAMtextSpanish":"LAFD:Evacue inmediatamente. Van Owen/Burbank/Valley Circle Incendio Mapa:lafd.org/alerts","CMAMlongtextSpanish":"LAFD: Evacue ahora. Orden de evacuacion para el incendio Kenneth Fire. Van Owen/City Border/Burbank/Valley Circle evacuan inmediatamente. Reuna personas y mascotas y salga inmediatamente. Todos afuera del area peligrosa deben refugiarse en lugar. Informacion y mapa: www.lafd.org/alerts","SameCode":null,"Status":"Actual","MsgType":"Alert","Scope":"Public","Code":"IPAWSv1.0","Reference":null,"Language":"es-US","Category":"Geo","Event":"Fire Warning","ResponseType":null,"Urgency":"Immediate","Severity":"Extreme","Certainty":"Observed","EventCode":"SAME:FRW, SAME:FRW","SenderName":"200277,LA City Public Alerts,Los Angeles Fire Department","Parameters":"BLOCKCHANNEL:CAPEXCH, BLOCKCHANNEL:NWEM, BLOCKCHANNEL:EAS, EAS-ORG:CIV, LAFD: Evacuate now from wildfire: Van Owen/Burbank/Valley Circle. Map: lafd.org/alerts, LAFD: Evacuate now. Evacuation order for Kenneth Fire Fire for Van Owen/City Border/Burbank/Valley Circle. All in that area must evacuate now. Gather people and pets and leave immediately.  All others shelter in place. Info & map: www.lafd.org/alerts, WEAHandling:Imminent Threat, timezone:PST, BLOCKCHANNEL:CAPEXCH, BLOCKCHANNEL:NWEM, BLOCKCHANNEL:EAS, EAS-ORG:CIV, LAFD:Evacue inmediatamente. Van Owen/Burbank/Valley Circle Incendio Mapa:lafd.org/alerts, LAFD: Evacue ahora. Orden de evacuacion para el incendio Kenneth Fire. Van Owen/City Border/Burbank/Valley Circle evacuan inmediatamente. Reuna personas y mascotas y salga inmediatamente. Todos afuera del area peligrosa deben refugiarse en lugar. Informacion y mapa: www.lafd.org/alerts, WEAHandling:Imminent Threat, timezone:PST","Area":null,"Signature":null,"AreaDescription":"Los Angeles","FipsCode":"006037, 006037","GeoCodes":"","Circle":null,"CreateDate":1736435940000,"Shape__Area":0.00032704999262023193,"Shape__Length":0.0910164111754125,"DateRange":null}},{"type":"Feature","id":175,"geometry":{"type":"Polygon","coordinates":[[[-118.667939,34.1949690000001],[-118.667203999,34.1949680000001],[-118.664992,34.1949670000001],[-118.662768,34.194965],[-118.662515,34.194965],[-118.66226,34.194965],[-118.662006,34.194964],[-118.661951,34.194965],[-118.661772,34.194965],[-118.661543,34.194965],[-118.661313,34.194964],[-118.661082,34.194964],[-118.660832,34.194964],[-118.660525,34.194964],[-118.660186999,34.194963],[-118.659813,34.194963],[-118.659498,34.194963],[-118.659063,34.194963],[-118.658477,34.194962],[-118.658479,34.195257],[-118.658474,34.196757],[-118.658069,34.1967550000001],[-118.65777,34.1967540000001],[-118.657311,34.1967510000001],[-118.656778,34.1967510000001],[-118.656611,34.1967510000001],[-118.656655,34.1963870000001],[-118.656821,34.1950110000001],[-118.656996,34.1935720000001],[-118.657046,34.193154],[-118.657137,34.1924040000001],[-118.657211,34.1917950000001],[-118.657266,34.1913500000001],[-118.657289,34.191159],[-118.657449,34.1899090000001],[-118.65752,34.1898780000001],[-118.65806,34.189646],[-118.658219,34.189578],[-118.658296,34.1895460000001],[-118.658374,34.1895180000001],[-118.658453,34.189493],[-118.658484,34.189485],[-118.65853,34.189472],[-118.658624,34.1894500000001],[-118.658719,34.1894330000001],[-118.658815,34.18942],[-118.658797,34.1893410000001],[-118.659581,34.189246],[-118.661299,34.1894530000001],[-118.66148,34.189509],[-118.661798,34.1896090000001],[-118.661849,34.189626],[-118.662184,34.1897310000001],[-118.662359,34.189785],[-118.662483,34.189824],[-118.662615,34.1898650000001],[-118.662867,34.189944],[-118.663124,34.190025],[-118.662963,34.1903830000001],[-118.663347,34.190503],[-118.66351,34.190146],[-118.667328,34.1913440000001],[-118.667957,34.191333],[-118.667939,34.1949690000001]]]},"properties":{"AlertID":175,"Identifier":"test-lac-954772-1736465567064","Sent":1736436780000,"Sender":"jfahey@ceooem.lacounty.gov","Effective":"2025-01-10T00:32:47+01:00","Onset":null,"Expires":1736523180000,"Headline":"Kenneth Fire Evac Order","Description":"This is an emergency message from the Los Angeles County Fire Department. An EVACUATION WARNING has been issued in your area. Remain vigilant of any threats and be ready to evacuate. Gather loved ones, pets, and supplies. Continue to monitor local weather, news, and the webpage alertla.org for more information.","Instruction":"LA COUNTY OFFICE OF EMERGENCY MANAGEMENT: FAST MOVING WILDFIRE IN YOUR AREA. AN EVACUATION ORDER HAS BEEN ISSUED FOR THE YOUR AREA. LEAVE NOW. Follow instructions from emergency personnel. Dial 9-1-1 for emergency help. Visit alertla.org for more information.","Web":null,"CMAMtext":"LACo OEM: Fast moving wildfire. EVACUATION ORDER. LEAVE NOW. Alertla.org","CMAMlongtext":"This is an emergency message from the Los Angeles County Fire Department. An EVACUATION WARNING has been issued in your area. Remain vigilant of any threats and be ready to evacuate. Gather loved ones, pets, and supplies. Continue to monitor local weather, news, and the webpage alertla.org for more information.","CMAMtextSpanish":"LACoFD: Advertencia de evacuacion en su area. Mas informacion en alertla.org.","CMAMlongtextSpanish":"Este es un mensaje de emergencia del Departamento de Bomberos del Condado de Los Angeles. Se ha emitido una ADVERTENCIA DE EVACUACION en su area. Mantengase alerta y este listo para evacuar. Reuna a sus seres queridos, mascotas y suministros. Continue monitoreando el clima local, las noticias y la pagina web alertla.org para informacion.","SameCode":null,"Status":"Actual","MsgType":"Alert","Scope":"Public","Code":"IPAWSv1.0","Reference":null,"Language":"es-US","Category":"Fire","Event":"Evacuation Immediate","ResponseType":"Evacuate","Urgency":"Immediate","Severity":"Extreme","Certainty":"Observed","EventCode":"SAME:EVI, SAME:EVI","SenderName":"Public Alert System","Parameters":"LACo OEM: Fast moving wildfire. EVACUATION ORDER. LEAVE NOW. Alertla.org, This is an emergency message from the Los Angeles County Fire Department. An EVACUATION WARNING has been issued in your area. Remain vigilant of any threats and be ready to evacuate. Gather loved ones, pets, and supplies. Continue to monitor local weather, news, and the webpage alertla.org for more information., EAS-ORG:CIV, timezone:EST, WEAHandling:Imminent Threat, BLOCKCHANNEL:EAS, BLOCKCHANNEL:NWEM, LACoFD: Advertencia de evacuacion en su area. Mas informacion en alertla.org., Este es un mensaje de emergencia del Departamento de Bomberos del Condado de Los Angeles. Se ha emitido una ADVERTENCIA DE EVACUACION en su area. Mantengase alerta y este listo para evacuar. Reuna a sus seres queridos, mascotas y suministros. Continue monitoreando el clima local, las noticias y la pagina web alertla.org para informacion., EAS-ORG:CIV, timezone:EST, WEAHandling:Imminent Threat, BLOCKCHANNEL:EAS, BLOCKCHANNEL:NWEM","Area":null,"Signature":null,"AreaDescription":"Los Angeles","FipsCode":"006037, 006037","GeoCodes":"","Circle":null,"CreateDate":1736436780000,"Shape__Area":5.5644069789195783E-05,"Shape__Length":0.03543791510723017,"DateRange":null}},{"type":"Feature","id":176,"geometry":{"type":"Polygon","coordinates":[[[-118.714062999,34.139256],[-118.716183,34.1387800000001],[-118.721626,34.1384600000001],[-118.726334,34.1378130000001],[-118.728103,34.1378800000001],[-118.729981,34.1385490000001],[-118.735568,34.1422440000001],[-118.737067999,34.1428470000001],[-118.737149001,34.154437],[-118.732523,34.1544290000001],[-118.728678,34.1677790000001],[-118.723333,34.167764],[-118.711134,34.1684710000001],[-118.668078,34.1680840000001],[-118.668032999,34.17675],[-118.658592,34.17675],[-118.658574,34.176066],[-118.659194,34.1757390000001],[-118.658592,34.1756720000001],[-118.658628,34.1694440000001],[-118.654262,34.169429],[-118.654279999,34.1657280000001],[-118.645521001,34.1656980000001],[-118.645539,34.1619820000001],[-118.641973,34.161974],[-118.639727,34.15909],[-118.639475,34.1590380000001],[-118.637769,34.1600040000001],[-118.637338,34.1594170000001],[-118.640428,34.158258],[-118.653247,34.152786],[-118.663065,34.1499610000001],[-118.665383,34.149463],[-118.672551,34.1490400000001],[-118.674141,34.1493070000001],[-118.678588,34.150809],[-118.67981,34.1510250000001],[-118.683231999,34.151039],[-118.687814,34.150385],[-118.692386,34.151099],[-118.693913,34.150965],[-118.695423,34.1504370000001],[-118.696294,34.1498800000001],[-118.700256,34.1458730000001],[-118.701648,34.1448320000001],[-118.708062,34.1413220000001],[-118.714062999,34.139256]]]},"properties":{"AlertID":176,"Identifier":"test-lac-954811-1736465926714","Sent":1736437140000,"Sender":"jfahey@ceooem.lacounty.gov","Effective":"2025-01-10T00:38:46+01:00","Onset":null,"Expires":1736523540000,"Headline":"Alert from AlertLACounty","Description":"This is an emergency message from the Los Angeles County Fire Department. An EVACUATION WARNING has been issued in your area. Remain vigilant of any threats and be ready to evacuate. Gather loved ones, pets, and supplies. Continue to monitor local weather, news, and the webpage alertla.org for more information.","Instruction":"LA COUNTY OFFICE OF EMERGENCY MANAGEMENT: FAST MOVING WILDFIRE IN YOUR AREA. AN EVACUATION ORDER HAS BEEN ISSUED FOR THE YOUR AREA. LEAVE NOW. Follow instructions from emergency personnel. Dial 9-1-1 for emergency help. Visit alertla.org for more information.","Web":null,"CMAMtext":"LACo OEM: Fast moving wildfire. EVACUATION ORDER. LEAVE NOW. Alertla.org","CMAMlongtext":"This is an emergency message from the Los Angeles County Fire Department. An EVACUATION WARNING has been issued in your area. Remain vigilant of any threats and be ready to evacuate. Gather loved ones, pets, and supplies. Continue to monitor local weather, news, and the webpage alertla.org for more information.","CMAMtextSpanish":"LACoFD: Advertencia de evacuacion en su area. Mas informacion en alertla.org.","CMAMlongtextSpanish":"Este es un mensaje de emergencia del Departamento de Bomberos del Condado de Los Angeles. Se ha emitido una ADVERTENCIA DE EVACUACION en su area. Mantengase alerta y este listo para evacuar. Reuna a sus seres queridos, mascotas y suministros. Continue monitoreando el clima local, las noticias y la pagina web alertla.org para informacion.","SameCode":null,"Status":"Actual","MsgType":"Alert","Scope":"Public","Code":"IPAWSv1.0","Reference":null,"Language":"es-US","Category":"Fire","Event":"Evacuation Immediate","ResponseType":"Evacuate","Urgency":"Immediate","Severity":"Extreme","Certainty":"Observed","EventCode":"SAME:EVI, SAME:EVI","SenderName":"Public Alert System","Parameters":"LACo OEM: Fast moving wildfire. EVACUATION ORDER. LEAVE NOW. Alertla.org, This is an emergency message from the Los Angeles County Fire Department. An EVACUATION WARNING has been issued in your area. Remain vigilant of any threats and be ready to evacuate. Gather loved ones, pets, and supplies. Continue to monitor local weather, news, and the webpage alertla.org for more information., EAS-ORG:CIV, timezone:EST, WEAHandling:Imminent Threat, BLOCKCHANNEL:EAS, BLOCKCHANNEL:NWEM, LACoFD: Advertencia de evacuacion en su area. Mas informacion en alertla.org., Este es un mensaje de emergencia del Departamento de Bomberos del Condado de Los Angeles. Se ha emitido una ADVERTENCIA DE EVACUACION en su area. Mantengase alerta y este listo para evacuar. Reuna a sus seres queridos, mascotas y suministros. Continue monitoreando el clima local, las noticias y la pagina web alertla.org para informacion., EAS-ORG:CIV, timezone:EST, WEAHandling:Imminent Threat, BLOCKCHANNEL:EAS, BLOCKCHANNEL:NWEM","Area":null,"Signature":null,"AreaDescription":"Los Angeles","FipsCode":"006037, 006037","GeoCodes":"","Circle":null,"CreateDate":1736437140000,"Shape__Area":0.0019784494731993618,"Shape__Length":0.25465201307707336,"DateRange":null}},{"type":"Feature","id":177,"geometry":{"type":"Polygon","coordinates":[[[-118.656600001,34.1969],[-118.6587,34.1949000000001],[-118.663699999,34.198],[-118.6664,34.2137000000001],[-118.6599,34.2129],[-118.6534,34.2130000000001],[-118.6456,34.2119000000001],[-118.6323,34.2112000000001],[-118.6324,34.1990000000001],[-118.6318,34.1868000000001],[-118.6324,34.172],[-118.6455,34.1718000000001],[-118.6561,34.1808],[-118.6553,34.1885],[-118.6556,34.1895000000001],[-118.656600001,34.1969]]]},"properties":{"AlertID":177,"Identifier":"1897586881729138","Sent":1736437320000,"Sender":"200277_LA_City_Public_Alerts_City_of_Los_Angeles","Effective":null,"Onset":null,"Expires":1736451720000,"Headline":"Wildfire Evacuation Warning-Kenneth Fire","Description":null,"Instruction":"LAFD:  Evacuation Warning for Kenneth Fire at West Hills: Valley Circle/Ingomar/Woodlake/Burbank. Prepare to evacuate by gathering supplies, pets, and loved ones. Monitor local news, LAFD social media, and www.lafd.org/alerts for maps and info.\n\nLAFD: Preparese para evacuar el incendio Kenneth Fire. Area con potencial de evacuacion es West Hills: Valley Circle/Ingomar/Woodlake/Burbank. Se aconseja que todos los presentes preparen para evacuar. Junten suministros y su familia. Escuche las noticias locales, las redes sociales de LAFD, y www.lafd.org/alerts para obtener mapas y informacion.","Web":"https://www.lafd.org/alerts","CMAMtext":"LAFD: Fire evacuation warning for Valley Circle/Saticoy/Woodlake/Burbank. lafd.org/alerts","CMAMlongtext":"LAFD: Evacuation Warning for Kenneth Fire at West Hills: Valley Circle/Ingomar/Woodlake/Burbank. Prepare to evacuate by gathering supplies, pets, and loved ones. Monitor local news, LAFD social media, and www.lafd.org/alerts for maps and info.","CMAMtextSpanish":"LAFD: Preparese para evacuar el area West Hills East of Evac Order. lafd.org/alerts","CMAMlongtextSpanish":"LAFD: Preparese para evacuar el incendio Kenneth Fire. Area con potencial de evacuacion es West Hills: Valley Circle/Ingomar/Woodlake/Burbank. Se aconseja que todos los presentes preparen para evacuar. Junten suministros y su familia. Escuche las noticias locales, las redes sociales de LAFD, y www.lafd.org/alerts para obtener mapas y informacion.","SameCode":null,"Status":"Actual","MsgType":"Alert","Scope":"Public","Code":"IPAWSv1.0","Reference":null,"Language":"es-US","Category":"Geo","Event":"Fire Warning","ResponseType":null,"Urgency":"Immediate","Severity":"Extreme","Certainty":"Observed","EventCode":"SAME:FRW, SAME:FRW","SenderName":"200277,LA City Public Alerts,City of Los Angeles","Parameters":"BLOCKCHANNEL:CAPEXCH, BLOCKCHANNEL:NWEM, BLOCKCHANNEL:EAS, EAS-ORG:CIV, LAFD: Fire evacuation warning for Valley Circle/Saticoy/Woodlake/Burbank. lafd.org/alerts, LAFD: Evacuation Warning for Kenneth Fire at West Hills: Valley Circle/Ingomar/Woodlake/Burbank. Prepare to evacuate by gathering supplies, pets, and loved ones. Monitor local news, LAFD social media, and www.lafd.org/alerts for maps and info., WEAHandling:Imminent Threat, timezone:PST, BLOCKCHANNEL:CAPEXCH, BLOCKCHANNEL:NWEM, BLOCKCHANNEL:EAS, EAS-ORG:CIV, LAFD: Preparese para evacuar el area West Hills East of Evac Order. lafd.org/alerts, LAFD: Preparese para evacuar el incendio Kenneth Fire. Area con potencial de evacuacion es West Hills: Valley Circle/Ingomar/Woodlake/Burbank. Se aconseja que todos los presentes preparen para evacuar. Junten suministros y su familia. Escuche las noticias locales, las redes sociales de LAFD, y www.lafd.org/alerts para obtener mapas y informacion., WEAHandling:Imminent Threat, timezone:PST","Area":null,"Signature":null,"AreaDescription":"Los Angeles","FipsCode":"006037, 006037","GeoCodes":"","Circle":null,"CreateDate":1736437380000,"Shape__Area":0.001056654993817574,"Shape__Length":0.14144587744699802,"DateRange":null}},{"type":"Feature","id":178,"geometry":null,"properties":{"AlertID":178,"Identifier":"test-lac-954844-1736467014323","Sent":1736438220000,"Sender":"jfahey@ceooem.lacounty.gov","Effective":"2025-01-10T00:56:54+01:00","Onset":null,"Expires":1736524620000,"Headline":"Kenneth Fire Evacuation Warning","Description":"NEW: This is an emergency message from the Los Angeles County Fire Department. An EVACUATION WARNING has been issued in your area. Remain vigilant of any threats and be ready to evacuate. Gather loved ones, pets, and supplies. Continue to monitor local weather, news, and the webpage alertla.org for more information.","Instruction":"NEW: This is an emergency message from the Los Angeles County Fire Department. An EVACUATION WARNING has been issued in your area. Remain vigilant of any threats and be ready to evacuate. Gather loved ones, pets, and supplies. Continue to monitor local weather, news, and the webpage alertla.org for more information.","Web":null,"CMAMtext":"LACoFD: NEW: Fast Wildfire. EVACUATION WARNING. Prepare to leave. Alertla.org","CMAMlongtext":"NEW: This is an emergency message from the Los Angeles County Fire Department. An EVACUATION WARNING has been issued in your area. Remain vigilant of any threats and be ready to evacuate. Gather loved ones, pets, and supplies. Continue to monitor local weather, news, and the webpage alertla.org for more information.","CMAMtextSpanish":"LACoFD: NUEVA - Advertencia de evacuacion en su area. Mas informacion en alertla.org.","CMAMlongtextSpanish":"NUEVA: Este es un mensaje de emergencia del Departamento de Bomberos del Condado de Los Angeles. Se ha emitido una ADVERTENCIA DE EVACUACION en su area. Mantengase alerta y este listo para evacuar. Reuna a sus seres queridos, mascotas y suministros. Continue monitoreando el clima local, las noticias y la pagina web alertla.org para informacion","SameCode":null,"Status":"Actual","MsgType":"Alert","Scope":"Public","Code":"IPAWSv1.0","Reference":null,"Language":"es-US","Category":"Fire","Event":"Fire Warning","ResponseType":"Prepare","Urgency":"Immediate","Severity":"Extreme","Certainty":"Observed","EventCode":"SAME:FRW, SAME:FRW","SenderName":"Public Alert System","Parameters":"LACoFD: NEW: Fast Wildfire. EVACUATION WARNING. Prepare to leave. Alertla.org, NEW: This is an emergency message from the Los Angeles County Fire Department. An EVACUATION WARNING has been issued in your area. Remain vigilant of any threats and be ready to evacuate. Gather loved ones, pets, and supplies. Continue to monitor local weather, news, and the webpage alertla.org for more information., EAS-ORG:CIV, timezone:EST, WEAHandling:Imminent Threat, BLOCKCHANNEL:EAS, BLOCKCHANNEL:NWEM, LACoFD: NUEVA - Advertencia de evacuacion en su area. Mas informacion en alertla.org., NUEVA: Este es un mensaje de emergencia del Departamento de Bomberos del Condado de Los Angeles. Se ha emitido una ADVERTENCIA DE EVACUACION en su area. Mantengase alerta y este listo para evacuar. Reuna a sus seres queridos, mascotas y suministros. Continue monitoreando el clima local, las noticias y la pagina web alertla.org para informacion, EAS-ORG:CIV, timezone:EST, WEAHandling:Imminent Threat, BLOCKCHANNEL:EAS, BLOCKCHANNEL:NWEM","Area":null,"Signature":null,"AreaDescription":"Los Angeles","FipsCode":"006037, 006037","GeoCodes":"","Circle":null,"CreateDate":1736438220000,"Shape__Area":null,"Shape__Length":null,"DateRange":null}},{"type":"Feature","id":179,"geometry":{"type":"Polygon","coordinates":[[[-118.723495,34.0434740000001],[-118.719084,34.0437420000001],[-118.717485,34.0364470000001],[-118.714817,34.034928],[-118.713937,34.034995],[-118.715769001,34.0366330000001],[-118.715069,34.039745],[-118.713074,34.0407050000001],[-118.708502,34.0363580000001],[-118.709544,34.0344000000001],[-118.704109,34.034817],[-118.703139,34.0387470000001],[-118.698549,34.040668],[-118.699752,34.0448730000001],[-118.691147,34.045662],[-118.696941,34.0537600000001],[-118.694147,34.057779],[-118.69509,34.0621630000001],[-118.706893999,34.063405],[-118.708628,34.065593],[-118.708295,34.068361],[-118.750489,34.070906],[-118.784059,34.0707800000001],[-118.785083,34.1003680000001],[-118.76135,34.1010600000001],[-118.754451,34.0991040000001],[-118.754451001,34.104028],[-118.745782,34.1039680000001],[-118.745746,34.1105210000001],[-118.739745,34.1100680000001],[-118.736853,34.1075090000001],[-118.733107,34.107405],[-118.731508,34.1053890000001],[-118.728732,34.1065120000001],[-118.726298,34.104794],[-118.721294,34.1059320000001],[-118.721231,34.109651],[-118.716569,34.103931],[-118.711853,34.103909],[-118.711817,34.10983],[-118.706202,34.125886],[-118.708367,34.128764],[-118.70728,34.1362810000001],[-118.709706,34.1407570000001],[-118.704406,34.1434860000001],[-118.693994,34.1517010000001],[-118.663146,34.150222],[-118.638389,34.159023],[-118.632864001,34.1515370000001],[-118.630052,34.150764],[-118.628965,34.147278],[-118.614969,34.147278],[-118.614987,34.1492850000001],[-118.566029,34.13066],[-118.561115,34.13034],[-118.55383,34.1252390000001],[-118.538944999,34.1286900000001],[-118.527896,34.1296780000001],[-118.522003,34.1281910000001],[-118.509597,34.1312100000001],[-118.499482,34.126332],[-118.493068,34.1144780000001],[-118.495053,34.1117410000001],[-118.493643001,34.1049800000001],[-118.497873999,34.0945580000001],[-118.493589,34.078831],[-118.492098,34.077053],[-118.492682,34.0758470000001],[-118.476099,34.057102],[-118.493275,34.053887],[-118.494451,34.05053],[-118.483771,34.0414050000001],[-118.498934,34.029099],[-118.492322,34.023471],[-118.504099,34.0146480000001],[-118.525695,34.0302750000001],[-118.546069,34.0387170000001],[-118.555959,34.0377720000001],[-118.564008,34.040898],[-118.568966999,34.0415160000001],[-118.581759001,34.0375110000001],[-118.593778,34.0393800000001],[-118.603741,34.038777],[-118.609517,34.036417],[-118.622003001,34.037608],[-118.635487001,34.0360000000001],[-118.641712,34.037273],[-118.672929,34.038122],[-118.676082,34.037243],[-118.675058,34.0350470000001],[-118.677178,34.0367150000001],[-118.680079,34.031869],[-118.682693,34.0307070000001],[-118.69439,34.032546],[-118.706571,34.0295380000001],[-118.731211,34.032881],[-118.731122,34.043012],[-118.723495,34.0434740000001]]]},"properties":{"AlertID":179,"Identifier":"test-lac-955048-1736481054860","Sent":1736452260000,"Sender":"kharo@ceooem.lacounty.gov","Effective":"2025-01-10T04:50:54+01:00","Onset":null,"Expires":1736466660000,"Headline":"Alert from AlertLACounty","Description":"Los Angeles County Sheriff’s Department: ALL EVACUATION ORDER and WARNING AREAS for the Palisades Fire are under CURFEW ORDER from 6 p.m. tonight until 6 a.m. tomorrow. For additional information regarding the CURFEW ORDER, please visit AlertLA.org for additional information.","Instruction":"Los Angeles County Sheriff’s Department: ALL EVACUATION ORDER and WARNING AREAS for the Palisades Fire are under CURFEW ORDER from 6 p.m. tonight until 6 a.m. tomorrow. For additional information regarding the CURFEW ORDER, please visit AlertLA.org for additional information.","Web":null,"CMAMtext":"LASD: ALL EVAC AREAS Palisades Fire are under a CURFEW ORDER 6pm to 6am. AlertLA.org ","CMAMlongtext":"Los Angeles County Sheriff’s Department: ALL EVACUATION ORDER and WARNING AREAS for the Palisades Fire are under CURFEW ORDER from 6 p.m. tonight until 6 a.m. tomorrow. For additional information regarding the CURFEW ORDER, please visit AlertLA.org for additional information.","CMAMtextSpanish":"LASD: ORDEN DE TOQUE DE QUEDA en AREAS DE EVACACION Palisades Fire hasta 6am AlertLA.org","CMAMlongtextSpanish":"Departamento del Sheriff del Condado de Los Angeles: ORDEN DE TOQUE DE QUEDA, de 6 p.m. a 6 a.m. se impone en todas ZONAS DE ORDEN DE EVACUACION o ZONA DE ADVERTENCIA DE EVACUACION en las Ciudades de Los Angeles, Santa Monica, Malibu y las areas no incorporadas del Condado de Los Angeles. Para obtener mas informacion visite AlertLA.org.","SameCode":null,"Status":"Actual","MsgType":"Alert","Scope":"Public","Code":"IPAWSv1.0","Reference":null,"Language":"es-US","Category":"Security","Event":"Local Area Emergency","ResponseType":"Execute","Urgency":"Immediate","Severity":"Extreme","Certainty":"Observed","EventCode":"SAME:LAE, SAME:LAE","SenderName":"Public Alert System","Parameters":"LASD: ALL EVAC AREAS Palisades Fire are under a CURFEW ORDER 6pm to 6am. AlertLA.org , Los Angeles County Sheriff’s Department: ALL EVACUATION ORDER and WARNING AREAS for the Palisades Fire are under CURFEW ORDER from 6 p.m. tonight until 6 a.m. tomorrow. For additional information regarding the CURFEW ORDER, please visit AlertLA.org for additional information., EAS-ORG:CIV, timezone:EST, WEAHandling:Public Safety, BLOCKCHANNEL:EAS, BLOCKCHANNEL:NWEM, LASD: ORDEN DE TOQUE DE QUEDA en AREAS DE EVACACION Palisades Fire hasta 6am AlertLA.org, Departamento del Sheriff del Condado de Los Angeles: ORDEN DE TOQUE DE QUEDA, de 6 p.m. a 6 a.m. se impone en todas ZONAS DE ORDEN DE EVACUACION o ZONA DE ADVERTENCIA DE EVACUACION en las Ciudades de Los Angeles, Santa Monica, Malibu y las areas no incorporadas del Condado de Los Angeles. Para obtener mas informacion visite AlertLA.org., EAS-ORG:CIV, timezone:EST, WEAHandling:Public Safety, BLOCKCHANNEL:EAS, BLOCKCHANNEL:NWEM","Area":null,"Signature":null,"AreaDescription":"Los Angeles","FipsCode":"006037, 006037","GeoCodes":"","Circle":null,"CreateDate":1736452260000,"Shape__Area":0.025550004178057861,"Shape__Length":0.98595892342275382,"DateRange":null}},{"type":"Feature","id":180,"geometry":{"type":"Polygon","coordinates":[[[-118.226286,34.2064050000001],[-118.227454,34.2065240000001],[-118.227616,34.2059600000001],[-118.227885,34.2060040000001],[-118.228604,34.206286],[-118.228353,34.206784],[-118.228649,34.206873],[-118.228909,34.206398],[-118.229368,34.2065610000001],[-118.229125,34.2070220000001],[-118.229422,34.2071330000001],[-118.229673,34.206673],[-118.230841,34.207096],[-118.230706,34.207639],[-118.230967,34.207141],[-118.231515,34.207341],[-118.231937,34.207572],[-118.232233,34.208292],[-118.233132,34.207817],[-118.23527,34.209147],[-118.235234,34.2130470000001],[-118.237677,34.2145550000001],[-118.237578,34.215402],[-118.239537,34.2166050000001],[-118.239528,34.217519],[-118.239842,34.21766],[-118.239977,34.2166940000001],[-118.243471,34.2190410000001],[-118.243462,34.218484],[-118.244352,34.218507],[-118.244352,34.2210020000001],[-118.248735,34.223283],[-118.248636001,34.2440780000001],[-118.247648,34.243863],[-118.247478,34.2441890000001],[-118.247154,34.2440780000001],[-118.245465001,34.246454],[-118.244145,34.245934],[-118.243768,34.246721],[-118.243426,34.2467070000001],[-118.243372,34.252417],[-118.221552,34.2516670000001],[-118.221624,34.242734],[-118.222738,34.242734],[-118.223223,34.2419390000001],[-118.223789,34.2417610000001],[-118.223457,34.241471],[-118.223672,34.2407880000001],[-118.224704999,34.239875],[-118.224571,34.239021],[-118.22493,34.2383370000001],[-118.224705,34.237602],[-118.226197,34.236206],[-118.226259,34.235107],[-118.227823,34.23328],[-118.227293,34.2328420000001],[-118.22731,34.2312900000001],[-118.226763,34.2312380000001],[-118.227355,34.2304580000001],[-118.22652,34.2290170000001],[-118.227715,34.2282520000001],[-118.227742,34.227858],[-118.226798,34.2259940000001],[-118.226879,34.224501],[-118.228559,34.2220130000001],[-118.228568,34.2210920000001],[-118.229600999,34.2208460000001],[-118.229907,34.220059],[-118.231856,34.218328],[-118.230778,34.2176000000001],[-118.230778,34.217296],[-118.228963,34.21734],[-118.228963,34.2168800000001],[-118.228047,34.2170580000001],[-118.226349,34.21639],[-118.226376,34.2143990000001],[-118.226008,34.214079],[-118.222001,34.2130540000001],[-118.222091,34.2056470000001],[-118.223394,34.2059600000001],[-118.223385,34.205425],[-118.225702,34.2057140000001],[-118.225559,34.20642],[-118.226286,34.2064050000001]]]},"properties":{"AlertID":180,"Identifier":"test-lac-955150-1736482280699","Sent":1736453460000,"Sender":"kharo@ceooem.lacounty.gov","Effective":"2025-01-10T05:11:20+01:00","Onset":null,"Expires":1736467860000,"Headline":"Alert from AlertLACounty","Description":"Los Angeles Sheriff’s Department: A CURFEW ORDER, from 6:00 p.m. to 6:00 a.m. is imposed in any Evacuation Order Zone and any Evacuation Warning Zone within all Unincorporated Areas of Los Angeles County within the EATON FIRE EVACUATION AREAS, including the Altadena Area. For additional information on the Curfew Order, visit AlertLA.org. ","Instruction":"Los Angeles Sheriff’s Department: A CURFEW ORDER, from 6:00 p.m. to 6:00 a.m. is imposed in any Evacuation Order Zone and any Evacuation Warning Zone within all Unincorporated Areas of Los Angeles County within the EATON FIRE EVACUATION AREAS, including the Altadena Area. For additional information on the Curfew Order, visit AlertLA.org. ","Web":null,"CMAMtext":"LASD: PARTS of the EATON FIRE are under a CURFEW ORDER 6pm to 6am. Visit AlertLA.org","CMAMlongtext":"Los Angeles Sheriff’s Department: A CURFEW ORDER, from 6:00 p.m. to 6:00 a.m. is imposed in any Evacuation Order Zone and any Evacuation Warning Zone within all Unincorporated Areas of Los Angeles County within the EATON FIRE EVACUATION AREAS, including the Altadena Area. For additional information on the Curfew Order, visit AlertLA.org. ","CMAMtextSpanish":"LASD: ORDEN DE TOQUE DE QUEDA en AREAS DE EVACACION EATON FIRE hasta 6am AlertLA.org","CMAMlongtextSpanish":"Departamento del Sheriff de Los Angeles: ORDEN DE TOQUE DE QUEDA, de 6pm a 6am se impone en cualquier Zona de Orden de Evacuacion y cualquier Zona de Advertencia de Evacuacion dentro todas las Areas No Incorporadas del Condado de Los Angeles dentro de las AREAS DE EATON FIRE, incluida el Area de Altadena. Para obtener informacion, visite AlertLA.org.","SameCode":null,"Status":"Actual","MsgType":"Alert","Scope":"Public","Code":"IPAWSv1.0","Reference":null,"Language":"es-US","Category":"Security","Event":"Local Area Emergency","ResponseType":"Execute","Urgency":"Immediate","Severity":"Extreme","Certainty":"Observed","EventCode":"SAME:LAE, SAME:LAE","SenderName":"Public Alert System","Parameters":"LASD: PARTS of the EATON FIRE are under a CURFEW ORDER 6pm to 6am. Visit AlertLA.org, Los Angeles Sheriff’s Department: A CURFEW ORDER, from 6:00 p.m. to 6:00 a.m. is imposed in any Evacuation Order Zone and any Evacuation Warning Zone within all Unincorporated Areas of Los Angeles County within the EATON FIRE EVACUATION AREAS, including the Altadena Area. For additional information on the Curfew Order, visit AlertLA.org. , EAS-ORG:CIV, timezone:EST, WEAHandling:Public Safety, BLOCKCHANNEL:EAS, BLOCKCHANNEL:NWEM, LASD: ORDEN DE TOQUE DE QUEDA en AREAS DE EVACACION EATON FIRE hasta 6am AlertLA.org, Departamento del Sheriff de Los Angeles: ORDEN DE TOQUE DE QUEDA, de 6pm a 6am se impone en cualquier Zona de Orden de Evacuacion y cualquier Zona de Advertencia de Evacuacion dentro todas las Areas No Incorporadas del Condado de Los Angeles dentro de las AREAS DE EATON FIRE, incluida el Area de Altadena. Para obtener informacion, visite AlertLA.org., EAS-ORG:CIV, timezone:EST, WEAHandling:Public Safety, BLOCKCHANNEL:EAS, BLOCKCHANNEL:NWEM","Area":null,"Signature":null,"AreaDescription":"Los Angeles","FipsCode":"006037, 006037","GeoCodes":"","Circle":null,"CreateDate":1736453520000,"Shape__Area":0.00087595812988183752,"Shape__Length":0.16231075205020443,"DateRange":null}},{"type":"Feature","id":181,"geometry":{"type":"Polygon","coordinates":[[[-118.543445,34.316674],[-118.543097,34.318297],[-118.543671,34.319258],[-118.543805,34.3203760000001],[-118.544255,34.3207570000001],[-118.543995,34.3216410000001],[-118.544391,34.322281],[-118.545939,34.323177],[-118.547405,34.3246100000001],[-118.547337,34.325092],[-118.547857,34.326803],[-118.547574,34.3275130000001],[-118.546712,34.3279650000001],[-118.545601,34.3289340000001],[-118.545021,34.3300830000001],[-118.545396,34.3304840000001],[-118.545432,34.331511],[-118.545908,34.3318560000001],[-118.545496,34.3329840000001],[-118.546114,34.333872],[-118.546077,34.334527],[-118.545803,34.334709],[-118.544541,34.334598],[-118.543255,34.3341330000001],[-118.543926,34.3345340000001],[-118.544218,34.334998],[-118.544389,34.336572],[-118.544677,34.3368990000001],[-118.543777,34.3373300000001],[-118.54421,34.3378710000001],[-118.544317,34.33862],[-118.543907,34.3386170000001],[-118.543679999,34.3380520000001],[-118.5431,34.3376240000001],[-118.542011,34.337341],[-118.541139,34.336513],[-118.541182,34.337231],[-118.541846,34.3378310000001],[-118.541919,34.3381450000001],[-118.541493,34.3387730000001],[-118.541095,34.338915],[-118.540369,34.3387290000001],[-118.540191,34.3384090000001],[-118.539923,34.3383600000001],[-118.540149999,34.3392930000001],[-118.539784,34.339686],[-118.539957,34.3400120000001],[-118.540461,34.3401880000001],[-118.541021,34.3414100000001],[-118.540932999,34.342088],[-118.541263,34.342543],[-118.541296,34.3431860000001],[-118.542053,34.343913],[-118.54312,34.3444680000001],[-118.543626,34.345444],[-118.543659,34.345803],[-118.5429,34.3460620000001],[-118.543097001,34.347],[-118.544072,34.3472860000001],[-118.54472,34.3481110000001],[-118.545557,34.349344],[-118.545805,34.350558],[-118.545099999,34.350405],[-118.544053,34.351101],[-118.534513,34.347407],[-118.532732,34.346324],[-118.529686,34.343371],[-118.526985,34.341934],[-118.520052,34.340762],[-118.511065,34.336867],[-118.507504,34.335899],[-118.523604,34.322184],[-118.523754,34.3222470000001],[-118.534007,34.3145200000001],[-118.543445,34.316674]]]},"properties":{"AlertID":181,"Identifier":"test-lac-955213-1736484014702","Sent":1736455200000,"Sender":"kharo@ceooem.lacounty.gov","Effective":"2025-01-10T05:40:14+01:00","Onset":null,"Expires":1736469600000,"Headline":"Alert from AlertLACounty","Description":"Los Angeles Sheriff’s Department: A CURFEW ORDER, from 6:00 p.m. to 6:00 a.m. is imposed in any Evacuation Warning Area within the HURST FIRE EVACUATION AREAS. For additional information on the Curfew Order, please visit AlertLA.org. ","Instruction":"Los Angeles Sheriff’s Department: A CURFEW ORDER, from 6:00 p.m. to 6:00 a.m. is imposed in any Evacuation Warning Area within the HURST FIRE EVACUATION AREAS. For additional information on the Curfew Order, please visit AlertLA.org. ","Web":null,"CMAMtext":"LASD: ALL EVAC AREAS HURST FIRE are under a CURFEW ORDER 6pm to 6am. AlertLA.org ","CMAMlongtext":"Los Angeles Sheriff’s Department: A CURFEW ORDER, from 6:00 p.m. to 6:00 a.m. is imposed in any Evacuation Warning Area within the HURST FIRE EVACUATION AREAS. For additional information on the Curfew Order, please visit AlertLA.org. ","CMAMtextSpanish":"LASD: ORDEN DE TOQUE DE QUEDA en AREAS DE EVACACION HURST FIRE hasta 6am AlertLA.org","CMAMlongtextSpanish":"Departamento del Sheriff de Los Angeles: ORDEN DE TOQUE DE QUEDA, de 6:00 p.m. a 6:00 a.m. se impone en cualquier Area de Advertencia de Evacuacion dentro de las AREAS DE EVACUACION DE HURST FIRE. Para obtener informacion adicional sobre la orden de toque de queda, visite AlertLA.org.","SameCode":null,"Status":"Actual","MsgType":"Alert","Scope":"Public","Code":"IPAWSv1.0","Reference":null,"Language":"es-US","Category":"Security","Event":"Local Area Emergency","ResponseType":"Execute","Urgency":"Immediate","Severity":"Extreme","Certainty":"Observed","EventCode":"SAME:LAE, SAME:LAE","SenderName":"Public Alert System","Parameters":"LASD: ALL EVAC AREAS HURST FIRE are under a CURFEW ORDER 6pm to 6am. AlertLA.org , Los Angeles Sheriff’s Department: A CURFEW ORDER, from 6:00 p.m. to 6:00 a.m. is imposed in any Evacuation Warning Area within the HURST FIRE EVACUATION AREAS. For additional information on the Curfew Order, please visit AlertLA.org. , EAS-ORG:CIV, timezone:EST, WEAHandling:Public Safety, BLOCKCHANNEL:EAS, BLOCKCHANNEL:NWEM, LASD: ORDEN DE TOQUE DE QUEDA en AREAS DE EVACACION HURST FIRE hasta 6am AlertLA.org, Departamento del Sheriff de Los Angeles: ORDEN DE TOQUE DE QUEDA, de 6:00 p.m. a 6:00 a.m. se impone en cualquier Area de Advertencia de Evacuacion dentro de las AREAS DE EVACUACION DE HURST FIRE. Para obtener informacion adicional sobre la orden de toque de queda, visite AlertLA.org., EAS-ORG:CIV, timezone:EST, WEAHandling:Public Safety, BLOCKCHANNEL:EAS, BLOCKCHANNEL:NWEM","Area":null,"Signature":null,"AreaDescription":"Los Angeles","FipsCode":"006037, 006037","GeoCodes":"","Circle":null,"CreateDate":1736455260000,"Shape__Area":0.00076049139556744194,"Shape__Length":0.14106233429490828,"DateRange":null}},{"type":"Feature","id":182,"geometry":{"type":"Polygon","coordinates":[[[-118.477285,34.3231640000001],[-118.479486,34.3229930000001],[-118.481659,34.322229],[-118.482719,34.321465],[-118.485998,34.3180150000001],[-118.487247,34.317369],[-118.488594,34.3171540000001],[-118.490005,34.317325],[-118.491011,34.317733],[-118.4919,34.318816],[-118.492727,34.319462],[-118.500722,34.323854],[-118.501593,34.324692],[-118.501988,34.325426],[-118.502482,34.3274960000001],[-118.504108,34.330627],[-118.505097,34.3341500000001],[-118.506462,34.336443],[-118.506696,34.3373100000001],[-118.506624,34.3380520000001],[-118.505627,34.3416720000001],[-118.504019,34.3460630000001],[-118.503767,34.3472640000001],[-118.503758,34.348666],[-118.503964999,34.3499790000001],[-118.506157,34.3563270000001],[-118.506381001,34.3577070000001],[-118.506282,34.359108],[-118.505914,34.3605170000001],[-118.504441,34.36335],[-118.503929,34.363031],[-118.501791,34.363009],[-118.497703,34.362623],[-118.497658,34.361526],[-118.496949,34.3615110000001],[-118.49747,34.3669170000001],[-118.484813,34.366746],[-118.47591,34.3662790000001],[-118.46637,34.3655220000001],[-118.465607,34.3301000000001],[-118.45957,34.3300330000001],[-118.458618,34.3282750000001],[-118.458716,34.3257600000001],[-118.457764,34.3234830000001],[-118.462489,34.3239060000001],[-118.477285,34.3231640000001]]]},"properties":{"AlertID":182,"Identifier":"test-lac-955225-1736484254853","Sent":1736455440000,"Sender":"kharo@ceooem.lacounty.gov","Effective":"2025-01-10T05:44:14+01:00","Onset":null,"Expires":1736469840000,"Headline":"Alert from AlertLACounty","Description":"Los Angeles Sheriff’s Department: A CURFEW ORDER, from 6:00 p.m. to 6:00 a.m. is imposed in any Evacuation Warning Area within the HURST FIRE EVACUATION AREAS. For additional information on the Curfew Order, please visit AlertLA.org. ","Instruction":"Los Angeles Sheriff’s Department: A CURFEW ORDER, from 6:00 p.m. to 6:00 a.m. is imposed in any Evacuation Warning Area within the HURST FIRE EVACUATION AREAS. For additional information on the Curfew Order, please visit AlertLA.org. ","Web":null,"CMAMtext":"LASD: ALL EVAC AREAS HURST FIRE are under a CURFEW ORDER 6pm to 6am. AlertLA.org ","CMAMlongtext":"Los Angeles Sheriff’s Department: A CURFEW ORDER, from 6:00 p.m. to 6:00 a.m. is imposed in any Evacuation Warning Area within the HURST FIRE EVACUATION AREAS. For additional information on the Curfew Order, please visit AlertLA.org. ","CMAMtextSpanish":"LASD: ORDEN DE TOQUE DE QUEDA en AREAS DE EVACACION HURST FIRE hasta 6am AlertLA.org","CMAMlongtextSpanish":"Departamento del Sheriff de Los Angeles: ORDEN DE TOQUE DE QUEDA, de 6:00 p.m. a 6:00 a.m. se impone en cualquier Area de Advertencia de Evacuacion dentro de las AREAS DE EVACUACION DE HURST FIRE. Para obtener informacion adicional sobre la orden de toque de queda, visite AlertLA.org.","SameCode":null,"Status":"Actual","MsgType":"Alert","Scope":"Public","Code":"IPAWSv1.0","Reference":null,"Language":"es-US","Category":"Security","Event":"Local Area Emergency","ResponseType":"Execute","Urgency":"Immediate","Severity":"Extreme","Certainty":"Observed","EventCode":"SAME:LAE, SAME:LAE","SenderName":"Public Alert System","Parameters":"LASD: ALL EVAC AREAS HURST FIRE are under a CURFEW ORDER 6pm to 6am. AlertLA.org , Los Angeles Sheriff’s Department: A CURFEW ORDER, from 6:00 p.m. to 6:00 a.m. is imposed in any Evacuation Warning Area within the HURST FIRE EVACUATION AREAS. For additional information on the Curfew Order, please visit AlertLA.org. , EAS-ORG:CIV, timezone:EST, WEAHandling:Public Safety, BLOCKCHANNEL:EAS, BLOCKCHANNEL:NWEM, LASD: ORDEN DE TOQUE DE QUEDA en AREAS DE EVACACION HURST FIRE hasta 6am AlertLA.org, Departamento del Sheriff de Los Angeles: ORDEN DE TOQUE DE QUEDA, de 6:00 p.m. a 6:00 a.m. se impone en cualquier Area de Advertencia de Evacuacion dentro de las AREAS DE EVACUACION DE HURST FIRE. Para obtener informacion adicional sobre la orden de toque de queda, visite AlertLA.org., EAS-ORG:CIV, timezone:EST, WEAHandling:Public Safety, BLOCKCHANNEL:EAS, BLOCKCHANNEL:NWEM","Area":null,"Signature":null,"AreaDescription":"Los Angeles","FipsCode":"006037, 006037","GeoCodes":"","Circle":null,"CreateDate":1736455500000,"Shape__Area":0.0017540866085710149,"Shape__Length":0.18289282290847414,"DateRange":null}},{"type":"Feature","id":183,"geometry":{"type":"Polygon","coordinates":[[[-118.5062,34.2787000000001],[-118.5107,34.2787000000001],[-118.5152,34.2793],[-118.5195,34.2805000000001],[-118.5235,34.2822],[-118.5272,34.2844000000001],[-118.5304,34.287],[-118.5331,34.2900000000001],[-118.5351,34.2934000000001],[-118.5366,34.2969000000001],[-118.5373,34.3006],[-118.5373,34.3044],[-118.5366,34.3081],[-118.5351,34.3117],[-118.5331,34.3150000000001],[-118.5304,34.318],[-118.5272,34.3207],[-118.5235,34.3229000000001],[-118.5195,34.3246],[-118.5152,34.3257],[-118.5107,34.3263000000001],[-118.5062,34.3263000000001],[-118.5017,34.3257],[-118.4974,34.3246],[-118.4933,34.3229000000001],[-118.4897,34.3207],[-118.4864,34.318],[-118.4838,34.3150000000001],[-118.4817,34.3117],[-118.4803,34.3081],[-118.4796,34.3044],[-118.4796,34.3006],[-118.4803,34.2969000000001],[-118.4817,34.2934000000001],[-118.4838,34.2900000000001],[-118.4864,34.287],[-118.4897,34.2844000000001],[-118.4933,34.2822],[-118.4974,34.2805000000001],[-118.5017,34.2793],[-118.5062,34.2787000000001]]]},"properties":{"AlertID":183,"Identifier":"1892054963896792","Sent":1736507520000,"Sender":"200277_LA_City_Public_Alerts_Los_Angeles_Fire_Department","Effective":null,"Onset":null,"Expires":1736521920000,"Headline":"Wildfire Evacuate Order: Archer Fire Fire","Description":null,"Instruction":"LAFD: Evacuate now. Evacuation order for Archer Fire Fire for Granada Hills: 5 fwy/Tampa/Sesnon/City Border. All in that area must evacuate now. Gather people and pets and leave immediately.  All others shelter in place. Info & map: www.lafd.org/alerts\n\nLAFD: Evacue ahora. Orden de evacuacion para el incendio Archer Fire. Granada Hills: 5 fwy/Tampa/Sesnon/City Border evacuan inmediatamente. Reuna personas y mascotas y salga inmediatamente. Todos afuera del area peligrosa deben refugiarse en lugar. Informacion y mapa: www.lafd.org/alerts","Web":"https://www.lafd.org/alerts","CMAMtext":"LAFD: Evacuate now from wildfire: 5 fwy/Tampa/Sesnon/City Border. Map: lafd.org/alerts","CMAMlongtext":"LAFD: Evacuate now. Evacuation order for Archer Fire Fire for Granada Hills: 5 fwy/Tampa/Sesnon/City Border. All in that area must evacuate now. Gather people and pets and leave immediately.  All others shelter in place. Info & map: www.lafd.org/alerts","CMAMtextSpanish":"LAFD:Evacue inmediatamente. 5 fwy/Tampa/Sesnon/City Border Incendio Mapa:lafd.org/alerts","CMAMlongtextSpanish":"LAFD: Evacue ahora. Orden de evacuacion para el incendio Archer Fire. Granada Hills: 5 fwy/Tampa/Sesnon/City Border evacuan inmediatamente. Reuna personas y mascotas y salga inmediatamente. Todos afuera del area peligrosa deben refugiarse en lugar. Informacion y mapa: www.lafd.org/alerts","SameCode":null,"Status":"Actual","MsgType":"Alert","Scope":"Public","Code":"IPAWSv1.0","Reference":null,"Language":"es-US","Category":"Geo","Event":"Fire Warning","ResponseType":null,"Urgency":"Immediate","Severity":"Extreme","Certainty":"Observed","EventCode":"SAME:FRW, SAME:FRW","SenderName":"200277,LA City Public Alerts,Los Angeles Fire Department","Parameters":"BLOCKCHANNEL:CAPEXCH, BLOCKCHANNEL:NWEM, BLOCKCHANNEL:EAS, EAS-ORG:CIV, LAFD: Evacuate now from wildfire: 5 fwy/Tampa/Sesnon/City Border. Map: lafd.org/alerts, LAFD: Evacuate now. Evacuation order for Archer Fire Fire for Granada Hills: 5 fwy/Tampa/Sesnon/City Border. All in that area must evacuate now. Gather people and pets and leave immediately.  All others shelter in place. Info & map: www.lafd.org/alerts, WEAHandling:Imminent Threat, timezone:PST, BLOCKCHANNEL:CAPEXCH, BLOCKCHANNEL:NWEM, BLOCKCHANNEL:EAS, EAS-ORG:CIV, LAFD:Evacue inmediatamente. 5 fwy/Tampa/Sesnon/City Border Incendio Mapa:lafd.org/alerts, LAFD: Evacue ahora. Orden de evacuacion para el incendio Archer Fire. Granada Hills: 5 fwy/Tampa/Sesnon/City Border evacuan inmediatamente. Reuna personas y mascotas y salga inmediatamente. Todos afuera del area peligrosa deben refugiarse en lugar. Informacion y mapa: www.lafd.org/alerts, WEAHandling:Imminent Threat, timezone:PST","Area":null,"Signature":null,"AreaDescription":"Los Angeles","FipsCode":"006037, 006037","GeoCodes":"","Circle":null,"CreateDate":1736507580000,"Shape__Area":0.0021600049992684944,"Shape__Length":0.16608235715519173,"DateRange":null}},{"type":"Feature","id":184,"geometry":{"type":"Polygon","coordinates":[[[-118.502,34.3103],[-118.5015,34.2893],[-118.5018,34.2791],[-118.5094,34.2788],[-118.531500001,34.2778000000001],[-118.5367,34.2762000000001],[-118.5431,34.275],[-118.557,34.2749000000001],[-118.5619,34.2846000000001],[-118.5521,34.2966000000001],[-118.5408,34.2989000000001],[-118.5367,34.2986000000001],[-118.5291,34.2984000000001],[-118.5234,34.3007000000001],[-118.5189,34.3019],[-118.5138,34.3028],[-118.5124,34.3049],[-118.5104,34.3088000000001],[-118.5069,34.3101],[-118.502,34.3103]]]},"properties":{"AlertID":184,"Identifier":"1891677006787210","Sent":1736508540000,"Sender":"200277_LA_City_Public_Alerts_City_of_Los_Angeles","Effective":null,"Onset":null,"Expires":1736522940000,"Headline":"Wildfire Evacuation Warning-Archer Fire","Description":null,"Instruction":"LAFD:  Evacuation Warning for Archer Fire at Granada Hills- Tampa/Rinaldi/Balboa/Sesnon. Prepare to evacuate by gathering supplies, pets, and loved ones. Monitor local news, LAFD social media, and www.lafd.org/alerts for maps and info.\n\nLAFD: Preparese para evacuar el incendio Archer Fire. Area con potencial de evacuacion es Granada Hills- Tampa/Rinaldi/Balboa/Sesnon. Se aconseja que todos los presentes preparen para evacuar. Junten suministros y su familia. Escuche las noticias locales, las redes sociales de LAFD, y www.lafd.org/alerts para obtener mapas y informacion.","Web":"https://www.lafd.org/alerts","CMAMtext":"LAFD: Wildfire evacuation warning for Tampa/Rinaldi/Balboa/Sesnon. lafd.org/alerts","CMAMlongtext":"LAFD: Evacuation Warning for Archer Fire at Granada Hills- Tampa/Rinaldi/Balboa/Sesnon. Prepare to evacuate by gathering supplies, pets, and loved ones. Monitor local news, LAFD social media, and www.lafd.org/alerts for maps and info.","CMAMtextSpanish":"LAFD: Preparese para evacuar el area Tampa/Rinaldi/Balboa/Sesnon. lafd.org/alerts","CMAMlongtextSpanish":"LAFD: Preparese para evacuar el incendio Archer Fire. Area con potencial de evacuacion es Granada Hills- Tampa/Rinaldi/Balboa/Sesnon. Se aconseja que todos los presentes preparen para evacuar. Junten suministros y su familia. Escuche las noticias locales, las redes sociales de LAFD, y www.lafd.org/alerts para obtener mapas y informacion.","SameCode":null,"Status":"Actual","MsgType":"Alert","Scope":"Public","Code":"IPAWSv1.0","Reference":null,"Language":"es-US","Category":"Geo","Event":"Fire Warning","ResponseType":null,"Urgency":"Immediate","Severity":"Extreme","Certainty":"Observed","EventCode":"SAME:FRW, SAME:FRW","SenderName":"200277,LA City Public Alerts,City of Los Angeles","Parameters":"BLOCKCHANNEL:CAPEXCH, BLOCKCHANNEL:NWEM, BLOCKCHANNEL:EAS, EAS-ORG:CIV, LAFD: Wildfire evacuation warning for Tampa/Rinaldi/Balboa/Sesnon. lafd.org/alerts, LAFD: Evacuation Warning for Archer Fire at Granada Hills- Tampa/Rinaldi/Balboa/Sesnon. Prepare to evacuate by gathering supplies, pets, and loved ones. Monitor local news, LAFD social media, and www.lafd.org/alerts for maps and info., WEAHandling:Imminent Threat, timezone:PST, BLOCKCHANNEL:CAPEXCH, BLOCKCHANNEL:NWEM, BLOCKCHANNEL:EAS, EAS-ORG:CIV, LAFD: Preparese para evacuar el area Tampa/Rinaldi/Balboa/Sesnon. lafd.org/alerts, LAFD: Preparese para evacuar el incendio Archer Fire. Area con potencial de evacuacion es Granada Hills- Tampa/Rinaldi/Balboa/Sesnon. Se aconseja que todos los presentes preparen para evacuar. Junten suministros y su familia. Escuche las noticias locales, las redes sociales de LAFD, y www.lafd.org/alerts para obtener mapas y informacion., WEAHandling:Imminent Threat, timezone:PST","Area":null,"Signature":null,"AreaDescription":"Los Angeles","FipsCode":"006037, 006037","GeoCodes":"","Circle":null,"CreateDate":1736508600000,"Shape__Area":0.0013507149988072342,"Shape__Length":0.16792438167493448,"DateRange":null}},{"type":"Feature","id":185,"geometry":{"type":"Polygon","coordinates":[[[-118.568,34.1324000000001],[-118.6152,34.1496000000001],[-118.6049,34.1535000000001],[-118.5953,34.1462000000001],[-118.5881,34.1474000000001],[-118.5733,34.1486],[-118.5652,34.1569000000001],[-118.5649,34.1473],[-118.5633,34.1393],[-118.5561,34.1419000000001],[-118.5455,34.1474000000001],[-118.5324,34.1474000000001],[-118.5266,34.1393],[-118.5189,34.1510000000001],[-118.5096,34.1504],[-118.506199999,34.1324000000001],[-118.4778,34.1301],[-118.4765,34.1263000000001],[-118.4827,34.1193000000001],[-118.4827,34.1098000000001],[-118.4772,34.1027],[-118.4777,34.0948000000001],[-118.4756,34.0865000000001],[-118.4864,34.0852],[-118.4806,34.0731000000001],[-118.4744,34.0624],[-118.4705,34.0644],[-118.4679,34.0545000000001],[-118.4837,34.042],[-118.494500001,34.0505000000001],[-118.5034,34.0418],[-118.4974,34.0550000000001],[-118.4796,34.0596],[-118.488300001,34.0715000000001],[-118.5144,34.1339],[-118.568,34.1324000000001]]]},"properties":{"AlertID":185,"Identifier":"1892054963900352","Sent":1736524440000,"Sender":"200277_LA_City_Public_Alerts_City_of_Los_Angeles","Effective":null,"Onset":null,"Expires":1736538840000,"Headline":"Wildfire Evacuation Warning-Palisades Fire","Description":null,"Instruction":"LAFD: Evacuation Warning for Palisades Fire at perimeter of the fire. Be prepared to evacuate if the fire shifts in your direction. Prepare to evacuate by gathering supplies, pets, and loved ones. Monitor local news, LAFD social media, and www.lafd.org/alerts for maps and info.\n\nLAFD: Preparese para evacuar el incendio Palisades Fire. Area con potencial de evacuacion es perimeter of the Palisades Fire. Se aconseja que todos los presentes preparen para evacuar. Junten suministros y su familia. Escuche las noticias locales, las redes sociales de LAFD, y www.lafd.org/alerts para obtener mapas y informacion.","Web":"https://www.lafd.org/alerts","CMAMtext":"LAFD: Wildfire evacuation warning for perimeter of the Palisades Fire. lafd.org/alerts","CMAMlongtext":"LAFD: Evacuation Warning for Palisades Fire at the perimeter of the fire. Be prepared to evacuate if the fire shifts in your direction. Prepare to evacuate by gathering supplies, pets, and loved ones. Monitor local news, LAFD social media, and www.lafd.org/alerts for maps and info.","CMAMtextSpanish":"LAFD: Preparese para evacuar el area perimeter of the Palisades Fire. lafd.org/alerts","CMAMlongtextSpanish":"LAFD: Preparese para evacuar el incendio Palisades Fire. Area con potencial de evacuacion esen el perímetro del incendio. Se aconseja que todos los presentes preparen para evacuar. Junten suministros y su familia. Escuche las noticias locales, las redes sociales de LAFD, y www.lafd.org/alerts para obtener mapas y informacion.","SameCode":null,"Status":"Actual","MsgType":"Alert","Scope":"Public","Code":"IPAWSv1.0","Reference":null,"Language":"es-US","Category":"Geo","Event":"Fire Warning","ResponseType":null,"Urgency":"Immediate","Severity":"Extreme","Certainty":"Observed","EventCode":"SAME:FRW, SAME:FRW","SenderName":"200277,LA City Public Alerts,City of Los Angeles","Parameters":"BLOCKCHANNEL:CAPEXCH, BLOCKCHANNEL:NWEM, BLOCKCHANNEL:EAS, EAS-ORG:CIV, LAFD: Wildfire evacuation warning for perimeter of the Palisades Fire. lafd.org/alerts, LAFD: Evacuation Warning for Palisades Fire at the perimeter of the fire. Be prepared to evacuate if the fire shifts in your direction. Prepare to evacuate by gathering supplies, pets, and loved ones. Monitor local news, LAFD social media, and www.lafd.org/alerts for maps and info., WEAHandling:Imminent Threat, timezone:PST, BLOCKCHANNEL:CAPEXCH, BLOCKCHANNEL:NWEM, BLOCKCHANNEL:EAS, EAS-ORG:CIV, LAFD: Preparese para evacuar el area perimeter of the Palisades Fire. lafd.org/alerts, LAFD: Preparese para evacuar el incendio Palisades Fire. Area con potencial de evacuacion esen el perímetro del incendio. Se aconseja que todos los presentes preparen para evacuar. Junten suministros y su familia. Escuche las noticias locales, las redes sociales de LAFD, y www.lafd.org/alerts para obtener mapas y informacion., WEAHandling:Imminent Threat, timezone:PST","Area":null,"Signature":null,"AreaDescription":"Los Angeles","FipsCode":"006037, 006037","GeoCodes":"","Circle":null,"CreateDate":1736524500000,"Shape__Area":0.0028738700468693423,"Shape__Length":0.55244333995046047,"DateRange":null}},{"type":"Feature","id":186,"geometry":{"type":"Polygon","coordinates":[[[-118.480500001,34.1303],[-118.5063,34.1322000000001],[-118.5092,34.1481000000001],[-118.4973,34.1468],[-118.494,34.1504],[-118.4811,34.1481000000001],[-118.479,34.1441],[-118.4787,34.1411000000001],[-118.4799,34.1382],[-118.4846,34.1372000000001],[-118.4875,34.1347000000001],[-118.4824,34.1344],[-118.4799,34.1326],[-118.480500001,34.1303]]]},"properties":{"AlertID":186,"Identifier":"1892054963901779","Sent":1736531880000,"Sender":"200277_LA_City_Public_Alerts_City_of_Los_Angeles","Effective":null,"Onset":null,"Expires":1736546280000,"Headline":"Wildfire Evacuation Warning-Palisades Fire","Description":null,"Instruction":"LAFD: Evacuation Warning for Palisades Fire. People in the north east of the fire in the area of Sepulveda/Sapphire to Mulholland to Escalon to Action Rd/High Valley-Prepare to evacuate by gathering supplies, pets, and loved ones. Monitor local news, LAFD social media, and www.lafd.org/alerts for maps and info.\n\nLAFD: Preparese para evacuar el incendio Palisades Fire. Area con potencial de evacuacion es Sepulveda/Sapphire-Mulholland-Escalon-Action Rd/High Valley. Se aconseja que todos los presentes preparen para evacuar. Junten suministros y su familia. Escuche las noticias locales, las redes sociales de LAFD, y www.lafd.org/alerts para obtener mapas y informacion.","Web":"https://www.lafd.org/alerts","CMAMtext":"LAFD: Wildfire evacuation warning for North of Mulholland to Action Rd. lafd.org/alerts","CMAMlongtext":"LAFD: Evacuation Warning for Palisades Fire. People in the north east of the Palisades fire in the area of Sepulveda/Sapphire to Mulholland to Escalon to Action Rd/High Valley-Prepare to evacuate by gathering supplies, pets, and loved ones. Monitor local news, LAFD social media, and www.lafd.org/alerts for maps and info.","CMAMtextSpanish":"LAFD: Preparese para evacuar el area Norte de Mulholland to Action Rd. lafd.org/alerts","CMAMlongtextSpanish":"LAFD: Preparese para evacuar el incendio Palisades Fire. Area con potencial de evacuacion es Sepulveda/Sapphire-Mulholland-Escalon-Action Rd/High Valley. Se aconseja que todos los presentes preparen para evacuar. Junten suministros y su familia. Escuche las noticias locales, las redes sociales de LAFD, y www.lafd.org/alerts para obtener mapas y informacion.","SameCode":null,"Status":"Actual","MsgType":"Alert","Scope":"Public","Code":"IPAWSv1.0","Reference":null,"Language":"es-US","Category":"Geo","Event":"Fire Warning","ResponseType":null,"Urgency":"Immediate","Severity":"Extreme","Certainty":"Observed","EventCode":"SAME:FRW, SAME:FRW","SenderName":"200277,LA City Public Alerts,City of Los Angeles","Parameters":"BLOCKCHANNEL:CAPEXCH, BLOCKCHANNEL:NWEM, BLOCKCHANNEL:EAS, EAS-ORG:CIV, LAFD: Wildfire evacuation warning for North of Mulholland to Action Rd. lafd.org/alerts, LAFD: Evacuation Warning for Palisades Fire. People in the north east of the Palisades fire in the area of Sepulveda/Sapphire to Mulholland to Escalon to Action Rd/High Valley-Prepare to evacuate by gathering supplies, pets, and loved ones. Monitor local news, LAFD social media, and www.lafd.org/alerts for maps and info., WEAHandling:Imminent Threat, timezone:PST, BLOCKCHANNEL:CAPEXCH, BLOCKCHANNEL:NWEM, BLOCKCHANNEL:EAS, EAS-ORG:CIV, LAFD: Preparese para evacuar el area Norte de Mulholland to Action Rd. lafd.org/alerts, LAFD: Preparese para evacuar el incendio Palisades Fire. Area con potencial de evacuacion es Sepulveda/Sapphire-Mulholland-Escalon-Action Rd/High Valley. Se aconseja que todos los presentes preparen para evacuar. Junten suministros y su familia. Escuche las noticias locales, las redes sociales de LAFD, y www.lafd.org/alerts para obtener mapas y informacion., WEAHandling:Imminent Threat, timezone:PST","Area":null,"Signature":null,"AreaDescription":"Los Angeles","FipsCode":"006037, 006037","GeoCodes":"","Circle":null,"CreateDate":1736531940000,"Shape__Area":0.00045932499915579683,"Shape__Length":0.10186163939637828,"DateRange":null}},{"type":"Feature","id":187,"geometry":{"type":"Polygon","coordinates":[[[-118.478700001,34.0587],[-118.4919,34.0697000000001],[-118.504,34.0814],[-118.5043,34.1009],[-118.5051,34.1216000000001],[-118.5235,34.1431000000001],[-118.518100001,34.1498],[-118.4712,34.1454000000001],[-118.472,34.1352000000001],[-118.4754,34.1264],[-118.4821,34.1189000000001],[-118.4819,34.1112000000001],[-118.4773,34.1028000000001],[-118.4783,34.0982000000001],[-118.4756,34.0892000000001],[-118.473499999,34.0809],[-118.4643,34.0701],[-118.478700001,34.0587]]]},"properties":{"AlertID":187,"Identifier":"1891642647025454","Sent":1736536020000,"Sender":"200277_LA_City_Public_Alerts_Los_Angeles_Fire_Department","Effective":null,"Onset":null,"Expires":1736550420000,"Headline":"Wildfire Evacuate Order: Palisades Fire Fire","Description":null,"Instruction":"LAFD: Evacuate now. Evacuation order for Palisades Fire Fire for Sunset to Mandeville to Encino Reservoir to the 405. All in that area must evacuate now. Gather people and pets and leave immediately.  All others shelter in place. Info & map: www.lafd.org/alerts\n\nLAFD: Evacue ahora. Orden de evacuacion para el incendio Palisades Fire. Sunset to Mandeville to Encino Reservoir to the 405 evacuan inmediatamente. Reuna personas y mascotas y salga inmediatamente. Todos afuera del area peligrosa deben refugiarse en lugar. Informacion y mapa: www.lafd.org/alerts","Web":"https://www.lafd.org/alerts","CMAMtext":"LAFD: Evacuate now from wildfire: Mandeville-405, Sunset-Encino. Map: lafd.org/alerts","CMAMlongtext":"LAFD: Evacuate now. Evacuation order for Palisades Fire Fire for Sunset to Mandeville to Encino Reservoir to the 405 freeway. All in that area must evacuate now. Gather people and pets and leave immediately.  All others shelter in place. Info & map: www.lafd.org/alerts","CMAMtextSpanish":"LAFD:Evacue inmediatamente. Mandeville-405, Sunset-Encino Incendio Mapa:lafd.org/alerts","CMAMlongtextSpanish":"LAFD: Evacue ahora. Orden de evacuacion para el incendio Palisades Fire. Sunset to Mandeville to Encino Reservoir to the 405 freeway evacuan inmediatamente. Reuna personas y mascotas y salga inmediatamente. Todos afuera del area peligrosa deben refugiarse en lugar. Informacion y mapa: www.lafd.org/alerts","SameCode":null,"Status":"Actual","MsgType":"Alert","Scope":"Public","Code":"IPAWSv1.0","Reference":null,"Language":"es-US","Category":"Geo","Event":"Fire Warning","ResponseType":null,"Urgency":"Immediate","Severity":"Extreme","Certainty":"Observed","EventCode":"SAME:FRW, SAME:FRW","SenderName":"200277,LA City Public Alerts,Los Angeles Fire Department","Parameters":"BLOCKCHANNEL:CAPEXCH, BLOCKCHANNEL:NWEM, BLOCKCHANNEL:EAS, EAS-ORG:CIV, LAFD: Evacuate now from wildfire: Mandeville-405, Sunset-Encino. Map: lafd.org/alerts, LAFD: Evacuate now. Evacuation order for Palisades Fire Fire for Sunset to Mandeville to Encino Reservoir to the 405 freeway. All in that area must evacuate now. Gather people and pets and leave immediately.  All others shelter in place. Info & map: www.lafd.org/alerts, WEAHandling:Imminent Threat, timezone:PST, BLOCKCHANNEL:CAPEXCH, BLOCKCHANNEL:NWEM, BLOCKCHANNEL:EAS, EAS-ORG:CIV, LAFD:Evacue inmediatamente. Mandeville-405, Sunset-Encino Incendio Mapa:lafd.org/alerts, LAFD: Evacue ahora. Orden de evacuacion para el incendio Palisades Fire. Sunset to Mandeville to Encino Reservoir to the 405 freeway evacuan inmediatamente. Reuna personas y mascotas y salga inmediatamente. Todos afuera del area peligrosa deben refugiarse en lugar. Informacion y mapa: www.lafd.org/alerts, WEAHandling:Imminent Threat, timezone:PST","Area":null,"Signature":null,"AreaDescription":"Los Angeles","FipsCode":"006037, 006037","GeoCodes":"","Circle":null,"CreateDate":1736536080000,"Shape__Area":0.002634920009995767,"Shape__Length":0.26046223731759693,"DateRange":null}},{"type":"Feature","id":188,"geometry":{"type":"Polygon","coordinates":[[[-118.4659,34.0731000000001],[-118.4738,34.0811],[-118.4762,34.0943],[-118.4784,34.1063],[-118.4824,34.1133],[-118.4815,34.1179000000001],[-118.4737,34.1296],[-118.4634,34.1305],[-118.4612,34.124],[-118.4629,34.1179000000001],[-118.4628,34.1089000000001],[-118.461899999,34.1000000000001],[-118.4635,34.0974000000001],[-118.4602,34.0913],[-118.4549,34.0768],[-118.461,34.0733000000001],[-118.4659,34.0731000000001]]]},"properties":{"AlertID":188,"Identifier":"1898755112824162","Sent":1736536920000,"Sender":"200277_LA_City_Public_Alerts_City_of_Los_Angeles","Effective":null,"Onset":null,"Expires":1736551320000,"Headline":"Wildfire Evacuation Warning-Palisades Fire","Description":null,"Instruction":"LAFD:  Evacuation Warning for Palisades Fire at the 405 freeway to Mulholland to Roscomare to Sunset. Prepare to evacuate by gathering supplies, pets, and loved ones. Monitor local news, LAFD social media, and www.lafd.org/alerts for maps and info.\n\nLAFD: Preparese para evacuar el incendio Palisades Fire. Area con potencial de evacuacion es the 405 freeway to Mulholland to Roscomare to Sunset. Se aconseja que todos los presentes preparen para evacuar. Junten suministros y su familia. Escuche las noticias locales, las redes sociales de LAFD, y www.lafd.org/alerts para obtener mapas y informacion.","Web":"https://www.lafd.org/alerts","CMAMtext":"LAFD: Wildfire evacuation warning for 405/Mulholland/Roscomare/Sunset. lafd.org/alerts","CMAMlongtext":"LAFD: Evacuation Warning for Palisades Fire at the area West of the 405 freeway to Mulholland to Roscomare to Sunset. Prepare to evacuate by gathering supplies, pets, and loved ones. Monitor local news, LAFD social media, and www.lafd.org/alerts for maps and info.","CMAMtextSpanish":"LAFD: Preparese para evacuar el area 405/Mulholland/Roscomare/Sunset. lafd.org/alerts","CMAMlongtextSpanish":"LAFD: Preparese para evacuar el incendio Palisades Fire. Area con potencial de evacuacion es area del 405 freeway to Mulholland to Roscomare to Sunset. Se aconseja que todos los presentes preparen para evacuar. Junten suministros y su familia. Escuche las noticias locales, las redes sociales de LAFD, y www.lafd.org/alerts para obtener mapas y informacion.","SameCode":null,"Status":"Actual","MsgType":"Alert","Scope":"Public","Code":"IPAWSv1.0","Reference":null,"Language":"es-US","Category":"Geo","Event":"Fire Warning","ResponseType":null,"Urgency":"Immediate","Severity":"Extreme","Certainty":"Observed","EventCode":"SAME:FRW, SAME:FRW","SenderName":"200277,LA City Public Alerts,City of Los Angeles","Parameters":"BLOCKCHANNEL:CAPEXCH, BLOCKCHANNEL:NWEM, BLOCKCHANNEL:EAS, EAS-ORG:CIV, LAFD: Wildfire evacuation warning for 405/Mulholland/Roscomare/Sunset. lafd.org/alerts, LAFD: Evacuation Warning for Palisades Fire at the area West of the 405 freeway to Mulholland to Roscomare to Sunset. Prepare to evacuate by gathering supplies, pets, and loved ones. Monitor local news, LAFD social media, and www.lafd.org/alerts for maps and info., WEAHandling:Imminent Threat, timezone:PST, BLOCKCHANNEL:CAPEXCH, BLOCKCHANNEL:NWEM, BLOCKCHANNEL:EAS, EAS-ORG:CIV, LAFD: Preparese para evacuar el area 405/Mulholland/Roscomare/Sunset. lafd.org/alerts, LAFD: Preparese para evacuar el incendio Palisades Fire. Area con potencial de evacuacion es area del 405 freeway to Mulholland to Roscomare to Sunset. Se aconseja que todos los presentes preparen para evacuar. Junten suministros y su familia. Escuche las noticias locales, las redes sociales de LAFD, y www.lafd.org/alerts para obtener mapas y informacion., WEAHandling:Imminent Threat, timezone:PST","Area":null,"Signature":null,"AreaDescription":"Los Angeles","FipsCode":"006037, 006037","GeoCodes":"","Circle":null,"CreateDate":1736536980000,"Shape__Area":0.000891470006081363,"Shape__Length":0.14251402388047082,"DateRange":null}},{"type":"Feature","id":189,"geometry":{"type":"MultiPolygon","coordinates":[[[[-118.498212271,34.1456004720001],[-118.5034,34.1458000000001],[-118.5072,34.1466],[-118.5103,34.1546000000001],[-118.5097,34.1609],[-118.492444227,34.1575086920001],[-118.498212271,34.1456004720001]]],[[[-118.4776,34.1262],[-118.4795,34.1293000000001],[-118.483,34.1306000000001],[-118.4853,34.1300000000001],[-118.495,34.1313000000001],[-118.498599999,34.1448],[-118.498212271,34.1456004720001],[-118.4982,34.1456000000001],[-118.495400001,34.1514],[-118.4924,34.1575],[-118.492444227,34.1575086920001],[-118.4924,34.1576000000001],[-118.4681,34.1541],[-118.4708,34.1451000000001],[-118.4746,34.1271],[-118.4776,34.1262]]]]},"properties":{"AlertID":189,"Identifier":"1891642647025772","Sent":1736537820000,"Sender":"200277_LA_City_Public_Alerts_City_of_Los_Angeles","Effective":null,"Onset":null,"Expires":1736552220000,"Headline":"Wildfire Evacuation Warning-Palisades Fire","Description":null,"Instruction":"LAFD:  Evacuation Warning for Palisades Fire at Louise to Ventura to the 405 freeway to Sepulveda/Havenhurst. Prepare to evacuate by gathering supplies, pets, and loved ones. Monitor local news, LAFD social media, and www.lafd.org/alerts for maps and info.\n\nLAFD: Preparese para evacuar el incendio Palisades Fire. Area con potencial de evacuacion es Louise to Ventura to the 405 freeway to Sepulveda/Havenhurst. Se aconseja que todos los presentes preparen para evacuar. Junten suministros y su familia. Escuche las noticias locales, las redes sociales de LAFD, y www.lafd.org/alerts para obtener mapas y informacion.","Web":"https://www.lafd.org/alerts","CMAMtext":"LAFD: Wildfire evacuation warning for Louise/Ventura/405/Sepulveda. lafd.org/alerts","CMAMlongtext":"LAFD: Evacuation Warning for Palisades Fire at Louise to Ventura to the 405 freeway to Sepulveda/Havenhurst. Prepare to evacuate by gathering supplies, pets, and loved ones. Monitor local news, LAFD social media, and www.lafd.org/alerts for maps and info.","CMAMtextSpanish":"LAFD: Preparese para evacuar el area Louise/Ventura/405/Sepulveda. lafd.org/alerts","CMAMlongtextSpanish":"LAFD: Preparese para evacuar el incendio Palisades Fire. Area con potencial de evacuacion es Louise to Ventura to the 405 freeway to Sepulveda/Havenhurst. Se aconseja que todos los presentes preparen para evacuar. Junten suministros y su familia. Escuche las noticias locales, las redes sociales de LAFD, y www.lafd.org/alerts para obtener mapas y informacion.","SameCode":null,"Status":"Actual","MsgType":"Alert","Scope":"Public","Code":"IPAWSv1.0","Reference":null,"Language":"es-US","Category":"Geo","Event":"Fire Warning","ResponseType":null,"Urgency":"Immediate","Severity":"Extreme","Certainty":"Observed","EventCode":"SAME:FRW, SAME:FRW","SenderName":"200277,LA City Public Alerts,City of Los Angeles","Parameters":"BLOCKCHANNEL:CAPEXCH, BLOCKCHANNEL:NWEM, BLOCKCHANNEL:EAS, EAS-ORG:CIV, LAFD: Wildfire evacuation warning for Louise/Ventura/405/Sepulveda. lafd.org/alerts, LAFD: Evacuation Warning for Palisades Fire at Louise to Ventura to the 405 freeway to Sepulveda/Havenhurst. Prepare to evacuate by gathering supplies, pets, and loved ones. Monitor local news, LAFD social media, and www.lafd.org/alerts for maps and info., WEAHandling:Imminent Threat, timezone:PST, BLOCKCHANNEL:CAPEXCH, BLOCKCHANNEL:NWEM, BLOCKCHANNEL:EAS, EAS-ORG:CIV, LAFD: Preparese para evacuar el area Louise/Ventura/405/Sepulveda. lafd.org/alerts, LAFD: Preparese para evacuar el incendio Palisades Fire. Area con potencial de evacuacion es Louise to Ventura to the 405 freeway to Sepulveda/Havenhurst. Se aconseja que todos los presentes preparen para evacuar. Junten suministros y su familia. Escuche las noticias locales, las redes sociales de LAFD, y www.lafd.org/alerts para obtener mapas y informacion., WEAHandling:Imminent Threat, timezone:PST","Area":null,"Signature":null,"AreaDescription":"Los Angeles","FipsCode":"006037, 006037","GeoCodes":"","Circle":null,"CreateDate":1736537880000,"Shape__Area":0.00085121443134994479,"Shape__Length":0.15806791120236244,"DateRange":null}},{"type":"Feature","id":190,"geometry":{"type":"Polygon","coordinates":[[[-118.1783,34.1945000000001],[-118.178400001,34.2028],[-118.1827,34.2047000000001],[-118.1825,34.205],[-118.182700001,34.2053000000001],[-118.1824,34.2057],[-118.1846,34.2074000000001],[-118.1861,34.2082],[-118.1936,34.2082],[-118.1937,34.2102],[-118.1934,34.2119000000001],[-118.1939,34.2132],[-118.194,34.2142000000001],[-118.1933,34.2144000000001],[-118.1935,34.2146000000001],[-118.1931,34.2147000000001],[-118.1929,34.2154],[-118.1914,34.2153000000001],[-118.1914,34.2172],[-118.1902,34.2174000000001],[-118.1896,34.2179],[-118.1894,34.2184],[-118.1895,34.2189000000001],[-118.1897,34.2190000000001],[-118.193,34.2212000000001],[-118.1932,34.2221000000001],[-118.1925,34.2228000000001],[-118.1904,34.2231],[-118.189599999,34.2236],[-118.189,34.2235000000001],[-118.1888,34.2227],[-118.1848,34.2226000000001],[-118.1848,34.2210000000001],[-118.181900001,34.2202],[-118.1812,34.2194000000001],[-118.1811,34.2181],[-118.1827,34.2189000000001],[-118.1831,34.2188],[-118.1837,34.2183000000001],[-118.184,34.2161],[-118.1823,34.2157],[-118.1814,34.2153000000001],[-118.1801,34.2154],[-118.1798,34.2153000000001],[-118.179799999,34.2149000000001],[-118.1777,34.2142000000001],[-118.1778,34.2137000000001],[-118.1782,34.2137000000001],[-118.1777,34.2129],[-118.1779,34.2128000000001],[-118.1776,34.2121000000001],[-118.1767,34.2121000000001],[-118.1766,34.2118],[-118.176,34.2114],[-118.1759,34.212],[-118.1757,34.2121000000001],[-118.174599999,34.2112000000001],[-118.1749,34.2112000000001],[-118.1751,34.2103000000001],[-118.1753,34.2104],[-118.1754,34.2107],[-118.1761,34.2109],[-118.1765,34.2103000000001],[-118.1765,34.2093],[-118.1757,34.2081000000001],[-118.1757,34.2077],[-118.1754,34.2078000000001],[-118.1751,34.2081000000001],[-118.174999999,34.2076000000001],[-118.1749,34.2075],[-118.175,34.2069000000001],[-118.1747,34.2065000000001],[-118.1742,34.2069000000001],[-118.1739,34.2067000000001],[-118.1733,34.2070000000001],[-118.1737,34.2064],[-118.1737,34.2062],[-118.1724,34.2061],[-118.1724,34.2058000000001],[-118.1712,34.2053000000001],[-118.1703,34.2054000000001],[-118.1703,34.2045000000001],[-118.1677,34.2044000000001],[-118.1674,34.2023],[-118.168,34.2011000000001],[-118.1706,34.1992000000001],[-118.1721,34.1970000000001],[-118.1737,34.1970000000001],[-118.1731,34.1984],[-118.175,34.1984],[-118.1751,34.198],[-118.1758,34.1971],[-118.1759,34.1965000000001],[-118.1766,34.196],[-118.177,34.1951],[-118.1775,34.1946],[-118.1775,34.1941],[-118.1783,34.1945000000001]]]},"properties":{"AlertID":190,"Identifier":"OnSolve-9bf77fca9f53486ebaa78f3064653d5c","Sent":1736795220000,"Sender":"warning.center@oes.ca.gov","Effective":"2025-01-13T22:07:06-05:00","Onset":null,"Expires":1736809620000,"Headline":"Fire Warning","Description":null,"Instruction":null,"Web":null,"CMAMtext":"LACo OEM: Strong Wind Advisory. RED FLAG WARNING. Prepare to evacuate. Alertla.org","CMAMlongtext":"LA COUNTY OFFICE OF EMERGENCY MANAGEMENT 1/13/25 7:00 PM : Strong Wind Advisory. RED FLAG WARNING for LCF - Crown - Starlight - JPL. Prepare to evacuate. Gather pets, medications, and belongings. Dial 9-1-1 for emergency help. Visit alertla.org for more information.","CMAMtextSpanish":"LACoOEM:Aviso de viento fuerte. ADVERTENCIA DE BANDERA ROJA. Preparese evacuar Alertla.org","CMAMlongtextSpanish":"LA COUNTY OEM 1/13/25 7:00 PM: Aviso de viento fuerte. ADVERTENCIA DE BANDERA ROJA para LCF - Crown - Starlight - JPL. Prepárese para evacuar. Siga las instrucciones del personal de emergencia. Reúna a las mascotas, los medicamentos y las pertenencias. Llame al 9-1-1 para obtener ayuda de emergencia. Visite alertla.org para obtener más información.","SameCode":null,"Status":"Actual","MsgType":"Alert","Scope":"Public","Code":"IPAWSv1.0","Reference":null,"Language":"es-US","Category":"Fire","Event":"Fire Warning","ResponseType":"Prepare","Urgency":"Expected","Severity":"Severe","Certainty":"Likely","EventCode":"SAME:FRW, SAME:FRW","SenderName":"200155,CA California Governor's Office of Emergency Services,","Parameters":"EAS-ORG:CIV, BLOCKCHANNEL:EAS, BLOCKCHANNEL:NWEM, WEAHandling:Public Safety, LACo OEM: Strong Wind Advisory. RED FLAG WARNING. Prepare to evacuate. Alertla.org, LA COUNTY OFFICE OF EMERGENCY MANAGEMENT 1/13/25 7:00 PM : Strong Wind Advisory. RED FLAG WARNING for LCF - Crown - Starlight - JPL. Prepare to evacuate. Gather pets, medications, and belongings. Dial 9-1-1 for emergency help. Visit alertla.org for more information., timezone:PST, EAS-ORG:CIV, BLOCKCHANNEL:EAS, BLOCKCHANNEL:NWEM, WEAHandling:Public Safety, LACoOEM:Aviso de viento fuerte. ADVERTENCIA DE BANDERA ROJA. Preparese evacuar Alertla.org, LA COUNTY OEM 1/13/25 7:00 PM: Aviso de viento fuerte. ADVERTENCIA DE BANDERA ROJA para LCF - Crown - Starlight - JPL. Prepárese para evacuar. Siga las instrucciones del personal de emergencia. Reúna a las mascotas, los medicamentos y las pertenencias. Llame al 9-1-1 para obtener ayuda de emergencia. Visite alertla.org para obtener más información., timezone:PST","Area":null,"Signature":null,"AreaDescription":"CA California Governor's Office of Emergency Services","FipsCode":"006037, 006037","GeoCodes":"","Circle":null,"CreateDate":1736795220000,"Shape__Area":0.00029145500661797996,"Shape__Length":0.12063611879586514,"DateRange":null}},{"type":"Feature","id":191,"geometry":{"type":"Polygon","coordinates":[[[-118.5689,34.4854],[-118.5732,34.4854],[-118.5731,34.4817],[-118.5819,34.4818000000001],[-118.5818,34.4781],[-118.5774,34.4781],[-118.5773,34.4713],[-118.6148,34.4764000000001],[-118.6152,34.4744000000001],[-118.6425,34.4745],[-118.6437,34.4964000000001],[-118.6501,34.4964000000001],[-118.6471,34.506],[-118.639900001,34.5077000000001],[-118.6407,34.508],[-118.643600001,34.5153],[-118.642,34.5166],[-118.6383,34.5152],[-118.6456,34.5211],[-118.652,34.5339000000001],[-118.6691,34.5495000000001],[-118.6739,34.5572000000001],[-118.6842,34.5635],[-118.6808,34.5664],[-118.6745,34.5783000000001],[-118.67,34.5778],[-118.6685,34.5742000000001],[-118.666,34.5729000000001],[-118.6658,34.5712],[-118.6621,34.5718000000001],[-118.6582,34.5698],[-118.6559,34.5712],[-118.6431,34.5650000000001],[-118.6412,34.5599],[-118.6384,34.5587],[-118.6356,34.5524],[-118.6339,34.5508],[-118.6341,34.549],[-118.628900001,34.5360000000001],[-118.626,34.5358000000001],[-118.6232,34.5336],[-118.622,34.5296000000001],[-118.620399999,34.5287000000001],[-118.6167,34.5224000000001],[-118.6066,34.5204000000001],[-118.5989,34.5172000000001],[-118.5939,34.5192000000001],[-118.5836,34.5164],[-118.5826,34.5168],[-118.5703,34.5303000000001],[-118.5661,34.5369000000001],[-118.5599,34.5435000000001],[-118.5463,34.5487000000001],[-118.5404,34.5532000000001],[-118.5435,34.5612],[-118.542,34.5649000000001],[-118.5448,34.5675000000001],[-118.543,34.5726000000001],[-118.5339,34.5796],[-118.5269,34.5793],[-118.5274,34.5687],[-118.531400001,34.5661000000001],[-118.5302,34.5568000000001],[-118.5282,34.5566000000001],[-118.5282,34.559],[-118.5196,34.559],[-118.5199,34.5554000000001],[-118.5142,34.5524],[-118.5133,34.5496000000001],[-118.52,34.5454],[-118.5228,34.5407000000001],[-118.5272,34.5392000000001],[-118.5276,34.5372],[-118.5249,34.5342000000001],[-118.528200001,34.5325],[-118.5278,34.5276000000001],[-118.5317,34.5274000000001],[-118.5314,34.5232],[-118.5332,34.5208000000001],[-118.533599999,34.5152],[-118.539,34.4995000000001],[-118.5417,34.4956],[-118.5467,34.4961000000001],[-118.546699999,34.4976],[-118.5518,34.5000000000001],[-118.56,34.5000000000001],[-118.5601,34.489],[-118.569,34.489],[-118.5689,34.4854]]]},"properties":{"AlertID":191,"Identifier":"OnSolve-bc0f610d4b89415fb73374c594a1f4b4","Sent":1737544980000,"Sender":"warning.center@oes.ca.gov","Effective":"2025-01-22T14:22:35-05:00","Onset":null,"Expires":1737559380000,"Headline":"Fire Warning","Description":null,"Instruction":null,"Web":null,"CMAMtext":"LACoFD: Fast moving wildfire. EVACUATION WARNING. PREPARE TO LEAVE. Alertla.org","CMAMlongtext":"LA COUNTY FIRE 01/22/2511:21 AM : FAST MOVING WILDFIRE. AN EVACUATION WARNING HAS BEEN ISSUED FOR southeast of Castaic Lake in the area of Bitter Canyon and Charlie Canyon. PREPARE TO LEAVE. Follow instructions from emergency personnel. Gather pets, medications, and belongings. Dial 9-1-1 for emergency help. Visit alertla.org for more information.","CMAMtextSpanish":"LACoFD: Incendio forestal. ADVERTENCIA DE EVACUACION. PREPARATE PARA SALIR. Alertla.org","CMAMlongtextSpanish":"LA COUNTY FIRE 01/22/25 11:21 AM: INCENDIO QUE SE MUEVE RAPIDAMENTE EN SU AREA. SE HA EMITIDO UNA ADVERTENCIA DE EVACUACION PARA SU AREA. PREPARATE PARA SALIR. Siga las instrucciones del personal de emergencia. Reuna a las mascotas, sus medicamentos y sus pertenencias. Llame al 9-1-1 para obtener ayuda de emergencia. Visite alertla.org para mas informacion.","SameCode":null,"Status":"Actual","MsgType":"Alert","Scope":"Public","Code":"IPAWSv1.0","Reference":null,"Language":"es-US","Category":"Fire","Event":"Fire Warning","ResponseType":"Prepare","Urgency":"Immediate","Severity":"Extreme","Certainty":"Observed","EventCode":"SAME:FRW, SAME:FRW","SenderName":"200155,CA California Governor's Office of Emergency Services,","Parameters":"EAS-ORG:CIV, BLOCKCHANNEL:EAS, BLOCKCHANNEL:NWEM, WEAHandling:Imminent Threat, LACoFD: Fast moving wildfire. EVACUATION WARNING. PREPARE TO LEAVE. Alertla.org, LA COUNTY FIRE 01/22/2511:21 AM : FAST MOVING WILDFIRE. AN EVACUATION WARNING HAS BEEN ISSUED FOR southeast of Castaic Lake in the area of Bitter Canyon and Charlie Canyon. PREPARE TO LEAVE. Follow instructions from emergency personnel. Gather pets, medications, and belongings. Dial 9-1-1 for emergency help. Visit alertla.org for more information., timezone:PST, EAS-ORG:CIV, BLOCKCHANNEL:EAS, BLOCKCHANNEL:NWEM, WEAHandling:Imminent Threat, LACoFD: Incendio forestal. ADVERTENCIA DE EVACUACION. PREPARATE PARA SALIR. Alertla.org, LA COUNTY FIRE 01/22/25 11:21 AM: INCENDIO QUE SE MUEVE RAPIDAMENTE EN SU AREA. SE HA EMITIDO UNA ADVERTENCIA DE EVACUACION PARA SU AREA. PREPARATE PARA SALIR. Siga las instrucciones del personal de emergencia. Reuna a las mascotas, sus medicamentos y sus pertenencias. Llame al 9-1-1 para obtener ayuda de emergencia. Visite alertla.org para mas informacion., timezone:PST","Area":null,"Signature":null,"AreaDescription":"CA California Governor's Office of Emergency Services","FipsCode":"006037, 006037","GeoCodes":"","Circle":null,"CreateDate":1737544980000,"Shape__Area":0.0074842550034190936,"Shape__Length":0.63526512224728759,"DateRange":null}},{"type":"Feature","id":192,"geometry":{"type":"Polygon","coordinates":[[[-118.611,34.496],[-118.6105,34.4819000000001],[-118.6149,34.4817],[-118.6258,34.4988000000001],[-118.640200001,34.5170000000001],[-118.6455,34.5209],[-118.652,34.5339000000001],[-118.6689,34.5492],[-118.6741,34.5573000000001],[-118.6841,34.5635],[-118.6887,34.5706000000001],[-118.6991,34.5757],[-118.7114,34.5866],[-118.7133,34.6132000000001],[-118.7191,34.6239],[-118.7283,34.6317],[-118.747,34.638],[-118.7531,34.6466],[-118.739600001,34.6454000000001],[-118.7318,34.6547],[-118.7265,34.6571000000001],[-118.7251,34.6607000000001],[-118.7298,34.6633],[-118.7328,34.6767],[-118.7357,34.6809000000001],[-118.7211,34.6928],[-118.7196,34.7021],[-118.7182,34.703],[-118.7216,34.7077],[-118.7192,34.7154],[-118.7102,34.7155000000001],[-118.7073,34.7176000000001],[-118.7037,34.7258],[-118.6956,34.7296000000001],[-118.6892,34.7269000000001],[-118.6776,34.7278000000001],[-118.6692,34.7197],[-118.6525,34.7128000000001],[-118.6458,34.7122000000001],[-118.6388,34.715],[-118.6253,34.7132],[-118.6127,34.7041],[-118.6022,34.7099000000001],[-118.5921,34.7111],[-118.5909,34.7083000000001],[-118.5882,34.7093],[-118.5858,34.7062],[-118.5812,34.7058000000001],[-118.579500001,34.7021],[-118.5713,34.7],[-118.5596,34.6932],[-118.5482,34.6908],[-118.5485,34.6865],[-118.5411,34.6838000000001],[-118.5218,34.6859000000001],[-118.5183,34.6882000000001],[-118.5047,34.6875000000001],[-118.5027,34.6859000000001],[-118.5039,34.6836000000001],[-118.4968,34.6821],[-118.4862,34.6759000000001],[-118.4863,34.6758],[-118.4744,34.6718000000001],[-118.4629,34.6722],[-118.4575,34.6757000000001],[-118.4573,34.6673000000001],[-118.4611,34.6666000000001],[-118.4585,34.6615],[-118.4646,34.6542000000001],[-118.4778,34.6534],[-118.5008,34.6391],[-118.5104,34.6442000000001],[-118.5178,34.6443],[-118.5279,34.6386000000001],[-118.5304,34.6333000000001],[-118.5443,34.6294],[-118.5609,34.6189000000001],[-118.56,34.6131],[-118.562600001,34.6103000000001],[-118.5601,34.6081],[-118.5604,34.6046000000001],[-118.555199999,34.6060000000001],[-118.563100001,34.5939000000001],[-118.560800001,34.5930000000001],[-118.5595,34.5842000000001],[-118.5545,34.5795000000001],[-118.5578,34.5708000000001],[-118.5549,34.5641000000001],[-118.5595,34.5608],[-118.5441,34.5624],[-118.5395,34.5539000000001],[-118.5484,34.5469000000001],[-118.5593,34.5427],[-118.5812,34.5161000000001],[-118.5945,34.5176000000001],[-118.6025,34.5021],[-118.611,34.496]]]},"properties":{"AlertID":192,"Identifier":"OnSolve-8b7790ef924a43c4b261de4140654dcb","Sent":1737545820000,"Sender":"warning.center@oes.ca.gov","Effective":"2025-01-22T14:37:08-05:00","Onset":null,"Expires":1737560220000,"Headline":"Fire Warning","Description":"LA COUNTY FIRE 1/22/2025 11:35 AM: FAST MOVING WILDFIRE. AN EVACUATION ORDER HAS BEEN ISSUED FOR Castaic Lake. LEAVE NOW. Follow instructions from emergency personnel. Dial 9-1-1 for emergency help. Visit alertla.org for more information.","Instruction":null,"Web":null,"CMAMtext":"LACoFD: Fast moving wildfire. EVACUATION ORDER. LEAVE NOW. Alertla.org","CMAMlongtext":"LA COUNTY FIRE 1/22/2025 11:35 AM: FAST MOVING WILDFIRE. AN EVACUATION ORDER HAS BEEN ISSUED FOR Castaic Lake. LEAVE NOW. Follow instructions from emergency personnel. Dial 9-1-1 for emergency help. Visit alertla.org for more information.","CMAMtextSpanish":"LACoFD: Incendio forestal rápido movimiento. ORDEN DE EVACUACIÓN. SALGA AHORA. Alertla.org","CMAMlongtextSpanish":"LA COUNTY FIRE 1/22/2025 11:35 AM. INCENDIO QUE SE MUEVE RAPIDAMENTE. SE HA EMITIDO UNA ORDEN DE EVACUACION PARA Castaic Lake. SALGA AHORA. Siga las instrucciones del personal de emergencia. Llame al 9-1-1 para obtener ayuda de emergencia. Visite alertla.org para mas informacion.","SameCode":null,"Status":"Actual","MsgType":"Alert","Scope":"Public","Code":"IPAWSv1.0","Reference":null,"Language":"es-US","Category":"Fire","Event":"Fire Warning","ResponseType":"Evacuate","Urgency":"Immediate","Severity":"Extreme","Certainty":"Observed","EventCode":"SAME:FRW, SAME:FRW","SenderName":"200155,CA California Governor's Office of Emergency Services,","Parameters":"EAS-ORG:CIV, BLOCKCHANNEL:EAS, WEAHandling:Imminent Threat, LACoFD: Fast moving wildfire. EVACUATION ORDER. LEAVE NOW. Alertla.org, LA COUNTY FIRE 1/22/2025 11:35 AM: FAST MOVING WILDFIRE. AN EVACUATION ORDER HAS BEEN ISSUED FOR Castaic Lake. LEAVE NOW. Follow instructions from emergency personnel. Dial 9-1-1 for emergency help. Visit alertla.org for more information., timezone:PST, EAS-ORG:CIV, BLOCKCHANNEL:EAS, WEAHandling:Imminent Threat, LACoFD: Incendio forestal rápido movimiento. ORDEN DE EVACUACIÓN. SALGA AHORA. Alertla.org, LA COUNTY FIRE 1/22/2025 11:35 AM. INCENDIO QUE SE MUEVE RAPIDAMENTE. SE HA EMITIDO UNA ORDEN DE EVACUACION PARA Castaic Lake. SALGA AHORA. Siga las instrucciones del personal de emergencia. Llame al 9-1-1 para obtener ayuda de emergencia. Visite alertla.org para mas informacion., timezone:PST","Area":null,"Signature":null,"AreaDescription":"CA California Governor's Office of Emergency Services","FipsCode":"006037, 006037","GeoCodes":"","Circle":null,"CreateDate":1737545820000,"Shape__Area":0.033841269999584256,"Shape__Length":0.988018607593711,"DateRange":null}},{"type":"Feature","id":193,"geometry":{"type":"Polygon","coordinates":[[[-118.625700001,34.4510000000001],[-118.631,34.4528],[-118.6362,34.4567000000001],[-118.6381,34.4572000000001],[-118.6415,34.4572000000001],[-118.6417,34.4567000000001],[-118.6444,34.4556000000001],[-118.6464,34.4529000000001],[-118.6498,34.4517000000001],[-118.6509,34.4522000000001],[-118.6506,34.4526000000001],[-118.6509,34.4542000000001],[-118.6502,34.4547000000001],[-118.651,34.4562],[-118.6515,34.4565000000001],[-118.652299999,34.4562],[-118.655399999,34.4569000000001],[-118.657,34.4561],[-118.658199999,34.4564],[-118.6579,34.4573],[-118.6591,34.4577],[-118.6595,34.46],[-118.6725,34.4599000000001],[-118.673,34.4617000000001],[-118.676,34.4636],[-118.6787,34.4636],[-118.6803,34.4644000000001],[-118.6827,34.4661],[-118.683,34.4689000000001],[-118.6835,34.4691],[-118.6859,34.4684],[-118.6871,34.4706],[-118.6884,34.4715],[-118.6893,34.4732000000001],[-118.6886,34.4744000000001],[-118.6887,34.4752],[-118.6891,34.4779],[-118.6898,34.4789000000001],[-118.6886,34.482],[-118.6885,34.4847],[-118.6868,34.4863],[-118.6839,34.4871000000001],[-118.6836,34.4896000000001],[-118.6822,34.4911000000001],[-118.6807,34.4915],[-118.68,34.4933],[-118.6782,34.4939000000001],[-118.6764,34.4933],[-118.6752,34.4944],[-118.6744,34.4937],[-118.673,34.4938000000001],[-118.6686,34.4968000000001],[-118.6681,34.4982000000001],[-118.6674,34.4985],[-118.6667,34.4999],[-118.6669,34.5023],[-118.6677,34.5034000000001],[-118.6664,34.5062],[-118.6605,34.5012],[-118.6573,34.4964000000001],[-118.6496,34.4964000000001],[-118.647400001,34.5031000000001],[-118.6475,34.5049000000001],[-118.646699999,34.5058000000001],[-118.645,34.5065000000001],[-118.6411,34.5064],[-118.6392,34.5075000000001],[-118.641,34.5081000000001],[-118.6405,34.5095000000001],[-118.6435,34.5151000000001],[-118.6427,34.5152],[-118.6429,34.5159],[-118.6416,34.5166],[-118.6382,34.515],[-118.6378,34.5151000000001],[-118.6318,34.5065000000001],[-118.627099999,34.5019],[-118.6248,34.4975000000001],[-118.615699999,34.4851],[-118.6144,34.4819000000001],[-118.6143,34.4787000000001],[-118.6165,34.4684],[-118.615,34.4618],[-118.6158,34.4559],[-118.6173,34.4561],[-118.6206,34.4552],[-118.625700001,34.4510000000001]]]},"properties":{"AlertID":193,"Identifier":"OnSolve-b5ebe78840fb45b597be8a0d7c4ba2ee","Sent":1737546600000,"Sender":"warning.center@oes.ca.gov","Effective":"2025-01-22T14:50:02-05:00","Onset":null,"Expires":1737561000000,"Headline":"Fire Warning","Description":"LA COUNTY FIRE 1/22/25 11:48 AM: FAST MOVING WILDFIRE. AN EVACUATION ORDER HAS BEEN ISSUED FOR West of I-5 . LEAVE NOW. Follow instructions from emergency personnel. Dial 9-1-1 for emergency help. Visit alertla.org for more information.","Instruction":null,"Web":null,"CMAMtext":"LACoFD: Fast moving wildfire. EVACUATION ORDER. LEAVE NOW. Alertla.org","CMAMlongtext":"LA COUNTY FIRE 1/22/25 11:48 AM: FAST MOVING WILDFIRE. AN EVACUATION ORDER HAS BEEN ISSUED FOR West of I-5 . LEAVE NOW. Follow instructions from emergency personnel. Dial 9-1-1 for emergency help. Visit alertla.org for more information.","CMAMtextSpanish":"LACoFD: Incendio forestal rapido movimiento. ORDEN DE EVACUACION. SALGA AHORA. Alertla.org","CMAMlongtextSpanish":"LA COUNTY FIRE 1/22/25 11:48 INCENDIO QUE SE MUEVE RAPIDAMENTE. SE HA EMITIDO UNA ORDEN DE EVACUACION PARA North of Hasley Canyon Rd. SALGA AHORA. Siga las instrucciones del personal de emergencia. Llame al 9-1-1 para obtener ayuda de emergencia. Visite alertla.org para mas informacion.","SameCode":null,"Status":"Actual","MsgType":"Alert","Scope":"Public","Code":"IPAWSv1.0","Reference":null,"Language":"es-US","Category":"Fire","Event":"Fire Warning","ResponseType":"Evacuate","Urgency":"Immediate","Severity":"Extreme","Certainty":"Observed","EventCode":"SAME:FRW, SAME:FRW","SenderName":"200155,CA California Governor's Office of Emergency Services,","Parameters":"EAS-ORG:CIV, BLOCKCHANNEL:EAS, WEAHandling:Imminent Threat, LACoFD: Fast moving wildfire. EVACUATION ORDER. LEAVE NOW. Alertla.org, LA COUNTY FIRE 1/22/25 11:48 AM: FAST MOVING WILDFIRE. AN EVACUATION ORDER HAS BEEN ISSUED FOR West of I-5 . LEAVE NOW. Follow instructions from emergency personnel. Dial 9-1-1 for emergency help. Visit alertla.org for more information., timezone:PST, EAS-ORG:CIV, BLOCKCHANNEL:EAS, WEAHandling:Imminent Threat, LACoFD: Incendio forestal rapido movimiento. ORDEN DE EVACUACION. SALGA AHORA. Alertla.org, LA COUNTY FIRE 1/22/25 11:48 INCENDIO QUE SE MUEVE RAPIDAMENTE. SE HA EMITIDO UNA ORDEN DE EVACUACION PARA North of Hasley Canyon Rd. SALGA AHORA. Siga las instrucciones del personal de emergencia. Llame al 9-1-1 para obtener ayuda de emergencia. Visite alertla.org para mas informacion., timezone:PST","Area":null,"Signature":null,"AreaDescription":"CA California Governor's Office of Emergency Services","FipsCode":"006037, 006037","GeoCodes":"","Circle":null,"CreateDate":1737547800000,"Shape__Area":0.0029919850135229353,"Shape__Length":0.26810718854665638,"DateRange":null}},{"type":"Feature","id":194,"geometry":{"type":"Polygon","coordinates":[[[-118.6308,34.4183],[-118.645,34.419],[-118.6549,34.4152],[-118.67,34.4058000000001],[-118.6863,34.4025],[-118.6916,34.4034],[-118.8025,34.6285],[-118.7971,34.6297000000001],[-118.7928,34.6281000000001],[-118.7897,34.6295000000001],[-118.7844,34.6291000000001],[-118.7782,34.6325000000001],[-118.7782,34.6356000000001],[-118.7744,34.6409],[-118.7695,34.6422000000001],[-118.7688,34.6438000000001],[-118.7624,34.6446],[-118.760899999,34.6465000000001],[-118.7594,34.6464],[-118.7533,34.6497000000001],[-118.7498,34.6419000000001],[-118.7471,34.6393],[-118.7428,34.6371],[-118.7303,34.6342000000001],[-118.7192,34.6246],[-118.7121,34.6121000000001],[-118.7107,34.6019000000001],[-118.7116,34.5893],[-118.7105,34.5868],[-118.698,34.5756000000001],[-118.6889,34.5714],[-118.6836,34.5636000000001],[-118.6732,34.5572000000001],[-118.6684,34.5498000000001],[-118.6524,34.5352],[-118.6457,34.5217000000001],[-118.6377,34.5157],[-118.6379,34.5146],[-118.6414,34.5163000000001],[-118.6427,34.5152],[-118.64,34.5082],[-118.639,34.5078],[-118.6389,34.5069],[-118.6466,34.5051],[-118.6493,34.4964000000001],[-118.6578,34.4964000000001],[-118.6608,34.5009000000001],[-118.6663,34.5055],[-118.6672,34.5036000000001],[-118.6664,34.5001],[-118.6685,34.4965],[-118.6729,34.4935],[-118.678900001,34.4931],[-118.6834,34.4888],[-118.6836,34.4871000000001],[-118.6873,34.4856],[-118.6893,34.4789000000001],[-118.6882,34.4753000000001],[-118.6889,34.4734],[-118.6857,34.4690000000001],[-118.683,34.4693],[-118.6825,34.4662000000001],[-118.6786,34.4638],[-118.6757,34.4637000000001],[-118.6728,34.4619000000001],[-118.6723,34.46],[-118.6589,34.4601000000001],[-118.6578,34.4570000000001],[-118.6501,34.4566],[-118.65,34.4519000000001],[-118.6498,34.4518],[-118.65,34.4520000000001],[-118.6421,34.4572000000001],[-118.637199999,34.4573],[-118.6255,34.4515000000001],[-118.620899999,34.4556000000001],[-118.615900001,34.4564],[-118.6153,34.4613000000001],[-118.6167,34.4678000000001],[-118.6148,34.4768],[-118.5705,34.4708000000001],[-118.575,34.4680000000001],[-118.573,34.4678000000001],[-118.574,34.4611],[-118.5815,34.4608000000001],[-118.5868,34.4557],[-118.5839,34.4537],[-118.579,34.4429000000001],[-118.5889,34.4412],[-118.6016,34.4440000000001],[-118.6057,34.4431000000001],[-118.618,34.4351],[-118.6152,34.4328],[-118.6185,34.4276],[-118.6253,34.4207000000001],[-118.6308,34.4183]]]},"properties":{"AlertID":194,"Identifier":"OnSolve-9c89b8d352724830bc13c7763429b1d0","Sent":1737547200000,"Sender":"warning.center@oes.ca.gov","Effective":"2025-01-22T14:59:32-05:00","Onset":null,"Expires":1737561600000,"Headline":"Fire Warning","Description":null,"Instruction":null,"Web":null,"CMAMtext":"LACoFD: Fast moving wildfire. EVACUATION WARNING. PREPARE TO LEAVE. Alertla.org","CMAMlongtext":"LA COUNTY FIRE 1/22/2511:55 AM : FAST MOVING WILDFIRE. AN EVACUATION WARNING HAS BEEN ISSUED FOR Live Oak and Valverde. PREPARE TO LEAVE. Follow instructions from emergency personnel. Gather pets, medications, and belongings. Dial 9-1-1 for emergency help. Visit alertla.org for more information.","CMAMtextSpanish":"LACoFD: Incendio forestal. ADVERTENCIA DE EVACUACION. PREPARATE PARA SALIR. Alertla.org","CMAMlongtextSpanish":"LA COUNTY FIRE 1/22/25 11:55AM: INCENDIO QUE SE MUEVE RAPIDAMENTE. SE HA EMITIDO UNA ADVERTENCIA DE EVACUACION PARA Live Oak y Valverde. PREPARATE PARA SALIR. Siga las instrucciones del personal de emergencia. Reuna a las mascotas, sus medicamentos y sus pertenencias. Llame al 9-1-1 para obtener ayuda de emergencia. Visite alertla.org para mas informacion.","SameCode":null,"Status":"Actual","MsgType":"Alert","Scope":"Public","Code":"IPAWSv1.0","Reference":null,"Language":"es-US","Category":"Fire","Event":"Fire Warning","ResponseType":"Prepare","Urgency":"Immediate","Severity":"Extreme","Certainty":"Observed","EventCode":"SAME:FRW, SAME:FRW","SenderName":"200155,CA California Governor's Office of Emergency Services,","Parameters":"EAS-ORG:CIV, BLOCKCHANNEL:EAS, BLOCKCHANNEL:NWEM, WEAHandling:Imminent Threat, LACoFD: Fast moving wildfire. EVACUATION WARNING. PREPARE TO LEAVE. Alertla.org, LA COUNTY FIRE 1/22/2511:55 AM : FAST MOVING WILDFIRE. AN EVACUATION WARNING HAS BEEN ISSUED FOR Live Oak and Valverde. PREPARE TO LEAVE. Follow instructions from emergency personnel. Gather pets, medications, and belongings. Dial 9-1-1 for emergency help. Visit alertla.org for more information., timezone:PST, EAS-ORG:CIV, BLOCKCHANNEL:EAS, BLOCKCHANNEL:NWEM, WEAHandling:Imminent Threat, LACoFD: Incendio forestal. ADVERTENCIA DE EVACUACION. PREPARATE PARA SALIR. Alertla.org, LA COUNTY FIRE 1/22/25 11:55AM: INCENDIO QUE SE MUEVE RAPIDAMENTE. SE HA EMITIDO UNA ADVERTENCIA DE EVACUACION PARA Live Oak y Valverde. PREPARATE PARA SALIR. Siga las instrucciones del personal de emergencia. Reuna a las mascotas, sus medicamentos y sus pertenencias. Llame al 9-1-1 para obtener ayuda de emergencia. Visite alertla.org para mas informacion., timezone:PST","Area":null,"Signature":null,"AreaDescription":"CA California Governor's Office of Emergency Services","FipsCode":"006037, 006037","GeoCodes":"","Circle":null,"CreateDate":1737547800000,"Shape__Area":0.019368810000514713,"Shape__Length":0.93368988282614984,"DateRange":null}},{"type":"Feature","id":195,"geometry":{"type":"Polygon","coordinates":[[[-118.5795,34.4718],[-118.6147,34.4764000000001],[-118.6145,34.4818000000001],[-118.6116,34.4819000000001],[-118.6116,34.4845],[-118.6133,34.4892],[-118.6108,34.4892],[-118.612,34.4937],[-118.6122,34.4972000000001],[-118.6094,34.4975000000001],[-118.6039,34.5022000000001],[-118.6025,34.5078],[-118.5979,34.5117000000001],[-118.5956,34.5187],[-118.5936,34.5191],[-118.584200001,34.5164],[-118.5819,34.5170000000001],[-118.5748,34.5256000000001],[-118.5712,34.5283000000001],[-118.5704,34.5302],[-118.5672,34.5333000000001],[-118.5651,34.5379],[-118.5599,34.5434000000001],[-118.5585,34.5441000000001],[-118.5558,34.5442],[-118.545899999,34.549],[-118.5404,34.5532000000001],[-118.5403,34.5541000000001],[-118.5435,34.5606000000001],[-118.5428,34.5608],[-118.5426,34.5638000000001],[-118.5418,34.5647000000001],[-118.544500001,34.5673],[-118.5445,34.5685],[-118.543499999,34.5698],[-118.5435,34.5712],[-118.5425,34.5729000000001],[-118.5352,34.5787],[-118.532,34.5797000000001],[-118.5277,34.5792000000001],[-118.5267,34.5782],[-118.5273,34.5751000000001],[-118.5272,34.5687],[-118.5317,34.5665000000001],[-118.5318,34.5661000000001],[-118.531499999,34.5662],[-118.5302,34.5568000000001],[-118.5282,34.5566000000001],[-118.5282,34.559],[-118.5196,34.559],[-118.5199,34.5554000000001],[-118.5142,34.5524],[-118.5135,34.5503],[-118.5162,34.5477000000001],[-118.5192,34.5466000000001],[-118.5228,34.5407000000001],[-118.5272,34.5392000000001],[-118.5277,34.5364000000001],[-118.5256,34.5352],[-118.5257,34.5341],[-118.5263,34.5334],[-118.5283,34.5333000000001],[-118.5289,34.5326000000001],[-118.5279,34.5312000000001],[-118.5282,34.5275],[-118.5317,34.5274000000001],[-118.5317,34.5258000000001],[-118.5323,34.5249000000001],[-118.5313,34.5234],[-118.5338,34.52],[-118.5333,34.5174000000001],[-118.5342,34.5156000000001],[-118.5345,34.5123],[-118.5373,34.5063000000001],[-118.5372,34.5052000000001],[-118.539,34.4996],[-118.5417,34.4956],[-118.5467,34.4961000000001],[-118.546699999,34.4976],[-118.5518,34.5000000000001],[-118.56,34.5000000000001],[-118.5601,34.489],[-118.569,34.489],[-118.5689,34.4854],[-118.5732,34.4854],[-118.5731,34.4817],[-118.5819,34.4818000000001],[-118.5818,34.4781],[-118.5774,34.4781],[-118.5774,34.4716],[-118.5795,34.472],[-118.5795,34.4718]]]},"properties":{"AlertID":195,"Identifier":"OnSolve-20fe0c6979144a26b3435cb5989772f3","Sent":1737547860000,"Sender":"warning.center@oes.ca.gov","Effective":"2025-01-22T15:10:35-05:00","Onset":null,"Expires":1737562260000,"Headline":"Fire Warning","Description":null,"Instruction":null,"Web":null,"CMAMtext":"LACoFD: Fast moving wildfire. EVACUATION ORDER. LEAVE NOW. Alertla.org","CMAMlongtext":"LA COUNTY FIRE 1/22/25 12:06 PM: FAST MOVING WILDFIRE. AN EVACUATION ORDER HAS BEEN ISSUED FOR Bitter Cyn and Charlie Cyn. LEAVE NOW. Follow instructions from emergency personnel. Dial 9-1-1 for emergency help. Visit alertla.org for more information.","CMAMtextSpanish":"LACoFD: Incendio forestal. ORDEN DE EVACUACION. SALGA AHORA. Alertla.org","CMAMlongtextSpanish":"LA COUNTY FIRE 1/22/25 12:06 PM INCENDIO QUE SE MUEVE RAPIDAMENTE. SE HA EMITIDO UNA ORDEN DE EVACUACION PARA Bitter Cyn y Charlie Cyn. SALGA AHORA. Siga las instrucciones del personal de emergencia. Llame al 9-1-1 para obtener ayuda de emergencia. Visite alertla.org para mas informacion.","SameCode":null,"Status":"Actual","MsgType":"Alert","Scope":"Public","Code":"IPAWSv1.0","Reference":null,"Language":"es-US","Category":"Fire","Event":"Fire Warning","ResponseType":"Evacuate","Urgency":"Immediate","Severity":"Extreme","Certainty":"Observed","EventCode":"SAME:FRW, SAME:FRW","SenderName":"200155,CA California Governor's Office of Emergency Services,","Parameters":"EAS-ORG:CIV, BLOCKCHANNEL:EAS, BLOCKCHANNEL:NWEM, WEAHandling:Imminent Threat, LACoFD: Fast moving wildfire. EVACUATION ORDER. LEAVE NOW. Alertla.org, LA COUNTY FIRE 1/22/25 12:06 PM: FAST MOVING WILDFIRE. AN EVACUATION ORDER HAS BEEN ISSUED FOR Bitter Cyn and Charlie Cyn. LEAVE NOW. Follow instructions from emergency personnel. Dial 9-1-1 for emergency help. Visit alertla.org for more information., timezone:PST, EAS-ORG:CIV, BLOCKCHANNEL:EAS, BLOCKCHANNEL:NWEM, WEAHandling:Imminent Threat, LACoFD: Incendio forestal. ORDEN DE EVACUACION. SALGA AHORA. Alertla.org, LA COUNTY FIRE 1/22/25 12:06 PM INCENDIO QUE SE MUEVE RAPIDAMENTE. SE HA EMITIDO UNA ORDEN DE EVACUACION PARA Bitter Cyn y Charlie Cyn. SALGA AHORA. Siga las instrucciones del personal de emergencia. Llame al 9-1-1 para obtener ayuda de emergencia. Visite alertla.org para mas informacion., timezone:PST","Area":null,"Signature":null,"AreaDescription":"CA California Governor's Office of Emergency Services","FipsCode":"006037, 006037","GeoCodes":"","Circle":null,"CreateDate":1737547920000,"Shape__Area":0.0040753149992269755,"Shape__Length":0.40436914567749205,"DateRange":null}},{"type":"Feature","id":196,"geometry":{"type":"Polygon","coordinates":[[[-118.6432,34.4964000000001],[-118.6578,34.4964000000001],[-118.6608,34.5009000000001],[-118.6663,34.5055],[-118.6672,34.5036000000001],[-118.6664,34.5001],[-118.6685,34.4965],[-118.6725,34.4937],[-118.6744,34.4936000000001],[-118.6752,34.4943000000001],[-118.6765,34.4931],[-118.6784,34.4938000000001],[-118.6797,34.4934000000001],[-118.6805,34.4913],[-118.6822,34.4908],[-118.6832,34.4898000000001],[-118.6836,34.4871000000001],[-118.686799999,34.4862000000001],[-118.688,34.4850000000001],[-118.6887,34.4802],[-118.6907,34.4783],[-118.6937,34.4780000000001],[-118.6945,34.4775000000001],[-118.694,34.4773000000001],[-118.694400001,34.4768],[-118.6979,34.4751000000001],[-118.7007,34.4752],[-118.7027,34.4738],[-118.7039,34.4741000000001],[-118.7109,34.4722],[-118.7159,34.4731],[-118.7206,34.4762000000001],[-118.722,34.4762000000001],[-118.7265,34.4742000000001],[-118.8025,34.6286000000001],[-118.7986,34.6287],[-118.7973,34.6297000000001],[-118.7928,34.6281000000001],[-118.7891,34.6297000000001],[-118.7848,34.6288000000001],[-118.7833,34.6291000000001],[-118.7814,34.6308000000001],[-118.7777,34.6322000000001],[-118.7783,34.6339],[-118.7777,34.6355],[-118.775800001,34.6391],[-118.773700001,34.6411000000001],[-118.7695,34.6422000000001],[-118.769,34.6434],[-118.7653,34.6443],[-118.7629,34.6442000000001],[-118.7611,34.6453000000001],[-118.760899999,34.6465000000001],[-118.7591,34.6464],[-118.7571,34.6474000000001],[-118.7568,34.648],[-118.7531,34.6493],[-118.7498,34.6419000000001],[-118.7476,34.6396],[-118.7401,34.6357],[-118.7326,34.6348],[-118.7298,34.6337],[-118.7206,34.626],[-118.7184,34.6234000000001],[-118.712,34.6117],[-118.7107,34.6012000000001],[-118.7116,34.5893],[-118.7101,34.5858000000001],[-118.703099999,34.5802],[-118.6994,34.5763000000001],[-118.6889,34.5714],[-118.683700001,34.5638000000001],[-118.6731,34.5572000000001],[-118.6676,34.5484000000001],[-118.6626,34.5447],[-118.6518,34.534],[-118.6456,34.5215000000001],[-118.6389,34.5166],[-118.6321,34.5070000000001],[-118.627100001,34.5017],[-118.624500001,34.4969],[-118.625699999,34.4963000000001],[-118.6432,34.4964000000001]]]},"properties":{"AlertID":196,"Identifier":"OnSolve-05196f60053949c1bdf533f4b58daa35","Sent":1737548340000,"Sender":"warning.center@oes.ca.gov","Effective":"2025-01-22T15:19:20-05:00","Onset":null,"Expires":1737562740000,"Headline":"Fire Warning","Description":null,"Instruction":null,"Web":null,"CMAMtext":"LACoFD: Fast moving wildfire. EVACUATION ORDER. LEAVE NOW. Alertla.org","CMAMlongtext":"LA COUNTY FIRE 1/22/25 12:15 PM: FAST MOVING WILDFIRE. AN EVACUATION ORDER HAS BEEN ISSUED FOR Angeles Forest, North of Castaic. LEAVE NOW. Follow instructions from emergency personnel. Dial 9-1-1 for emergency help. Visit alertla.org for more information.","CMAMtextSpanish":"LACoFD: Incendio forestal. ORDEN DE EVACUACION. SALGA AHORA. Alertla.org","CMAMlongtextSpanish":"LA COUNTY FIRE 1/22/25 12:15 PM INCENDIO QUE SE MUEVE RAPIDAMENTE. SE HA EMITIDO UNA ORDEN DE EVACUACION PARA  Angeles Forest Norte de Castaic. SALGA AHORA. Siga las instrucciones del personal de emergencia. Llame al 9-1-1 para obtener ayuda de emergencia. Visite alertla.org para mas informacion.","SameCode":null,"Status":"Actual","MsgType":"Alert","Scope":"Public","Code":"IPAWSv1.0","Reference":null,"Language":"es-US","Category":"Fire","Event":"Fire Warning","ResponseType":"Evacuate","Urgency":"Immediate","Severity":"Extreme","Certainty":"Observed","EventCode":"SAME:FRW, SAME:FRW","SenderName":"200155,CA California Governor's Office of Emergency Services,","Parameters":"EAS-ORG:CIV, BLOCKCHANNEL:EAS, BLOCKCHANNEL:NWEM, WEAHandling:Imminent Threat, LACoFD: Fast moving wildfire. EVACUATION ORDER. LEAVE NOW. Alertla.org, LA COUNTY FIRE 1/22/25 12:15 PM: FAST MOVING WILDFIRE. AN EVACUATION ORDER HAS BEEN ISSUED FOR Angeles Forest, North of Castaic. LEAVE NOW. Follow instructions from emergency personnel. Dial 9-1-1 for emergency help. Visit alertla.org for more information., timezone:PST, EAS-ORG:CIV, BLOCKCHANNEL:EAS, BLOCKCHANNEL:NWEM, WEAHandling:Imminent Threat, LACoFD: Incendio forestal. ORDEN DE EVACUACION. SALGA AHORA. Alertla.org, LA COUNTY FIRE 1/22/25 12:15 PM INCENDIO QUE SE MUEVE RAPIDAMENTE. SE HA EMITIDO UNA ORDEN DE EVACUACION PARA  Angeles Forest Norte de Castaic. SALGA AHORA. Siga las instrucciones del personal de emergencia. Llame al 9-1-1 para obtener ayuda de emergencia. Visite alertla.org para mas informacion., timezone:PST","Area":null,"Signature":null,"AreaDescription":"CA California Governor's Office of Emergency Services","FipsCode":"006037, 006037","GeoCodes":"","Circle":null,"CreateDate":1737548340000,"Shape__Area":0.013678754995225972,"Shape__Length":0.57418094891776061,"DateRange":null}},{"type":"Feature","id":197,"geometry":{"type":"Polygon","coordinates":[[[-118.5789,34.4431000000001],[-118.5865,34.4416000000001],[-118.5892,34.4414],[-118.5938,34.4422000000001],[-118.600300001,34.4441],[-118.6037,34.4439],[-118.6055,34.4433000000001],[-118.609200001,34.4453],[-118.6107,34.4465000000001],[-118.6149,34.4519000000001],[-118.6159,34.4545000000001],[-118.6159,34.4565000000001],[-118.6151,34.4619000000001],[-118.6165,34.4666],[-118.6166,34.4683000000001],[-118.6148,34.4766000000001],[-118.6084,34.4755000000001],[-118.5825,34.4725],[-118.5774,34.4717000000001],[-118.5774,34.4781],[-118.5818,34.4781],[-118.5819,34.4818000000001],[-118.5731,34.4817],[-118.5733,34.4854],[-118.5689,34.4854],[-118.569,34.489],[-118.5602,34.489],[-118.560200001,34.5000000000001],[-118.5514,34.5000000000001],[-118.5467,34.4978],[-118.5467,34.4963000000001],[-118.5442,34.4963000000001],[-118.5431,34.4958],[-118.541600001,34.4958],[-118.5393,34.4991000000001],[-118.5378,34.5045000000001],[-118.5378,34.477],[-118.5357,34.4762000000001],[-118.537,34.4761],[-118.5368,34.4758],[-118.5368,34.4751000000001],[-118.5373,34.4743],[-118.5377,34.4745],[-118.537600001,34.4630000000001],[-118.5404,34.4664000000001],[-118.5413,34.4666],[-118.5413,34.4659],[-118.541,34.4655000000001],[-118.5418,34.4648],[-118.5434,34.4649000000001],[-118.5446,34.4668],[-118.547,34.4668],[-118.5486,34.4662000000001],[-118.5538,34.4669000000001],[-118.5537,34.4672],[-118.555,34.4676000000001],[-118.5576,34.4671000000001],[-118.561799999,34.4673000000001],[-118.5641,34.4665000000001],[-118.5599,34.4622000000001],[-118.5629,34.4607],[-118.5633,34.4614],[-118.565700001,34.4631000000001],[-118.566699999,34.4652],[-118.5675,34.4657],[-118.568500001,34.4656000000001],[-118.5693,34.465],[-118.57,34.4638],[-118.5699,34.4629],[-118.5693,34.4621000000001],[-118.5722,34.4610000000001],[-118.573,34.4599000000001],[-118.5731,34.4590000000001],[-118.5745,34.4589],[-118.5744,34.4567000000001],[-118.575800001,34.4563000000001],[-118.5757,34.4556000000001],[-118.574000001,34.4545000000001],[-118.574,34.4514],[-118.5736,34.4491],[-118.5718,34.4481000000001],[-118.5711,34.4465000000001],[-118.5736,34.4454000000001],[-118.5754,34.4429000000001],[-118.5762,34.4431000000001],[-118.5789,34.4431000000001]]]},"properties":{"AlertID":197,"Identifier":"OnSolve-ea853f523e944c43bf1f22322eadcbd3","Sent":1737554880000,"Sender":"warning.center@oes.ca.gov","Effective":"2025-01-22T17:07:36-05:00","Onset":null,"Expires":1737569280000,"Headline":"Fire Warning","Description":null,"Instruction":null,"Web":null,"CMAMtext":"LACoFD: Fast moving wildfire. EVACUATION ORDER. LEAVE NOW. Alertla.org","CMAMlongtext":"LA COUNTY FIRE 1/22/25 2:05 PM: FAST MOVING WILDFIRE. AN EVACUATION ORDER HAS BEEN ISSUED FOR West Hills and Tesoro Del Valle. LEAVE NOW. Follow instructions from emergency personnel. Dial 9-1-1 for emergency help. Visit alertla.org for more information.","CMAMtextSpanish":"LACoFD: Incendio forestal. ORDEN DE EVACUACION. SALGA AHORA. Alertla.org","CMAMlongtextSpanish":"LA COUNTY FIRE 1/22/25 2:05 PM: INCENDIO QUE SE MUEVE RAPIDAMENTE. SE HA EMITIDO UNA ORDEN DE EVACUACION PARA West Hills y Tesoro Del Valle. SALGA AHORA. Siga las instrucciones del personal de emergencia. Llame al 9-1-1 para obtener ayuda de emergencia. Visite alertla.org para mas informacion.","SameCode":null,"Status":"Actual","MsgType":"Alert","Scope":"Public","Code":"IPAWSv1.0","Reference":null,"Language":"es-US","Category":"Fire","Event":"Fire Warning","ResponseType":"Evacuate","Urgency":"Immediate","Severity":"Extreme","Certainty":"Observed","EventCode":"SAME:FRW, SAME:FRW","SenderName":"200155,CA California Governor's Office of Emergency Services,","Parameters":"EAS-ORG:CIV, BLOCKCHANNEL:EAS, BLOCKCHANNEL:NWEM, WEAHandling:Imminent Threat, LACoFD: Fast moving wildfire. EVACUATION ORDER. LEAVE NOW. Alertla.org, LA COUNTY FIRE 1/22/25 2:05 PM: FAST MOVING WILDFIRE. AN EVACUATION ORDER HAS BEEN ISSUED FOR West Hills and Tesoro Del Valle. LEAVE NOW. Follow instructions from emergency personnel. Dial 9-1-1 for emergency help. Visit alertla.org for more information., timezone:PST, EAS-ORG:CIV, BLOCKCHANNEL:EAS, BLOCKCHANNEL:NWEM, WEAHandling:Imminent Threat, LACoFD: Incendio forestal. ORDEN DE EVACUACION. SALGA AHORA. Alertla.org, LA COUNTY FIRE 1/22/25 2:05 PM: INCENDIO QUE SE MUEVE RAPIDAMENTE. SE HA EMITIDO UNA ORDEN DE EVACUACION PARA West Hills y Tesoro Del Valle. SALGA AHORA. Siga las instrucciones del personal de emergencia. Llame al 9-1-1 para obtener ayuda de emergencia. Visite alertla.org para mas informacion., timezone:PST","Area":null,"Signature":null,"AreaDescription":"CA California Governor's Office of Emergency Services","FipsCode":"006037, 006037","GeoCodes":"","Circle":null,"CreateDate":1737555720000,"Shape__Area":0.002376090003281206,"Shape__Length":0.31855470705576461,"DateRange":null}},{"type":"Feature","id":198,"geometry":{"type":"Polygon","coordinates":[[[-118.6036,34.4446],[-118.5881,34.4421],[-118.5758,34.4435],[-118.5724,34.4464],[-118.576900001,34.4559],[-118.5684,34.4667000000001],[-118.5619,34.4612000000001],[-118.5602,34.4621000000001],[-118.5646,34.4664000000001],[-118.5608,34.4678000000001],[-118.545099999,34.4673000000001],[-118.5425,34.4653000000001],[-118.5409,34.467],[-118.5377,34.4631000000001],[-118.5378,34.4832000000001],[-118.4806,34.4829],[-118.4791,34.494],[-118.4806,34.4968000000001],[-118.4618,34.5153],[-118.465800001,34.5243],[-118.4564,34.5352],[-118.4518,34.5483],[-118.4447,34.554],[-118.4545,34.5696],[-118.463200001,34.568],[-118.464899999,34.5700000000001],[-118.4559,34.587],[-118.4608,34.5932],[-118.4507,34.5944000000001],[-118.4457,34.6081],[-118.4323,34.6143000000001],[-118.4316,34.6130000000001],[-118.4428,34.6063],[-118.4436,34.6038],[-118.385,34.6025000000001],[-118.3892,34.5993],[-118.3881,34.5927],[-118.395,34.5868],[-118.4022,34.5857],[-118.403099999,34.5776000000001],[-118.4093,34.5764],[-118.4099,34.5685],[-118.4138,34.5664],[-118.4183,34.5688000000001],[-118.4259,34.5656000000001],[-118.4205,34.5600000000001],[-118.4194,34.5609000000001],[-118.4191,34.5532000000001],[-118.4321,34.5478000000001],[-118.4425,34.5296000000001],[-118.4414,34.5262000000001],[-118.44,34.5269000000001],[-118.4413,34.5275],[-118.4348,34.5293],[-118.4307,34.5333000000001],[-118.4305,34.5400000000001],[-118.4083,34.5399],[-118.4018,34.5335000000001],[-118.4099,34.5243],[-118.4054,34.5187],[-118.406700001,34.5165000000001],[-118.3999,34.52],[-118.3961,34.5194000000001],[-118.3779,34.5318],[-118.379500001,34.5033],[-118.3783,34.5024000000001],[-118.3859,34.4928],[-118.3882,34.4848000000001],[-118.3869,34.4812000000001],[-118.4403,34.4810000000001],[-118.4401,34.4959000000001],[-118.4661,34.4959000000001],[-118.4662,34.4870000000001],[-118.4749,34.4877000000001],[-118.4752,34.4812000000001],[-118.4781,34.4813],[-118.4784,34.4779],[-118.4752,34.4781],[-118.4668,34.4730000000001],[-118.4733,34.4659],[-118.5199,34.4672],[-118.520199999,34.4582],[-118.5527,34.4618],[-118.5557,34.4570000000001],[-118.5611,34.4343000000001],[-118.5574,34.4314000000001],[-118.5628,34.4241000000001],[-118.5756,34.4264000000001],[-118.5831,34.4248000000001],[-118.5944,34.4296000000001],[-118.5946,34.4334000000001],[-118.595,34.4336000000001],[-118.6125,34.4345000000001],[-118.6153,34.4326],[-118.6188,34.4354000000001],[-118.6036,34.4446]]]},"properties":{"AlertID":198,"Identifier":"OnSolve-2bf0c99eae3045d3bc0dcd4f6c7456bc","Sent":1737555660000,"Sender":"warning.center@oes.ca.gov","Effective":"2025-01-22T17:21:07-05:00","Onset":null,"Expires":1737570060000,"Headline":"Fire Warning","Description":null,"Instruction":null,"Web":null,"CMAMtext":"LACoFD: Fast moving wildfire. EVACUATION WARNING. PREPARE TO LEAVE. Alertla.org","CMAMlongtext":"LA COUNTY FIRE 1/22/25 2:17 PM : FAST MOVING WILDFIRE. AN EVACUATION WARNING HAS BEEN ISSUED FOR Mt View and Decoro. PREPARE TO LEAVE. Follow instructions from emergency personnel. Gather pets, medications, and belongings. Dial 9-1-1 for emergency help. Visit alertla.org for more information.","CMAMtextSpanish":"LACoFD: Incendio forestal. ADVERTENCIA DE EVACUACION. PREPARATE PARA SALIR. Alertla.org","CMAMlongtextSpanish":"LA COUNTY FIRE 1/22/25 2:17 PM: INCENDIO QUE SE MUEVE RAPIDAMENTE EN SU AREA. SE HA EMITIDO UNA ADVERTENCIA DE EVACUACION PARA Mt View y Decoro. PREPARATE PARA SALIR. Siga las instrucciones del personal. Reuna a las mascotas, sus medicamentos y sus pertenencias. Llame al 9-1-1 para obtener ayuda de emergencia. Visite alertla.org para mas informacion.","SameCode":null,"Status":"Actual","MsgType":"Alert","Scope":"Public","Code":"IPAWSv1.0","Reference":null,"Language":"es-US","Category":"Fire","Event":"Fire Warning","ResponseType":"Prepare","Urgency":"Immediate","Severity":"Extreme","Certainty":"Observed","EventCode":"SAME:FRW, SAME:FRW","SenderName":"200155,CA California Governor's Office of Emergency Services,","Parameters":"EAS-ORG:CIV, BLOCKCHANNEL:EAS, BLOCKCHANNEL:NWEM, WEAHandling:Imminent Threat, LACoFD: Fast moving wildfire. EVACUATION WARNING. PREPARE TO LEAVE. Alertla.org, LA COUNTY FIRE 1/22/25 2:17 PM : FAST MOVING WILDFIRE. AN EVACUATION WARNING HAS BEEN ISSUED FOR Mt View and Decoro. PREPARE TO LEAVE. Follow instructions from emergency personnel. Gather pets, medications, and belongings. Dial 9-1-1 for emergency help. Visit alertla.org for more information., timezone:PST, EAS-ORG:CIV, BLOCKCHANNEL:EAS, BLOCKCHANNEL:NWEM, WEAHandling:Imminent Threat, LACoFD: Incendio forestal. ADVERTENCIA DE EVACUACION. PREPARATE PARA SALIR. Alertla.org, LA COUNTY FIRE 1/22/25 2:17 PM: INCENDIO QUE SE MUEVE RAPIDAMENTE EN SU AREA. SE HA EMITIDO UNA ADVERTENCIA DE EVACUACION PARA Mt View y Decoro. PREPARATE PARA SALIR. Siga las instrucciones del personal. Reuna a las mascotas, sus medicamentos y sus pertenencias. Llame al 9-1-1 para obtener ayuda de emergencia. Visite alertla.org para mas informacion., timezone:PST","Area":null,"Signature":null,"AreaDescription":"CA California Governor's Office of Emergency Services","FipsCode":"006037, 006037","GeoCodes":"","Circle":null,"CreateDate":1737555720000,"Shape__Area":0.0094724650048192416,"Shape__Length":1.0877497580930506,"DateRange":null}},{"type":"Feature","id":199,"geometry":{"type":"Polygon","coordinates":[[[-118.5141,34.5500000000001],[-118.499,34.5555000000001],[-118.4905,34.561],[-118.4756,34.5669],[-118.4654,34.5693000000001],[-118.4647,34.5698],[-118.4638,34.5694],[-118.4632,34.5682],[-118.46,34.5693000000001],[-118.4544,34.5697000000001],[-118.4444,34.5539000000001],[-118.4452,34.5531],[-118.445100001,34.5523000000001],[-118.4466,34.5516000000001],[-118.4471,34.5506],[-118.4488,34.5504],[-118.4508,34.5488],[-118.4508,34.5479],[-118.4516,34.5469000000001],[-118.4515,34.5455000000001],[-118.4527,34.5449],[-118.4531,34.5442],[-118.452399999,34.5416000000001],[-118.4534,34.5409000000001],[-118.4532,34.5397],[-118.4559,34.5363],[-118.4561,34.5337000000001],[-118.459400001,34.5317000000001],[-118.4608,34.5298000000001],[-118.4609,34.5277],[-118.4629,34.5258000000001],[-118.4634,34.5245],[-118.4646,34.5242000000001],[-118.4649,34.5237000000001],[-118.4647,34.5221000000001],[-118.4619,34.5202],[-118.4622,34.5187],[-118.4611,34.5164],[-118.4614,34.5153],[-118.4647,34.5117000000001],[-118.465800001,34.5094],[-118.4669,34.5088000000001],[-118.4683,34.5066],[-118.47,34.5058000000001],[-118.4709,34.5043000000001],[-118.4747,34.5013000000001],[-118.4767,34.4991000000001],[-118.4786,34.4984000000001],[-118.480400001,34.4969],[-118.4804,34.4967],[-118.4776,34.4924],[-118.4786,34.4882000000001],[-118.48,34.4870000000001],[-118.4801,34.4864000000001],[-118.4786,34.4826],[-118.4792,34.4813],[-118.496,34.4816000000001],[-118.5072,34.4830000000001],[-118.5098,34.482],[-118.5099,34.4816000000001],[-118.5378,34.4817],[-118.538,34.5038000000001],[-118.537299999,34.5051],[-118.5374,34.5068000000001],[-118.5346,34.5127000000001],[-118.5344,34.5154000000001],[-118.5335,34.5172000000001],[-118.5341,34.5203000000001],[-118.5316,34.5237000000001],[-118.5324,34.525],[-118.5318,34.5260000000001],[-118.5319,34.5279],[-118.5286,34.5281000000001],[-118.5283,34.5315000000001],[-118.529,34.5325],[-118.5282,34.5335000000001],[-118.5265,34.5335000000001],[-118.5258,34.534],[-118.5257,34.535],[-118.5279,34.5364000000001],[-118.5273,34.5396000000001],[-118.5231,34.5410000000001],[-118.5196,34.5467],[-118.5164,34.5478000000001],[-118.5141,34.5500000000001]]]},"properties":{"AlertID":199,"Identifier":"OnSolve-c1084a18a7834e98bfc229a6baf78f18","Sent":1737556560000,"Sender":"warning.center@oes.ca.gov","Effective":"2025-01-22T17:35:47-05:00","Onset":null,"Expires":1737570960000,"Headline":"Fire Warning","Description":null,"Instruction":null,"Web":null,"CMAMtext":"LACoFD: Fast moving wildfire. EVACUATION ORDER. LEAVE NOW. Alertla.org","CMAMlongtext":"LA COUNTY FIRE 1/22/25 2:33 PM: FAST MOVING WILDFIRE. AN EVACUATION ORDER HAS BEEN ISSUED FOR East of San Fran Rd and North of Mt View. LEAVE NOW. Follow instructions from emergency personnel. Dial 9-1-1 for emergency help. Visit alertla.org for more information.","CMAMtextSpanish":"LACoFD: Incendio forestal. ORDEN DE EVACUACIÓN. SALGA AHORA. Alertla.org","CMAMlongtextSpanish":"LA COUNTY FIRE 1/22/25 2:33 PM: INCENDIO QUE SE MUEVE RAPIDAMENTE. SE HA EMITIDO UNA ORDEN DE EVACUACION PARA el Este de San Fran Rd y Norte de Mt View. SALGA AHORA. Siga las instrucciones del personal de emergencia. Llame al 9-1-1 para obtener ayuda de emergencia. Visite alertla.org para mas informacion.","SameCode":null,"Status":"Actual","MsgType":"Alert","Scope":"Public","Code":"IPAWSv1.0","Reference":null,"Language":"es-US","Category":"Fire","Event":"Fire Warning","ResponseType":"Evacuate","Urgency":"Immediate","Severity":"Extreme","Certainty":"Observed","EventCode":"SAME:FRW, SAME:FRW","SenderName":"200155,CA California Governor's Office of Emergency Services,","Parameters":"EAS-ORG:CIV, BLOCKCHANNEL:EAS, BLOCKCHANNEL:NWEM, WEAHandling:Imminent Threat, LACoFD: Fast moving wildfire. EVACUATION ORDER. LEAVE NOW. Alertla.org, LA COUNTY FIRE 1/22/25 2:33 PM: FAST MOVING WILDFIRE. AN EVACUATION ORDER HAS BEEN ISSUED FOR East of San Fran Rd and North of Mt View. LEAVE NOW. Follow instructions from emergency personnel. Dial 9-1-1 for emergency help. Visit alertla.org for more information., timezone:PST, EAS-ORG:CIV, BLOCKCHANNEL:EAS, BLOCKCHANNEL:NWEM, WEAHandling:Imminent Threat, LACoFD: Incendio forestal. ORDEN DE EVACUACIÓN. SALGA AHORA. Alertla.org, LA COUNTY FIRE 1/22/25 2:33 PM: INCENDIO QUE SE MUEVE RAPIDAMENTE. SE HA EMITIDO UNA ORDEN DE EVACUACION PARA el Este de San Fran Rd y Norte de Mt View. SALGA AHORA. Siga las instrucciones del personal de emergencia. Llame al 9-1-1 para obtener ayuda de emergencia. Visite alertla.org para mas informacion., timezone:PST","Area":null,"Signature":null,"AreaDescription":"CA California Governor's Office of Emergency Services","FipsCode":"006037, 006037","GeoCodes":"","Circle":null,"CreateDate":1737556500000,"Shape__Area":0.0053700199937338766,"Shape__Length":0.32363192065269764,"DateRange":null}},{"type":"Feature","id":200,"geometry":{"type":"Polygon","coordinates":[[[-118.4426,34.6416],[-118.4506,34.6315000000001],[-118.4639,34.6239],[-118.467,34.6153],[-118.4796,34.6108],[-118.4919,34.5981],[-118.490899999,34.5945],[-118.4796,34.5973000000001],[-118.479500001,34.5944000000001],[-118.4532,34.5907],[-118.4631,34.5696],[-118.515800001,34.5489000000001],[-118.5218,34.5579000000001],[-118.5305,34.5558],[-118.5321,34.5665000000001],[-118.5279,34.5693000000001],[-118.5274,34.5784],[-118.5324,34.5795000000001],[-118.5423,34.5722000000001],[-118.5413,34.5608],[-118.5638,34.558],[-118.5566,34.5659000000001],[-118.5592,34.5711000000001],[-118.5565,34.5782],[-118.5653,34.5926000000001],[-118.5575,34.6045],[-118.562599999,34.6031],[-118.5631,34.6216000000001],[-118.5318,34.6361000000001],[-118.519000001,34.647],[-118.4992,34.6419000000001],[-118.4792,34.6542000000001],[-118.4653,34.6551000000001],[-118.4593,34.6623000000001],[-118.4621,34.6680000000001],[-118.4591,34.6686],[-118.459099999,34.6722],[-118.4732,34.6682000000001],[-118.5039,34.6820000000001],[-118.5049,34.6859000000001],[-118.5371,34.6816000000001],[-118.5489,34.6859000000001],[-118.548800001,34.6878],[-118.5946,34.7087000000001],[-118.613899999,34.7023],[-118.6272,34.712],[-118.6521,34.7113000000001],[-118.6691,34.7183000000001],[-118.6751,34.7241000000001],[-118.698,34.7273000000001],[-118.701600001,34.7256],[-118.7096,34.7142000000001],[-118.7182,34.7141],[-118.7202,34.7077],[-118.7171,34.7036000000001],[-118.7214,34.6900000000001],[-118.7334,34.6803],[-118.727600001,34.6634],[-118.7237,34.6613],[-118.7257,34.6563],[-118.7405,34.6440000000001],[-118.7513,34.645],[-118.752599999,34.6481000000001],[-118.7708,34.6407],[-118.7807,34.6284000000001],[-118.8025,34.6278],[-118.8951,34.8179000000001],[-118.8808,34.8178],[-118.8837,34.8093000000001],[-118.8714,34.7988],[-118.8352,34.7929],[-118.8031,34.772],[-118.7958,34.7608000000001],[-118.775,34.7755000000001],[-118.720400001,34.7656000000001],[-118.6791,34.7755000000001],[-118.6647,34.7832000000001],[-118.616800001,34.7832000000001],[-118.6075,34.7762000000001],[-118.5964,34.7757],[-118.5944,34.7665000000001],[-118.5979,34.7578],[-118.5902,34.7525000000001],[-118.5927,34.7462],[-118.5879,34.7398000000001],[-118.5902,34.7349],[-118.5716,34.7293000000001],[-118.5731,34.7191],[-118.5666,34.7178000000001],[-118.5604,34.7128000000001],[-118.560499999,34.708],[-118.555,34.7079000000001],[-118.555,34.7115000000001],[-118.5357,34.7078000000001],[-118.4346,34.6746000000001],[-118.4356,34.6645],[-118.4243,34.6483000000001],[-118.4426,34.6416]]]},"properties":{"AlertID":200,"Identifier":"OnSolve-f1ed7110659a4627bd04605c17589c74","Sent":1737557100000,"Sender":"warning.center@oes.ca.gov","Effective":"2025-01-22T17:45:12-05:00","Onset":null,"Expires":1737571500000,"Headline":"Fire Warning","Description":null,"Instruction":null,"Web":null,"CMAMtext":"LACoFD: Fast moving wildfire. EVACUATION WARNING. PREPARE TO LEAVE. Alertla.org","CMAMlongtext":"LA COUNTY FIRE 1/22/25 2:45 PM : FAST MOVING WILDFIRE. AN EVACUATION WARNING HAS BEEN ISSUED FOR North of Castaic. PREPARE TO LEAVE. Follow instructions from emergency personnel. Gather pets, medications, and belongings. Dial 9-1-1 for emergency help. Visit alertla.org for more information.","CMAMtextSpanish":"LACoFD: Incendio forestal. ADVERTENCIA DE EVACUACION. PREPARATE PARA SALIR. Alertla.org","CMAMlongtextSpanish":"LA COUNTY FIRE 1/22/25 2:45 PM: INCENDIO QUE SE MUEVE RAPIDAMENTE EN SU AREA. SE HA EMITIDO UNA ADVERTENCIA DE EVACUACION PARA Norte de Castaic. PREPARATE PARA SALIR. Siga las instrucciones del personal. Reuna a las mascotas, sus medicamentos y sus pertenencias. Llame al 9-1-1 para obtener ayuda de emergencia. Visite alertla.org para mas informacion.","SameCode":null,"Status":"Actual","MsgType":"Alert","Scope":"Public","Code":"IPAWSv1.0","Reference":null,"Language":"es-US","Category":"Fire","Event":"Fire Warning","ResponseType":"Prepare","Urgency":"Immediate","Severity":"Extreme","Certainty":"Observed","EventCode":"SAME:FRW, SAME:FRW","SenderName":"200155,CA California Governor's Office of Emergency Services,","Parameters":"EAS-ORG:CIV, BLOCKCHANNEL:EAS, BLOCKCHANNEL:NWEM, WEAHandling:Imminent Threat, LACoFD: Fast moving wildfire. EVACUATION WARNING. PREPARE TO LEAVE. Alertla.org, LA COUNTY FIRE 1/22/25 2:45 PM : FAST MOVING WILDFIRE. AN EVACUATION WARNING HAS BEEN ISSUED FOR North of Castaic. PREPARE TO LEAVE. Follow instructions from emergency personnel. Gather pets, medications, and belongings. Dial 9-1-1 for emergency help. Visit alertla.org for more information., timezone:PST, EAS-ORG:CIV, BLOCKCHANNEL:EAS, BLOCKCHANNEL:NWEM, WEAHandling:Imminent Threat, LACoFD: Incendio forestal. ADVERTENCIA DE EVACUACION. PREPARATE PARA SALIR. Alertla.org, LA COUNTY FIRE 1/22/25 2:45 PM: INCENDIO QUE SE MUEVE RAPIDAMENTE EN SU AREA. SE HA EMITIDO UNA ADVERTENCIA DE EVACUACION PARA Norte de Castaic. PREPARATE PARA SALIR. Siga las instrucciones del personal. Reuna a las mascotas, sus medicamentos y sus pertenencias. Llame al 9-1-1 para obtener ayuda de emergencia. Visite alertla.org para mas informacion., timezone:PST","Area":null,"Signature":null,"AreaDescription":"CA California Governor's Office of Emergency Services","FipsCode":"006037, 006037","GeoCodes":"","Circle":null,"CreateDate":1737557100000,"Shape__Area":0.036618434983211046,"Shape__Length":1.7792956138085567,"DateRange":null}},{"type":"Feature","id":201,"geometry":{"type":"Polygon","coordinates":[[[-118.4422,34.6432],[-118.4448,34.6379000000001],[-118.4497,34.6358000000001],[-118.4513,34.6313000000001],[-118.4637,34.6239],[-118.465699999,34.6215],[-118.4652,34.6202000000001],[-118.467,34.6158],[-118.4713,34.6165],[-118.4783,34.6109000000001],[-118.4803,34.6111000000001],[-118.4842,34.6078000000001],[-118.4849,34.6050000000001],[-118.4892,34.6030000000001],[-118.489000001,34.6007000000001],[-118.4909,34.6005000000001],[-118.493,34.5982000000001],[-118.4924,34.5980000000001],[-118.4928,34.5965],[-118.4914,34.5971000000001],[-118.4921,34.5942000000001],[-118.4864,34.5956],[-118.4828,34.5942000000001],[-118.4796,34.5973000000001],[-118.4794,34.5935000000001],[-118.4639,34.5906000000001],[-118.4595,34.5918],[-118.4552,34.5893],[-118.4552,34.5858000000001],[-118.4596,34.5790000000001],[-118.4599,34.5761000000001],[-118.4652,34.5691],[-118.4775,34.5661000000001],[-118.489,34.5615],[-118.4977,34.556],[-118.5139,34.5500000000001],[-118.5144,34.5518000000001],[-118.52,34.5547],[-118.5196,34.559],[-118.5282,34.559],[-118.5282,34.5563000000001],[-118.5306,34.5561000000001],[-118.5321,34.5665000000001],[-118.5279,34.5693000000001],[-118.5274,34.5784],[-118.5324,34.5795000000001],[-118.5345,34.5788000000001],[-118.5428,34.5715000000001],[-118.544099999,34.5677000000001],[-118.5416,34.5650000000001],[-118.5427,34.5606000000001],[-118.546,34.5611000000001],[-118.5489,34.5600000000001],[-118.5527,34.5614],[-118.5589,34.5584000000001],[-118.5617,34.5587],[-118.5617,34.5607000000001],[-118.5562,34.5633],[-118.5557,34.5646],[-118.5593,34.5708000000001],[-118.556,34.5796],[-118.5608,34.5839],[-118.5601,34.5860000000001],[-118.5614,34.5864],[-118.5623,34.5907],[-118.5617,34.5928000000001],[-118.5647,34.5940000000001],[-118.558,34.6023000000001],[-118.5571,34.6048000000001],[-118.561,34.6035000000001],[-118.5608,34.6082000000001],[-118.5632,34.6101],[-118.5609,34.6127000000001],[-118.562300001,34.6185],[-118.5603,34.621],[-118.5519,34.6248000000001],[-118.5444,34.6306000000001],[-118.5304,34.6344],[-118.5298,34.6349000000001],[-118.5291,34.6388000000001],[-118.518200001,34.645],[-118.5112,34.645],[-118.5036,34.6429000000001],[-118.5037,34.6408000000001],[-118.5021,34.6404000000001],[-118.4905,34.6461],[-118.481199999,34.6532],[-118.4803,34.6510000000001],[-118.4775,34.6521000000001],[-118.4769,34.6498],[-118.4711,34.6482],[-118.471,34.6489],[-118.4586,34.6463000000001],[-118.4511,34.6461],[-118.4422,34.6432]]]},"properties":{"AlertID":201,"Identifier":"OnSolve-48bf5aad44a145c5901cbf96196b2053","Sent":1737560040000,"Sender":"warning.center@oes.ca.gov","Effective":"2025-01-22T18:33:34-05:00","Onset":null,"Expires":1737574440000,"Headline":"Fire Warning","Description":null,"Instruction":null,"Web":null,"CMAMtext":"LACoFD: Fast moving wildfire. EVACUATION ORDER. LEAVE NOW. Alertla.org","CMAMlongtext":"LA COUNTY FIRE 1/22/25 3:30 PM: FAST MOVING WILDFIRE. AN EVACUATION ORDER HAS BEEN ISSUED FOR Ruby Canyon and Tule Canyon. LEAVE NOW. Follow instructions from emergency personnel. Dial 9-1-1 for emergency help. Visit alertla.org for more information.","CMAMtextSpanish":"LACoFD: Incendio forestal. ORDEN DE EVACUACION. SALGA AHORA. Alertla.org","CMAMlongtextSpanish":"LA COUNTY FIRE 1/22/25 3:30 PM: INCENDIO QUE SE MUEVE RAPIDAMENTE. SE HA EMITIDO UNA ORDEN DE EVACUACION PARA Ruby Canyon y Tule Canyon. SALGA AHORA. Siga las instrucciones del personal de emergencia. Llame al 9-1-1 para obtener ayuda de emergencia. Visite alertla.org para mas informacion.","SameCode":null,"Status":"Actual","MsgType":"Alert","Scope":"Public","Code":"IPAWSv1.0","Reference":null,"Language":"es-US","Category":"Fire","Event":"Fire Warning","ResponseType":"Evacuate","Urgency":"Immediate","Severity":"Extreme","Certainty":"Observed","EventCode":"SAME:FRW, SAME:FRW","SenderName":"200155,CA California Governor's Office of Emergency Services,","Parameters":"EAS-ORG:CIV, BLOCKCHANNEL:EAS, BLOCKCHANNEL:NWEM, WEAHandling:Imminent Threat, LACoFD: Fast moving wildfire. EVACUATION ORDER. LEAVE NOW. Alertla.org, LA COUNTY FIRE 1/22/25 3:30 PM: FAST MOVING WILDFIRE. AN EVACUATION ORDER HAS BEEN ISSUED FOR Ruby Canyon and Tule Canyon. LEAVE NOW. Follow instructions from emergency personnel. Dial 9-1-1 for emergency help. Visit alertla.org for more information., timezone:PST, EAS-ORG:CIV, BLOCKCHANNEL:EAS, BLOCKCHANNEL:NWEM, WEAHandling:Imminent Threat, LACoFD: Incendio forestal. ORDEN DE EVACUACION. SALGA AHORA. Alertla.org, LA COUNTY FIRE 1/22/25 3:30 PM: INCENDIO QUE SE MUEVE RAPIDAMENTE. SE HA EMITIDO UNA ORDEN DE EVACUACION PARA Ruby Canyon y Tule Canyon. SALGA AHORA. Siga las instrucciones del personal de emergencia. Llame al 9-1-1 para obtener ayuda de emergencia. Visite alertla.org para mas informacion., timezone:PST","Area":null,"Signature":null,"AreaDescription":"CA California Governor's Office of Emergency Services","FipsCode":"006037, 006037","GeoCodes":"","Circle":null,"CreateDate":1737560040000,"Shape__Area":0.0074520050072806043,"Shape__Length":0.52418280604516365,"DateRange":null}},{"type":"Feature","id":202,"geometry":{"type":"Polygon","coordinates":[[[-118.4595,34.5915000000001],[-118.465299999,34.5899000000001],[-118.4692,34.5915000000001],[-118.4718,34.5911],[-118.48,34.5929],[-118.4801,34.5953000000001],[-118.4822,34.5933000000001],[-118.4849,34.5944000000001],[-118.4904,34.5940000000001],[-118.4905,34.5936],[-118.4929,34.5931],[-118.4921,34.5963],[-118.4932,34.5959],[-118.4927,34.5977],[-118.4938,34.5981],[-118.491,34.6011],[-118.4895,34.6012000000001],[-118.4896,34.6032000000001],[-118.4857,34.6050000000001],[-118.4849,34.6087000000001],[-118.481,34.611],[-118.480899999,34.6115],[-118.4791,34.6113],[-118.4764,34.6142],[-118.4712,34.6173000000001],[-118.4677,34.6161000000001],[-118.4673,34.6164000000001],[-118.4656,34.6204000000001],[-118.4661,34.6218000000001],[-118.4632,34.6254000000001],[-118.4616,34.6262],[-118.4614,34.6271],[-118.46,34.6267],[-118.4564,34.6292],[-118.456499999,34.6299000000001],[-118.4557,34.6297000000001],[-118.4512,34.6327000000001],[-118.4499,34.6365000000001],[-118.4482,34.6366],[-118.4472,34.6382],[-118.446099999,34.6383000000001],[-118.4436,34.6411000000001],[-118.4439,34.6425],[-118.4424,34.6437],[-118.439,34.6447000000001],[-118.4352,34.6445000000001],[-118.435,34.6453000000001],[-118.4312,34.6471000000001],[-118.428,34.648],[-118.4264,34.6472000000001],[-118.4227,34.6492000000001],[-118.4183,34.6483000000001],[-118.4155,34.6487000000001],[-118.4144,34.6474000000001],[-118.414,34.6484],[-118.4092,34.6481000000001],[-118.4073,34.6469000000001],[-118.4076,34.6454000000001],[-118.4055,34.6458000000001],[-118.406400001,34.6442000000001],[-118.4055,34.6439],[-118.4055,34.6425],[-118.4038,34.6429000000001],[-118.4036,34.6414],[-118.4013,34.6417000000001],[-118.3974,34.6399000000001],[-118.3915,34.6396],[-118.3907,34.6404000000001],[-118.3894,34.6399000000001],[-118.3804,34.6398],[-118.3952,34.6312],[-118.4089,34.626],[-118.417299999,34.6194],[-118.4239,34.6156],[-118.4284,34.6137000000001],[-118.4322,34.6138],[-118.4445,34.6083],[-118.4458,34.607],[-118.448,34.6018],[-118.4484,34.5972],[-118.45,34.5940000000001],[-118.4541,34.5925],[-118.4585,34.5933000000001],[-118.4595,34.5915000000001]]]},"properties":{"AlertID":202,"Identifier":"OnSolve-ef9db670621d4a2c9b7ffe6b73f9dabe","Sent":1737560400000,"Sender":"warning.center@oes.ca.gov","Effective":"2025-01-22T18:39:32-05:00","Onset":null,"Expires":1737574800000,"Headline":"Fire Warning","Description":null,"Instruction":null,"Web":null,"CMAMtext":"LACoFD: Fast moving wildfire. EVACUATION WARNING. PREPARE TO LEAVE. Alertla.org","CMAMlongtext":"LA COUNTY FIRE 1/22/25 3:35 PM: FAST MOVING WILDFIRE. AN EVACUATION WARNING HAS BEEN ISSUED FOR Northeast of Castaic. PREPARE TO LEAVE. Follow instructions from emergency personnel. Gather pets, medications, and belongings. Dial 9-1-1 for emergency help. Visit alertla.org for more information.","CMAMtextSpanish":"LACoFD: Incendio forestal. ADVERTENCIA DE EVACUACION. PREPARATE PARA SALIR. Alertla.org","CMAMlongtextSpanish":"LA COUNTY FIRE 1/22/25 3:35 PM: INCENDIO QUE SE MUEVE RAPIDAMENTE EN SU AREA. SE HA EMITIDO UNA ADVERTENCIA DE EVACUACION PARA el nordeste de Castaic. PREPARATE PARA SALIR. Siga las instrucciones del personal de emergencia. Reuna a las mascotas, sus medicamentos y sus pertenencias. Llame al 9-1-1 para obtener ayuda de emergencia. Visite alertla.org","SameCode":null,"Status":"Actual","MsgType":"Alert","Scope":"Public","Code":"IPAWSv1.0","Reference":null,"Language":"es-US","Category":"Fire","Event":"Fire Warning","ResponseType":"Prepare","Urgency":"Immediate","Severity":"Extreme","Certainty":"Observed","EventCode":"SAME:FRW, SAME:FRW","SenderName":"200155,CA California Governor's Office of Emergency Services,","Parameters":"EAS-ORG:CIV, BLOCKCHANNEL:EAS, BLOCKCHANNEL:NWEM, WEAHandling:Imminent Threat, LACoFD: Fast moving wildfire. EVACUATION WARNING. PREPARE TO LEAVE. Alertla.org, LA COUNTY FIRE 1/22/25 3:35 PM: FAST MOVING WILDFIRE. AN EVACUATION WARNING HAS BEEN ISSUED FOR Northeast of Castaic. PREPARE TO LEAVE. Follow instructions from emergency personnel. Gather pets, medications, and belongings. Dial 9-1-1 for emergency help. Visit alertla.org for more information., timezone:PST, EAS-ORG:CIV, BLOCKCHANNEL:EAS, BLOCKCHANNEL:NWEM, WEAHandling:Imminent Threat, LACoFD: Incendio forestal. ADVERTENCIA DE EVACUACION. PREPARATE PARA SALIR. Alertla.org, LA COUNTY FIRE 1/22/25 3:35 PM: INCENDIO QUE SE MUEVE RAPIDAMENTE EN SU AREA. SE HA EMITIDO UNA ADVERTENCIA DE EVACUACION PARA el nordeste de Castaic. PREPARATE PARA SALIR. Siga las instrucciones del personal de emergencia. Reuna a las mascotas, sus medicamentos y sus pertenencias. Llame al 9-1-1 para obtener ayuda de emergencia. Visite alertla.org, timezone:PST","Area":null,"Signature":null,"AreaDescription":"CA California Governor's Office of Emergency Services","FipsCode":"006037, 006037","GeoCodes":"","Circle":null,"CreateDate":1737560400000,"Shape__Area":0.0026192200039076852,"Shape__Length":0.29669736295274618,"DateRange":null}},{"type":"Feature","id":203,"geometry":{"type":"Polygon","coordinates":[[[-118.4752,34.0895],[-118.475,34.0862000000001],[-118.4747,34.0839],[-118.470000001,34.0803000000001],[-118.4664,34.0707],[-118.4809,34.0703],[-118.4857,34.0778],[-118.4885,34.0889],[-118.4752,34.0895]]]},"properties":{"AlertID":203,"Identifier":"1897586881927333","Sent":1737590040000,"Sender":"200277_LA_City_Public_Alerts_City_of_Los_Angeles","Effective":null,"Onset":null,"Expires":1737604440000,"Headline":"Wildfire Evacuation Warning-Sepulveda Fire","Description":null,"Instruction":"LAFD:  Evacuation Warning for Sepulveda Fire at Chalon/405/Getty/Moraga. Prepare to evacuate by gathering supplies, pets, and loved ones. Monitor local news, LAFD social media, and www.lafd.org/alerts for maps and info.\n\nLAFD: Preparese para evacuar el incendio Sepulveda Fire. Area con potencial de evacuacion es Chalon/405/Getty/Moraga. Se aconseja que todos los presentes preparen para evacuar. Junten suministros y su familia. Escuche las noticias locales, las redes sociales de LAFD, y www.lafd.org/alerts para obtener mapas y informacion.","Web":"https://www.lafd.org/alerts","CMAMtext":"LAFD: Wildfire evacuation warning for Chalon/405/Getty/Moraga. lafd.org/alerts","CMAMlongtext":"LAFD: Evacuation Warning for Sepulveda Fire at Chalon/405/Getty/Moraga. Prepare to evacuate by gathering supplies, pets, and loved ones. Monitor local news, LAFD social media, and www.lafd.org/alerts for maps and info.","CMAMtextSpanish":"LAFD: Preparese para evacuar el area Chalon/405/Getty/Moraga. lafd.org/alerts","CMAMlongtextSpanish":"LAFD: Preparese para evacuar el incendio Sepulveda Fire. Area con potencial de evacuacion es Chalon/405/Getty/Moraga. Se aconseja que todos los presentes preparen para evacuar. Junten suministros y su familia. Escuche las noticias locales, las redes sociales de LAFD, y www.lafd.org/alerts para obtener mapas y informacion.","SameCode":null,"Status":"Actual","MsgType":"Alert","Scope":"Public","Code":"IPAWSv1.0","Reference":null,"Language":"es-US","Category":"Geo","Event":"Fire Warning","ResponseType":null,"Urgency":"Immediate","Severity":"Extreme","Certainty":"Observed","EventCode":"SAME:FRW, SAME:FRW","SenderName":"200277,LA City Public Alerts,City of Los Angeles","Parameters":"BLOCKCHANNEL:CAPEXCH, BLOCKCHANNEL:NWEM, BLOCKCHANNEL:EAS, EAS-ORG:CIV, LAFD: Wildfire evacuation warning for Chalon/405/Getty/Moraga. lafd.org/alerts, LAFD: Evacuation Warning for Sepulveda Fire at Chalon/405/Getty/Moraga. Prepare to evacuate by gathering supplies, pets, and loved ones. Monitor local news, LAFD social media, and www.lafd.org/alerts for maps and info., WEAHandling:Imminent Threat, timezone:PST, BLOCKCHANNEL:CAPEXCH, BLOCKCHANNEL:NWEM, BLOCKCHANNEL:EAS, EAS-ORG:CIV, LAFD: Preparese para evacuar el area Chalon/405/Getty/Moraga. lafd.org/alerts, LAFD: Preparese para evacuar el incendio Sepulveda Fire. Area con potencial de evacuacion es Chalon/405/Getty/Moraga. Se aconseja que todos los presentes preparen para evacuar. Junten suministros y su familia. Escuche las noticias locales, las redes sociales de LAFD, y www.lafd.org/alerts para obtener mapas y informacion., WEAHandling:Imminent Threat, timezone:PST","Area":null,"Signature":null,"AreaDescription":"Los Angeles","FipsCode":"006037, 006037","GeoCodes":"","Circle":null,"CreateDate":1737590100000,"Shape__Area":0.0002760449929155584,"Shape__Length":0.069969889439459476,"DateRange":null}},{"type":"Feature","id":204,"geometry":{"type":"Polygon","coordinates":[[[-118.466400001,34.0724000000001],[-118.4724,34.0802],[-118.4752,34.0891],[-118.4647,34.0891],[-118.458,34.0828000000001],[-118.4545,34.0756000000001],[-118.466400001,34.0724000000001]]]},"properties":{"AlertID":204,"Identifier":"1891677006993662","Sent":1737590400000,"Sender":"200277_LA_City_Public_Alerts_City_of_Los_Angeles","Effective":null,"Onset":null,"Expires":1737604800000,"Headline":"Wildfire Evacuation Warning-Sepulveda Fire","Description":null,"Instruction":"LAFD:  Evacuation Warning for Sepulveda Fire at Chalon/405/Getty/Moraga. Prepare to evacuate by gathering supplies, pets, and loved ones. Monitor local news, LAFD social media, and www.lafd.org/alerts for maps and info.\n\nLAFD: Preparese para evacuar el incendio Sepulveda Fire. Area con potencial de evacuacion es Chalon/405/Getty/Moraga. Se aconseja que todos los presentes preparen para evacuar. Junten suministros y su familia. Escuche las noticias locales, las redes sociales de LAFD, y www.lafd.org/alerts para obtener mapas y informacion.","Web":"https://www.lafd.org/alerts","CMAMtext":"LAFD: Wildfire evacuation warning for Chalon/405/Getty/Moraga. lafd.org/alerts","CMAMlongtext":"LAFD: Evacuation Warning for Sepulveda Fire at Chalon/405/Getty/Moraga. Prepare to evacuate by gathering supplies, pets, and loved ones. Monitor local news, LAFD social media, and www.lafd.org/alerts for maps and info.","CMAMtextSpanish":"LAFD: Preparese para evacuar el area Chalon/405/Getty/Moraga. lafd.org/alerts","CMAMlongtextSpanish":"LAFD: Preparese para evacuar el incendio Sepulveda Fire. Area con potencial de evacuacion es Chalon/405/Getty/Moraga. Se aconseja que todos los presentes preparen para evacuar. Junten suministros y su familia. Escuche las noticias locales, las redes sociales de LAFD, y www.lafd.org/alerts para obtener mapas y informacion.","SameCode":null,"Status":"Actual","MsgType":"Alert","Scope":"Public","Code":"IPAWSv1.0","Reference":null,"Language":"es-US","Category":"Geo","Event":"Fire Warning","ResponseType":null,"Urgency":"Immediate","Severity":"Extreme","Certainty":"Observed","EventCode":"SAME:FRW, SAME:FRW","SenderName":"200277,LA City Public Alerts,City of Los Angeles","Parameters":"BLOCKCHANNEL:CAPEXCH, BLOCKCHANNEL:NWEM, BLOCKCHANNEL:EAS, EAS-ORG:CIV, LAFD: Wildfire evacuation warning for Chalon/405/Getty/Moraga. lafd.org/alerts, LAFD: Evacuation Warning for Sepulveda Fire at Chalon/405/Getty/Moraga. Prepare to evacuate by gathering supplies, pets, and loved ones. Monitor local news, LAFD social media, and www.lafd.org/alerts for maps and info., WEAHandling:Imminent Threat, timezone:PST, BLOCKCHANNEL:CAPEXCH, BLOCKCHANNEL:NWEM, BLOCKCHANNEL:EAS, EAS-ORG:CIV, LAFD: Preparese para evacuar el area Chalon/405/Getty/Moraga. lafd.org/alerts, LAFD: Preparese para evacuar el incendio Sepulveda Fire. Area con potencial de evacuacion es Chalon/405/Getty/Moraga. Se aconseja que todos los presentes preparen para evacuar. Junten suministros y su familia. Escuche las noticias locales, las redes sociales de LAFD, y www.lafd.org/alerts para obtener mapas y informacion., WEAHandling:Imminent Threat, timezone:PST","Area":null,"Signature":null,"AreaDescription":"Los Angeles","FipsCode":"006037, 006037","GeoCodes":"","Circle":null,"CreateDate":1737590460000,"Shape__Area":0.00021319500274330494,"Shape__Length":0.059195895762792515,"DateRange":null}},{"type":"Feature","id":205,"geometry":{"type":"Polygon","coordinates":[[[-118.4752,34.0895],[-118.475,34.0862000000001],[-118.4747,34.0839],[-118.470000001,34.0803000000001],[-118.4664,34.0707],[-118.4809,34.0703],[-118.4857,34.0778],[-118.4885,34.0889],[-118.4752,34.0895]]]},"properties":{"AlertID":205,"Identifier":"1898755112998823","Sent":1737591120000,"Sender":"City_of_Los_Angeles","Effective":null,"Onset":null,"Expires":1737605520000,"Headline":"Wildfire Evacuation Warning-Sepulveda Fire","Description":null,"Instruction":"LAFD:  Evacuation Warning for Sepulveda Fire at Chalon/405/Getty/Moraga. Prepare to evacuate by gathering supplies, pets, and loved ones. Monitor local news, LAFD social media, and www.lafd.org/alerts for maps and info.\n\nLAFD: Preparese para evacuar el incendio Sepulveda Fire. Area con potencial de evacuacion es Chalon/405/Getty/Moraga. Se aconseja que todos los presentes preparen para evacuar. Junten suministros y su familia. Escuche las noticias locales, las redes sociales de LAFD, y www.lafd.org/alerts para obtener mapas y informacion.","Web":"https://www.lafd.org/alerts","CMAMtext":"LAFD: Wildfire evacuation warning for Chalon/405/Getty/Moraga. lafd.org/alerts","CMAMlongtext":"LAFD: Evacuation Warning for Sepulveda Fire at Chalon/405/Getty/Moraga. Prepare to evacuate by gathering supplies, pets, and loved ones. Monitor local news, LAFD social media, and www.lafd.org/alerts for maps and info.","CMAMtextSpanish":"LAFD: Preparese para evacuar el area Chalon/405/Getty/Moraga. lafd.org/alerts","CMAMlongtextSpanish":"LAFD: Preparese para evacuar el incendio Sepulveda Fire. Area con potencial de evacuacion es Chalon/405/Getty/Moraga. Se aconseja que todos los presentes preparen para evacuar. Junten suministros y su familia. Escuche las noticias locales, las redes sociales de LAFD, y www.lafd.org/alerts para obtener mapas y informacion.","SameCode":null,"Status":"Actual","MsgType":"Cancel","Scope":"Public","Code":"IPAWSv1.0","Reference":"200277_LA_City_Public_Alerts_City_of_Los_Angeles,1897586881927333,2025-01-22T23:54:14-08:00","Language":"es-US","Category":"Geo","Event":"Fire Warning","ResponseType":null,"Urgency":"Immediate","Severity":"Extreme","Certainty":"Observed","EventCode":"SAME:FRW, SAME:FRW","SenderName":"City of Los Angeles","Parameters":"BLOCKCHANNEL:CAPEXCH, BLOCKCHANNEL:NWEM, BLOCKCHANNEL:EAS, EAS-ORG:CIV, LAFD: Wildfire evacuation warning for Chalon/405/Getty/Moraga. lafd.org/alerts, LAFD: Evacuation Warning for Sepulveda Fire at Chalon/405/Getty/Moraga. Prepare to evacuate by gathering supplies, pets, and loved ones. Monitor local news, LAFD social media, and www.lafd.org/alerts for maps and info., WEAHandling:Imminent Threat, timezone:PST, BLOCKCHANNEL:CAPEXCH, BLOCKCHANNEL:NWEM, BLOCKCHANNEL:EAS, EAS-ORG:CIV, LAFD: Preparese para evacuar el area Chalon/405/Getty/Moraga. lafd.org/alerts, LAFD: Preparese para evacuar el incendio Sepulveda Fire. Area con potencial de evacuacion es Chalon/405/Getty/Moraga. Se aconseja que todos los presentes preparen para evacuar. Junten suministros y su familia. Escuche las noticias locales, las redes sociales de LAFD, y www.lafd.org/alerts para obtener mapas y informacion., WEAHandling:Imminent Threat, timezone:PST","Area":null,"Signature":null,"AreaDescription":"Los Angeles","FipsCode":"006037, 006037","GeoCodes":"","Circle":null,"CreateDate":1737591180000,"Shape__Area":0.0002760449929155584,"Shape__Length":0.069969889439459476,"DateRange":null}}]}